Fodelseregion,Kon,Alder,000005LV 2021,000005LV 2022,000005LV 2023,000005LV 2024,000005LU 2021,000005LU 2022,000005LU 2023,000005LU 2024,000005LW 2021,000005LW 2022,000005LW 2023,000005LW 2024,000005LY 2021,000005LY 2022,000005LY 2023,000005LY 2024,000005LX 2021,000005LX 2022,000005LX 2023,000005LX 2024
300,1,0,56787,55792,55076,54924,97,95,92,91,119,119,121,114,43,43,43,43,28393.5,27896.0,27538.0,27462.0
300,1,1,58046,56657,55664,54948,18,18,17,17,113,111,110,108,228,223,221,219,58112.5,56722.0,55728.0,55012.0
300,1,2,58806,57911,56525,55534,7,7,6,6,107,105,104,103,236,233,230,227,58874.0,57978.5,56591.0,55599.0
300,1,3,59195,58648,57756,56375,4,4,4,4,95,94,93,93,250,248,244,239,59274.5,58727.0,57833.5,56450.0
300,1,4,58873,59013,58468,57579,4,4,4,4,77,77,77,78,254,255,253,251,58963.5,59104.0,58558.0,57667.5
300,1,5,60495,58677,58816,58273,4,3,3,3,80,79,79,79,280,272,273,271,60597.0,58775.0,58914.5,58370.5
300,1,6,58898,60281,58471,58609,3,3,3,3,84,83,82,81,287,294,285,285,59001.0,60388.0,58574.0,58712.5
300,1,7,58110,58711,60087,58284,3,3,3,3,89,88,86,85,269,272,277,269,58201.5,58804.5,60184.0,58377.5
300,1,8,57080,57973,58569,59937,2,2,2,3,98,96,94,92,228,231,234,239,57146.0,58041.5,58640.0,60012.0
300,1,9,56783,56979,57866,58458,2,2,2,2,104,101,98,96,200,200,203,205,56832.0,57029.5,57919.5,58513.5
300,1,10,55833,56708,56901,57782,2,2,2,2,103,100,97,94,171,173,173,176,55868.0,56745.5,56940.0,57824.0
300,1,11,57949,55784,56654,56844,3,3,3,3,102,99,96,93,151,145,147,147,57975.0,55808.5,56681.0,56872.5
300,1,12,56082,57914,55751,56617,3,3,3,3,96,94,91,89,121,126,121,123,56096.0,57931.5,55767.5,56635.5
300,1,13,55041,56059,57886,55726,4,4,4,4,86,84,82,80,101,103,106,101,55050.5,56070.5,57900.0,55738.5
300,1,14,53898,55032,56046,57869,5,5,5,5,83,81,79,78,83,85,87,90,53900.5,55036.5,56052.5,57877.5
300,1,15,53305,53892,55023,56035,6,6,6,6,75,73,72,70,72,73,75,75,53306.5,53895.0,55027.5,56040.5
300,1,16,50983,53309,53895,55024,8,8,8,8,68,66,66,65,52,54,55,56,50979.0,53307.0,53893.5,55023.5
300,1,17,51055,50998,53321,53906,11,11,12,12,65,65,65,65,39,39,41,42,51047.5,50990.5,53315.0,53900.5
300,1,18,50038,51063,51006,53327,15,15,15,15,64,65,65,65,41,42,42,44,50034.0,51059.0,51002.0,53324.0
300,1,19,48168,50012,51037,50981,19,19,20,19,61,62,64,66,66,69,70,72,48180.0,50025.0,51050.0,50993.5
300,1,20,46088,48128,49969,50993,22,23,24,24,67,70,72,75,83,87,91,95,46107.0,48148.0,49990.5,51015.0
300,1,21,45644,46044,48080,49919,26,26,27,27,74,77,80,84,94,95,101,107,45667.0,46066.0,48104.0,49944.0
300,1,22,44156,45591,45992,48024,28,29,29,30,79,82,86,90,103,106,109,116,44182.0,45617.5,46018.0,48052.0
300,1,23,44770,44103,45534,45935,31,30,31,31,97,99,102,105,124,122,128,131,44799.0,44129.5,45562.5,45963.5
300,1,24,44874,44700,44036,45462,32,32,31,32,107,109,112,114,147,147,148,154,44910.0,44735.0,44069.5,45498.0
300,1,25,46955,44793,44619,43959,35,33,33,32,119,121,122,123,175,169,170,168,47000.5,44833.5,44659.5,43997.5
300,1,26,50974,46860,44707,44535,40,36,34,34,128,129,129,130,202,188,181,180,51031.0,46907.5,44750.0,44577.0
300,1,27,54642,50865,46770,44627,43,40,36,34,139,138,138,138,222,207,192,184,54705.0,50919.5,46815.0,44667.0
300,1,28,57055,54521,50760,46683,46,44,40,37,138,138,138,138,224,215,203,188,57121.0,54581.5,50812.5,46726.5
300,1,29,59658,56932,54408,50663,48,45,43,39,147,146,145,144,232,224,215,202,59724.5,56993.5,54464.5,50711.5
300,1,30,60153,59530,56814,54300,48,47,45,42,147,146,144,144,228,227,217,210,60217.5,59594.0,56873.0,54354.0
300,1,31,60019,60024,59402,56697,48,48,47,44,139,138,137,137,219,219,218,210,60083.0,60088.5,59466.0,56755.5
300,1,32,56157,59906,59909,59289,45,47,47,46,130,130,130,130,183,196,198,197,56206.0,59962.5,59966.5,59345.5
300,1,33,54283,56067,59800,59803,43,44,46,46,122,122,122,123,162,168,182,183,54324.5,56112.0,59853.0,59856.0
300,1,34,50022,54196,55974,59695,41,44,45,47,107,108,109,110,138,151,157,168,50058.0,54239.5,56020.5,59747.5
300,1,35,48816,49943,54103,55876,40,40,43,44,98,99,101,102,134,138,151,156,48854.0,49982.5,54149.5,55925.0
300,1,36,47263,48745,49869,54016,38,39,40,42,95,96,97,98,124,128,131,143,47296.5,48780.5,49906.0,54059.5
300,1,37,44794,47201,48678,49800,37,38,39,40,92,93,94,95,110,117,122,124,44821.5,47232.0,48711.5,49834.5
300,1,38,43733,44740,47140,48614,37,38,39,40,89,90,91,91,103,106,113,115,43758.5,44767.0,47170.5,48646.0
300,1,39,44006,43682,44687,47081,38,37,37,39,87,87,88,89,101,101,104,109,44032.0,43707.5,44713.5,47110.5
300,1,40,44036,43958,43635,44638,40,39,38,38,87,87,87,88,96,96,96,99,44060.5,43982.0,43658.5,44662.5
300,1,41,45467,43992,43914,43593,43,41,40,39,88,87,87,87,93,90,91,90,45491.0,44014.0,43936.0,43614.0
300,1,42,44951,45422,43951,43874,43,43,41,40,83,83,83,83,84,85,83,83,44973.0,45444.5,43971.5,43894.0
300,1,43,43446,44906,45376,43910,45,46,46,43,80,80,80,79,76,79,80,77,43466.5,44928.5,45399.0,43930.5
300,1,44,45021,43405,44861,45329,51,49,50,49,82,82,82,80,77,74,77,78,45044.0,43425.5,44883.5,45352.5
300,1,45,45938,44978,43366,44818,54,52,50,50,81,80,79,78,72,71,68,71,45960.5,44999.5,43385.5,44839.5
300,1,46,48385,45888,44931,43323,62,58,56,53,79,78,77,76,73,70,68,66,48413.0,45913.0,44954.5,43344.5
300,1,47,51435,48326,45836,44882,72,67,62,60,79,78,77,76,74,70,67,65,51468.5,48355.5,45862.0,44906.5
300,1,48,51080,51362,48262,45778,81,79,73,68,81,79,78,75,72,73,69,65,51116.0,51398.5,48294.0,45807.0
300,1,49,52180,50998,51279,48188,92,90,88,82,76,75,73,72,69,67,68,64,52222.5,51039.0,51320.5,48225.0
300,1,50,52848,52087,50909,51189,108,100,96,95,74,72,70,69,65,65,63,64,52897.5,52133.5,50953.5,51234.0
300,1,51,50645,52739,51980,50807,116,113,111,106,68,66,65,64,59,62,61,60,50698.5,52793.5,52033.5,50858.0
300,1,52,49921,50538,52624,51870,119,114,117,112,65,64,62,61,56,57,60,59,49976.0,50591.5,52681.5,51925.0
300,1,53,52160,49795,50411,52491,146,131,130,133,64,62,61,60,59,57,58,60,52230.5,49858.0,50474.5,52557.5
300,1,54,55858,52005,49651,50266,174,153,144,143,61,60,59,58,66,62,59,60,55947.5,52082.5,49723.0,50338.5
300,1,55,56422,55677,51843,49501,187,175,159,149,62,61,59,58,67,67,62,59,56518.0,55767.5,51924.0,49576.0
300,1,56,55999,56214,55476,51662,210,199,192,175,61,59,58,57,68,68,67,63,56107.5,56318.0,55576.5,51752.5
300,1,57,55370,55775,55992,55260,227,217,214,207,60,59,58,56,66,66,66,65,55486.5,55887.0,56103.0,55368.0
300,1,58,51176,55126,55532,55751,228,232,229,226,56,55,54,53,62,67,68,68,51293.0,55248.0,55653.5,55871.5
300,1,59,47986,50926,54857,55265,243,243,257,254,53,52,51,51,55,59,63,64,48108.5,51051.0,54991.5,55398.5
300,1,60,46563,47732,50658,54569,255,247,257,272,48,47,46,46,53,54,57,62,46693.0,47859.0,50792.0,54713.0
300,1,61,44970,46284,47450,50362,275,268,270,279,45,44,44,43,53,55,56,60,45111.5,46423.5,47591.0,50510.0
300,1,62,46337,44670,45981,47144,311,284,285,287,41,40,40,40,58,56,58,59,46501.0,44820.0,46132.5,47297.0
300,1,63,46059,45990,44343,45649,342,324,306,309,39,39,39,38,62,62,60,61,46241.5,46163.5,44506.5,45815.0
300,1,64,45818,45677,45616,43991,380,359,351,331,37,36,36,36,59,59,59,57,46019.0,45868.0,45803.0,44167.0
300,1,65,46215,45400,45269,45216,431,401,390,381,37,36,35,35,54,53,53,54,46439.0,45609.0,45473.0,45416.0
300,1,66,44854,45761,44963,44841,458,443,426,416,35,35,34,33,45,46,45,45,45088.0,45988.0,45181.5,45055.0
300,1,67,43488,44376,45282,44502,490,474,474,455,36,35,34,33,38,39,39,39,43734.0,44615.0,45521.5,44732.5
300,1,68,44918,42997,43884,44789,543,493,492,491,34,33,32,31,33,31,32,33,45189.0,43242.5,44130.0,45035.5
300,1,69,44216,44359,42473,43359,594,564,529,527,37,35,34,32,30,30,29,30,44509.5,44638.5,42735.0,43621.5
300,1,70,43041,43615,43768,41919,646,619,608,570,35,33,32,30,14,15,15,14,43353.5,43915.5,44063.5,42196.0
300,1,71,44580,42401,42979,43143,729,657,651,638,33,31,30,28,15,14,15,15,44935.5,42721.0,43297.0,43455.5
300,1,72,45735,43835,41709,42291,835,758,704,699,29,28,26,25,15,15,14,14,46145.5,44207.5,42055.0,42635.0
300,1,73,46525,44895,43048,40976,930,851,796,742,27,26,24,23,16,15,15,14,46984.5,45315.0,43441.5,41342.5
300,1,74,46039,45548,43973,42183,1049,984,928,871,23,22,21,20,16,15,15,14,46560.0,46036.5,44434.0,42615.5
300,1,75,45937,44963,44506,42989,1166,1081,1046,987,21,20,19,18,16,15,15,15,46517.5,45501.0,45027.0,43481.0
300,1,76,45296,44738,43814,43392,1289,1204,1153,1117,22,20,19,18,15,15,15,15,45937.0,45337.5,44388.5,43949.0
300,1,77,42917,43950,43436,42566,1390,1349,1304,1250,19,18,17,17,15,15,15,15,43610.0,44623.0,44087.0,43190.0
300,1,78,38236,41472,42501,42033,1408,1447,1450,1404,17,16,16,15,13,14,15,14,38938.0,42194.5,43225.5,42734.5
300,1,79,33828,36798,39942,40964,1396,1438,1528,1535,14,13,12,12,12,13,14,14,34525.0,37517.0,40707.0,41732.5
300,2,0,53682,52741,52063,51920,88,86,84,83,119,118,120,113,41,41,41,41,26841.0,26370.5,26031.5,25960.0
300,2,1,54664,53562,52623,51945,18,17,17,16,109,108,106,105,213,211,207,207,54725.0,53622.0,52682.0,52004.0
300,2,2,55335,54543,53442,52505,6,6,6,6,102,101,99,98,219,216,213,210,55396.5,54603.5,53502.0,52564.0
300,2,3,56063,55188,54398,53301,4,4,4,4,91,90,90,89,236,233,231,226,56137.5,55261.5,54470.5,53371.5
300,2,4,55791,55894,55023,54235,4,4,4,4,76,75,75,75,240,240,236,234,55875.0,55978.5,55105.5,54316.5
300,2,5,57460,55607,55709,54842,3,3,3,3,74,73,73,73,263,254,255,251,57556.0,55699.0,55801.5,54932.5
300,2,6,54888,57258,55414,55515,3,3,3,3,73,72,72,72,260,271,262,263,54983.0,57359.0,55510.5,55612.0
300,2,7,54968,54712,57071,55235,3,3,3,2,74,73,73,73,247,246,257,250,55056.0,54800.0,57164.5,55324.5
300,2,8,53926,54829,54573,56922,2,2,2,2,80,79,78,78,212,216,215,225,53993.0,54898.5,54642.5,56996.5
300,2,9,53711,53827,54726,54470,2,2,2,2,86,84,83,82,181,181,184,183,53759.5,53876.5,54777.5,54521.5
300,2,10,53180,53639,53753,54647,2,2,2,2,86,84,83,82,153,154,155,159,53214.5,53675.0,53790.0,54686.5
300,2,11,54897,53135,53591,53703,3,3,3,3,89,88,86,84,133,130,131,131,54920.5,53157.5,53615.0,53728.0
300,2,12,52944,54863,53103,53556,3,3,3,3,86,84,83,81,111,115,112,113,52958.0,54880.0,53119.0,53573.5
300,2,13,51739,52927,54841,53082,3,3,4,3,82,80,78,77,92,94,96,95,51745.5,52935.5,54852.0,53092.5
300,2,14,50939,51730,52915,54824,4,4,4,4,78,77,75,73,80,82,83,86,50942.0,51734.5,52921.0,54832.5
300,2,15,50346,50925,51714,52896,5,5,5,5,71,70,68,67,77,79,79,81,50351.5,50932.0,51722.0,52905.5
300,2,16,48282,50343,50922,51709,6,6,6,6,66,64,64,63,58,61,61,62,48281.0,50344.5,50923.5,51711.5
300,2,17,47999,48301,50360,50937,7,7,7,7,68,67,67,65,41,41,43,43,47989.0,48291.5,50351.5,50929.5
300,2,18,47246,48027,48329,50387,8,8,8,8,69,71,71,72,34,35,35,37,47232.5,48013.0,48315.0,50373.5
300,2,19,45705,47219,47999,48301,9,9,9,9,74,76,78,81,90,94,97,100,45717.5,47232.5,48013.0,48315.0
300,2,20,43304,45648,47158,47937,9,9,9,9,83,87,90,93,125,135,142,146,43329.5,45676.5,47188.5,47968.0
300,2,21,42819,43244,45582,47088,10,10,10,10,94,98,102,106,144,148,158,166,42849.0,43274.0,45615.0,47123.0
300,2,22,41869,42760,43186,45516,10,10,10,10,105,109,113,117,153,158,161,173,41898.0,42789.5,43215.0,45549.0
300,2,23,41855,41810,42698,43123,10,10,10,10,117,120,123,126,167,169,175,179,41885.0,41839.5,42729.0,43154.5
300,2,24,42353,41786,41742,42626,11,10,10,10,130,131,133,135,190,190,191,197,42388.5,41820.5,41776.0,42662.0
300,2,25,44665,42284,41720,41675,12,11,11,11,144,144,145,145,212,202,200,201,44705.0,42318.5,41753.0,41708.5
300,2,26,47920,44584,42213,41651,13,12,11,11,155,154,154,154,239,223,214,212,47968.5,44624.5,42248.5,41685.5
300,2,27,52265,47831,44510,42151,15,13,12,11,162,161,160,159,256,237,222,210,52319.5,47875.5,44547.0,42182.0
300,2,28,54436,52171,47756,44450,16,15,14,13,170,168,167,166,256,247,228,213,54487.0,52218.0,47793.5,44480.0
300,2,29,56141,54345,52088,47693,17,17,16,14,165,164,163,162,244,238,230,211,56189.0,54390.5,52129.5,47724.5
300,2,30,56569,56050,54260,52011,18,18,17,16,159,158,158,157,232,231,226,218,56614.5,56095.5,54302.5,52049.5
300,2,31,57011,56485,55966,54182,19,19,19,18,149,148,148,148,215,213,213,208,57053.5,56527.0,56008.0,54221.0
300,2,32,53098,56932,56406,55889,19,20,20,19,139,138,139,139,184,197,198,197,53130.0,56971.5,56445.5,55927.5
300,2,33,51110,53033,56853,56329,19,20,21,21,123,124,125,126,162,169,183,182,51139.0,53065.5,56892.5,56367.5
300,2,34,48025,51057,52974,56781,19,20,20,22,116,116,117,118,140,149,156,168,48046.5,51083.5,53003.5,56817.0
300,2,35,46364,47986,51009,52920,19,19,20,21,109,110,110,111,124,130,138,144,46381.0,48005.5,51033.0,52947.0
300,2,36,44491,46333,47950,50965,19,19,20,21,102,102,102,103,109,114,118,126,44504.0,46348.5,47968.0,50987.0
300,2,37,42325,44466,46302,47915,19,19,20,21,98,98,98,98,98,104,109,112,42334.5,44478.5,46317.5,47932.5
300,2,38,41160,42302,44437,46268,19,19,20,21,93,93,93,92,94,97,102,105,41170.0,42313.5,44451.5,46285.0
300,2,39,41666,41142,42280,44409,20,20,20,21,91,91,90,90,90,89,92,97,41675.5,41151.0,42291.0,44423.0
300,2,40,42221,41647,41123,42257,22,22,21,21,87,87,85,84,85,84,83,86,42231.0,41656.5,41132.5,42268.5
300,2,41,43293,42206,41632,41109,24,23,22,22,86,84,82,82,78,76,75,74,43301.0,42213.5,41639.5,41116.0
300,2,42,43011,43277,42192,41618,27,26,25,25,82,80,79,78,69,70,68,67,43018.0,43285.0,42199.0,41625.0
300,2,43,41448,42999,43263,42178,26,27,26,25,79,79,76,74,61,64,64,63,41452.0,43005.0,43270.0,42185.0
300,2,44,42486,41434,42980,43242,30,29,29,29,73,73,70,69,59,58,60,61,42494.0,41441.0,42989.5,43252.5
300,2,45,43591,42470,41418,42960,34,33,32,32,72,71,68,66,55,54,52,54,43599.5,42478.0,41426.0,42970.0
300,2,46,46085,43569,42449,41397,41,38,36,35,69,67,65,63,54,51,50,49,46098.0,43580.0,42459.5,41407.5
300,2,47,48906,46053,43540,42421,48,44,41,39,65,63,60,58,54,51,48,47,48924.5,46069.0,43554.5,42435.0
300,2,48,48664,48863,46015,43506,53,52,48,45,61,59,57,55,50,50,47,44,48685.0,48884.5,46034.0,43523.0
300,2,49,49584,48617,48815,45972,60,58,58,53,56,54,53,51,44,43,43,41,49608.0,48640.5,48839.0,45993.5
300,2,50,50144,49529,48564,48761,66,64,61,61,52,50,49,48,42,41,41,41,50172.0,49556.5,48590.5,48788.0
300,2,51,48410,50081,49468,48505,70,72,69,67,48,47,46,45,37,38,38,37,48439.5,50112.5,49498.5,48534.5
300,2,52,47296,48343,50011,49399,76,77,78,76,47,46,45,44,35,36,37,37,47328.0,48376.5,50046.0,49433.5
300,2,53,50099,47225,48270,49935,86,79,80,80,46,45,44,43,39,37,37,39,50138.5,47260.5,48306.5,49973.0
300,2,54,53347,50012,47146,48189,104,95,89,89,51,49,48,47,44,41,38,39,53395.5,50055.5,47185.5,48229.5
300,2,55,54016,53234,49910,47053,116,112,103,96,47,46,45,44,47,47,44,41,54074.0,53290.5,49961.0,47099.5
300,2,56,53946,53886,53108,49796,133,131,127,117,47,46,45,44,45,45,44,41,54011.5,53951.0,53171.0,49853.0
300,2,57,54117,53801,53744,52970,146,143,139,135,43,42,41,40,44,44,44,43,54190.5,53873.5,53815.0,53039.0
300,2,58,49331,53953,53641,53586,152,162,157,155,40,39,38,38,37,41,41,41,49405.5,54035.0,53721.0,53665.0
300,2,59,46901,49169,53775,53467,156,159,171,168,32,31,31,31,33,34,38,37,46979.5,49250.0,53864.0,53554.0
300,2,60,45467,46729,48989,53579,171,172,179,192,31,30,30,30,29,30,31,34,45551.5,46815.0,49079.0,53677.0
300,2,61,44408,45273,46533,48786,187,188,190,195,26,26,26,26,31,32,32,34,44504.0,45370.0,46631.0,48887.5
300,2,62,44975,44206,45070,46327,201,194,195,197,26,25,25,25,33,33,33,34,45079.0,44307.0,45171.5,46430.0
300,2,63,45351,44742,43981,44843,232,225,218,218,26,26,26,25,34,34,33,34,45471.0,44858.5,44093.5,44956.5
300,2,64,45815,45098,44495,43742,256,248,242,234,26,26,25,25,31,31,30,30,45945.5,45224.5,44618.5,43861.5
300,2,65,45374,45525,44816,44221,292,287,278,270,26,25,24,24,28,28,28,28,45521.0,45670.0,44957.0,44358.0
300,2,66,44989,45066,45219,44519,315,309,306,296,26,25,24,23,24,24,24,24,45145.5,45220.0,45372.0,44667.5
300,2,67,43760,44661,44740,44896,334,333,330,326,26,25,24,23,19,20,20,20,43923.5,44825.0,44903.0,45057.5
300,2,68,45053,43406,44303,44385,382,360,363,359,22,21,20,19,15,15,15,15,45240.5,43583.0,44482.0,44562.5
300,2,69,44733,44655,43027,43920,415,406,386,389,22,21,20,19,13,13,13,13,44936.0,44854.0,43216.5,44111.5
300,2,70,43972,44298,44225,42618,454,448,442,421,22,21,20,19,8,8,8,7,44192.0,44515.5,44440.0,42822.5
300,2,71,45338,43496,43823,43756,520,489,486,479,21,20,19,18,8,7,8,8,45591.5,43734.0,44060.5,43990.5
300,2,72,47148,44797,42983,43312,594,553,525,522,21,20,19,18,8,8,7,7,47438.5,45067.5,43239.5,43567.5
300,2,73,48763,46517,44205,42422,688,643,603,572,21,20,19,18,8,8,8,7,49100.5,46832.5,44501.0,42702.5
300,2,74,48349,48042,45838,43568,751,732,689,646,20,19,18,17,8,8,8,8,48718.5,48402.5,46177.5,43886.5
300,2,75,48548,47547,47255,45097,844,810,794,748,17,16,15,15,8,8,8,8,48965.5,47948.0,47648.5,45467.5
300,2,76,47738,47655,46683,46407,921,900,870,854,16,15,14,14,8,8,8,8,48194.5,48101.5,47115.0,46831.0
300,2,77,46229,46745,46675,45736,1007,998,984,950,13,13,12,11,8,8,8,8,46730.0,47241.5,47165.0,46209.5
300,2,78,42267,45136,45654,45600,1047,1096,1093,1077,11,11,10,10,7,8,8,8,42788.5,45682.5,46199.5,46137.5
300,2,79,37620,41139,43947,44467,1054,1130,1189,1187,9,9,8,8,6,7,8,8,38145.5,41703.0,44541.5,45060.5
310,1,0,122,123,124,125,0,0,0,0,124,125,126,127,2,2,2,2,61.0,61.5,62.0,62.5
310,1,1,311,323,326,329,0,0,0,0,217,218,220,222,16,17,17,17,210.5,222.5,224.5,226.5
310,1,2,513,467,480,484,0,0,0,0,183,185,187,188,32,29,30,30,437.5,389.0,401.5,405.0
310,1,3,696,635,593,607,0,0,0,0,162,162,163,165,45,40,37,38,637.5,574.0,530.0,543.5
310,1,4,914,797,741,703,0,0,0,0,147,149,150,151,55,48,44,41,868.0,746.5,688.0,648.0
310,1,5,999,986,877,826,0,0,0,0,130,131,132,134,60,59,52,49,964.0,950.0,837.0,783.5
310,1,6,1158,1059,1048,945,0,0,0,0,118,119,120,120,64,59,58,52,1131.0,1029.0,1017.0,911.0
310,1,7,1265,1200,1107,1097,0,0,0,0,106,106,107,107,68,64,59,58,1246.0,1179.0,1083.0,1072.5
310,1,8,1281,1300,1239,1151,0,0,0,0,93,93,94,95,57,58,55,51,1263.0,1282.5,1219.5,1129.0
310,1,9,1311,1314,1333,1274,0,0,0,0,87,88,89,89,55,55,56,54,1295.0,1297.5,1316.5,1256.5
310,1,10,1400,1342,1345,1364,0,0,0,0,82,83,83,84,54,52,52,53,1386.0,1326.5,1329.5,1348.5
310,1,11,1588,1425,1370,1373,0,0,0,0,79,78,79,79,60,53,51,51,1578.5,1412.5,1356.0,1359.0
310,1,12,1547,1607,1450,1398,0,0,0,0,74,74,75,76,53,55,50,48,1536.5,1597.5,1437.5,1384.0
310,1,13,1619,1569,1628,1477,0,0,0,0,69,69,70,71,48,47,49,44,1608.5,1558.0,1617.5,1463.5
310,1,14,1537,1640,1592,1650,0,0,0,0,66,66,66,67,42,45,43,45,1525.0,1629.5,1580.5,1639.0
310,1,15,1576,1557,1658,1611,0,0,0,0,59,59,59,59,39,39,41,40,1566.0,1547.0,1649.0,1601.5
310,1,16,1623,1606,1588,1687,0,0,0,0,68,67,68,69,38,37,37,40,1608.0,1591.0,1572.5,1672.5
310,1,17,1646,1650,1634,1617,0,0,0,0,58,58,59,59,31,31,31,30,1632.5,1636.5,1620.0,1602.5
310,1,18,1572,1675,1679,1664,0,0,0,0,65,65,66,66,34,36,37,36,1556.5,1660.5,1664.5,1649.0
310,1,19,1656,1643,1743,1749,1,1,1,1,118,119,119,122,47,47,50,51,1621.0,1607.5,1709.0,1714.0
310,1,20,1674,1762,1751,1849,1,1,1,1,170,171,173,175,60,64,64,68,1619.5,1709.0,1697.0,1796.0
310,1,21,1893,1809,1895,1886,1,1,1,1,208,209,211,213,76,73,77,77,1827.5,1741.5,1828.5,1818.5
310,1,22,2087,2074,1996,2080,1,1,1,1,280,281,284,286,100,99,96,100,1997.5,1983.5,1902.5,1987.5
310,1,23,2326,2316,2306,2236,1,1,1,1,354,356,358,362,126,126,125,121,2212.5,2201.5,2190.0,2116.0
310,1,24,2621,2564,2557,2551,1,1,1,1,400,403,406,409,168,164,164,163,2505.5,2445.0,2436.5,2428.5
310,1,25,2944,2839,2789,2787,1,1,1,1,413,416,419,424,204,197,193,193,2840.0,2730.0,2676.5,2672.0
310,1,26,3137,3120,3026,2983,2,2,2,1,403,405,409,411,228,227,220,216,3050.5,3032.0,2932.5,2886.0
310,1,27,3385,3297,3284,3201,2,2,2,2,395,397,400,404,242,235,234,227,3309.5,3217.0,3202.0,3113.5
310,1,28,3722,3508,3428,3420,2,2,2,2,369,371,373,378,262,246,240,240,3669.5,3446.5,3362.5,3352.0
310,1,29,3946,3820,3623,3552,2,2,2,2,354,355,358,362,264,255,241,236,3902.0,3771.0,3565.5,3490.0
310,1,30,4136,4028,3913,3732,2,2,2,2,342,343,346,350,267,259,251,239,4099.5,3987.0,3866.5,3677.5
310,1,31,4266,4216,4117,4012,2,2,2,2,333,335,338,341,256,253,247,240,4228.5,4176.0,4072.5,3962.5
310,1,32,4470,4326,4281,4191,2,2,2,2,312,313,316,319,260,251,249,243,4445.0,4296.0,4248.5,4154.0
310,1,33,4674,4520,4386,4347,2,2,2,2,295,297,299,303,253,245,237,235,4654.0,4495.0,4356.0,4314.0
310,1,34,4662,4705,4561,4436,3,3,2,2,274,275,277,279,239,241,234,227,4646.0,4689.5,4540.5,4411.0
310,1,35,4768,4698,4742,4607,3,3,3,3,262,263,266,269,227,224,226,220,4752.0,4680.0,4723.5,4584.0
310,1,36,4728,4789,4724,4767,3,3,3,3,241,243,245,246,216,219,216,218,4717.0,4778.5,4711.0,4754.5
310,1,37,4742,4745,4805,4745,3,3,3,3,228,230,231,234,209,210,212,210,4734.0,4736.5,4797.0,4734.5
310,1,38,4829,4747,4751,4810,3,3,3,3,207,209,210,212,204,201,201,204,4829.0,4744.5,4748.0,4807.5
310,1,39,4879,4833,4755,4762,4,3,3,3,200,201,201,205,195,194,190,191,4878.5,4831.0,4751.0,4756.5
310,1,40,4814,4877,4835,4762,4,4,4,4,191,191,194,196,187,189,188,185,4814.0,4878.0,4834.0,4758.5
310,1,41,4865,4815,4878,4839,4,4,4,4,181,182,184,185,179,177,179,177,4866.0,4814.5,4877.5,4837.0
310,1,42,4872,4854,4807,4870,5,5,5,5,165,166,167,169,173,172,170,172,4878.5,4859.5,4811.0,4874.0
310,1,43,4887,4859,4843,4799,5,5,5,5,152,153,154,156,162,161,160,159,4894.5,4865.5,4848.5,4803.0
310,1,44,4780,4865,4840,4826,6,6,6,6,146,146,147,149,159,162,160,160,4789.5,4876.0,4849.5,4834.5
310,1,45,4811,4759,4843,4820,6,6,6,6,140,141,142,143,158,156,158,157,4823.0,4769.5,4854.0,4830.0
310,1,46,4589,4785,4735,4818,7,7,7,7,130,130,131,133,144,149,148,151,4599.5,4798.0,4747.0,4830.5
310,1,47,4582,4575,4765,4719,8,8,8,7,123,123,124,126,131,129,136,135,4590.0,4582.0,4775.0,4727.0
310,1,48,4317,4561,4554,4741,8,9,9,9,107,108,108,110,114,120,120,125,4324.5,4571.5,4564.5,4753.0
310,1,49,4189,4306,4545,4539,10,10,10,10,102,103,104,105,101,104,110,110,4193.5,4311.5,4553.0,4546.5
310,1,50,3964,4173,4288,4522,11,11,11,11,90,90,91,92,91,95,98,104,3970.0,4181.0,4297.0,4533.5
310,1,51,4026,3953,4158,4271,12,11,12,12,84,85,86,86,86,85,89,91,4033.0,3958.5,4165.5,4279.5
310,1,52,4127,4010,3940,4141,13,12,12,12,79,80,80,81,86,84,81,86,4137.0,4018.0,3946.5,4149.5
310,1,53,4356,4106,3992,3925,16,14,14,13,73,73,74,75,85,80,78,77,4370.0,4116.5,4001.0,3932.5
310,1,54,4384,4322,4079,3969,18,17,16,15,69,70,70,71,88,87,81,79,4402.5,4339.0,4092.5,3980.5
310,1,55,3980,4348,4288,4052,18,18,18,17,68,68,69,69,79,86,85,79,3994.5,4366.0,4305.0,4065.5
310,1,56,4075,3944,4304,4247,21,19,20,20,59,59,60,60,78,76,84,81,4095.0,3962.0,4326.0,4267.5
310,1,57,4045,4033,3906,4259,22,21,20,22,48,48,48,49,70,69,66,72,4067.0,4054.0,3925.0,4281.5
310,1,58,4038,4006,3995,3871,24,23,22,21,48,48,49,49,66,64,65,63,4059.0,4025.5,4014.0,3888.5
310,1,59,3788,3997,3966,3956,26,26,25,25,43,43,44,44,56,58,59,58,3807.5,4017.5,3986.0,3975.5
310,1,60,3629,3748,3954,3924,27,27,27,27,40,41,41,41,52,54,57,56,3648.5,3768.0,3975.5,3945.0
310,1,61,3673,3592,3710,3912,31,28,29,30,38,38,38,39,48,47,47,51,3693.5,3610.5,3729.0,3933.0
310,1,62,3560,3631,3553,3669,33,32,30,31,38,38,38,39,47,48,47,49,3581.0,3652.0,3572.5,3689.5
310,1,63,3415,3518,3589,3514,35,34,34,32,37,37,37,38,44,45,45,45,3436.0,3539.0,3610.0,3533.5
310,1,64,3565,3366,3467,3538,40,36,36,36,34,34,34,35,51,47,49,50,3593.5,3390.5,3492.5,3563.5
310,1,65,3598,3509,3317,3417,46,42,39,39,37,37,37,38,52,51,47,49,3628.5,3537.0,3341.5,3442.0
310,1,66,3539,3528,3443,3257,50,47,45,41,29,29,29,30,53,52,50,49,3576.0,3563.0,3476.0,3287.0
310,1,67,3517,3470,3460,3378,53,50,49,47,24,25,25,25,45,44,44,43,3554.0,3504.5,3494.0,3410.5
310,1,68,3368,3450,3405,3397,54,52,52,50,24,24,25,25,38,39,38,38,3402.0,3483.5,3437.5,3428.5
310,1,69,3234,3302,3383,3341,56,54,54,53,21,21,21,22,33,33,34,33,3268.0,3335.0,3416.5,3373.0
310,1,70,3361,3171,3238,3319,65,58,58,58,17,17,17,17,24,22,23,23,3397.0,3202.5,3270.0,3351.0
310,1,71,3508,3290,3105,3173,72,64,60,59,16,16,16,16,25,23,22,22,3548.5,3325.5,3138.0,3205.5
310,1,72,3480,3424,3214,3036,79,74,67,62,14,14,14,14,25,24,23,21,3525.0,3466.0,3252.0,3070.5
310,1,73,3745,3389,3336,3134,91,79,76,70,11,12,12,12,27,24,24,22,3798.5,3434.5,3380.0,3174.0
310,1,74,3881,3635,3293,3243,107,95,84,81,11,11,11,11,28,26,23,23,3943.0,3690.0,3341.0,3289.5
310,1,75,3636,3756,3521,3192,109,107,98,87,9,9,9,9,26,27,25,23,3699.0,3818.5,3578.0,3242.5
310,1,76,3172,3508,3627,3403,105,111,111,102,8,8,8,8,23,25,26,24,3232.0,3572.0,3691.5,3462.0
310,1,77,3096,3050,3376,3492,116,108,116,118,8,8,8,8,22,22,24,25,3161.0,3111.0,3442.0,3559.5
310,1,78,2982,2965,2924,3238,125,117,112,122,7,7,7,7,21,21,21,23,3051.5,3030.5,2987.0,3307.0
310,1,79,2777,2844,2830,2793,130,125,122,118,7,7,7,7,20,20,20,20,2848.5,2913.0,2897.5,2858.5
310,2,0,118,119,120,121,0,0,0,0,120,121,122,123,2,2,2,2,59.0,59.5,60.0,60.5
310,2,1,315,317,319,322,0,0,0,0,212,214,215,218,15,15,15,16,216.5,217.5,219.0,221.0
310,2,2,514,464,467,470,0,0,0,0,176,177,178,180,32,28,28,29,442.0,389.5,392.0,394.5
310,2,3,672,629,584,588,0,0,0,0,155,156,157,159,44,41,37,38,616.5,571.5,524.0,527.5
310,2,4,844,761,722,682,0,0,0,0,139,140,141,143,57,51,48,45,803.0,716.5,675.5,633.0
310,2,5,959,916,839,804,0,0,0,0,128,129,130,131,60,57,52,49,925.0,880.0,800.0,763.0
310,2,6,1078,1022,983,911,0,0,0,0,118,118,120,121,58,55,53,49,1048.0,990.5,949.5,875.0
310,2,7,1157,1126,1074,1037,0,0,0,0,102,102,104,104,56,54,52,50,1134.0,1102.0,1048.0,1010.0
310,2,8,1112,1192,1163,1114,0,0,0,0,87,87,88,88,48,52,51,48,1092.5,1174.5,1144.5,1094.0
310,2,9,1294,1154,1232,1205,0,0,0,0,89,89,91,91,53,47,51,49,1276.0,1133.0,1212.0,1184.0
310,2,10,1319,1322,1188,1264,0,0,0,0,80,80,80,81,52,52,46,49,1305.0,1308.0,1171.0,1248.0
310,2,11,1464,1350,1353,1225,0,0,0,0,79,79,79,80,52,48,48,43,1450.5,1334.5,1337.5,1206.5
310,2,12,1590,1485,1376,1380,0,0,0,0,72,71,73,74,54,50,47,47,1581.0,1474.5,1363.0,1366.5
310,2,13,1557,1604,1503,1398,0,0,0,0,67,66,67,67,51,52,49,45,1549.0,1597.0,1494.0,1387.0
310,2,14,1512,1572,1619,1522,0,0,0,0,64,64,66,67,47,49,51,48,1503.5,1564.5,1611.5,1512.5
310,2,15,1493,1521,1580,1625,0,0,0,0,55,55,56,55,45,46,48,49,1488.0,1516.5,1576.0,1622.0
310,2,16,1591,1519,1548,1605,0,0,0,0,67,66,68,67,42,40,41,42,1578.5,1506.0,1534.5,1592.5
310,2,17,1474,1611,1542,1570,0,0,0,0,54,54,56,55,31,34,33,33,1462.5,1601.0,1530.5,1559.0
310,2,18,1515,1527,1662,1595,0,0,0,0,85,85,87,87,32,32,36,34,1488.5,1500.5,1636.5,1568.5
310,2,19,1644,1675,1688,1820,0,0,0,0,216,218,219,221,56,58,58,63,1564.0,1595.0,1607.5,1741.0
310,2,20,1886,1828,1859,1874,0,0,0,0,265,267,269,272,85,83,85,86,1796.0,1736.0,1767.0,1781.0
310,2,21,2030,2042,1989,2021,0,0,0,0,264,265,268,271,108,109,107,109,1952.0,1964.0,1908.5,1940.0
310,2,22,2197,2235,2248,2201,0,0,0,0,331,333,335,339,126,128,129,127,2094.5,2132.5,2145.0,2095.0
310,2,23,2559,2465,2503,2520,0,0,0,0,418,420,423,428,158,152,155,156,2429.0,2331.0,2369.0,2384.0
310,2,24,3034,2818,2734,2773,0,0,0,0,449,452,455,459,209,193,186,189,2914.0,2688.5,2599.5,2638.0
310,2,25,3334,3232,3035,2962,1,1,0,0,439,442,444,448,251,243,227,220,3240.5,3133.0,2926.5,2848.0
310,2,26,3464,3460,3369,3191,1,1,1,1,398,400,403,407,274,273,265,250,3402.5,3397.0,3300.5,3113.0
310,2,27,3789,3546,3545,3465,1,1,1,1,351,353,356,360,290,270,270,263,3759.0,3505.0,3502.5,3417.0
310,2,28,3783,3851,3627,3630,1,1,1,1,330,331,333,337,263,268,251,251,3750.0,3820.0,3586.5,3587.5
310,2,29,3951,3836,3903,3696,1,1,1,1,297,298,302,305,252,244,249,235,3929.0,3809.5,3877.0,3661.5
310,2,30,4106,3987,3881,3946,1,1,1,1,275,276,279,281,247,239,233,237,4092.5,3969.0,3858.5,3924.5
310,2,31,4194,4129,4019,3921,1,1,1,1,255,256,259,261,236,232,226,220,4185.0,4117.5,4003.0,3901.0
310,2,32,4226,4206,4146,4043,1,1,1,1,235,237,238,240,225,224,220,215,4221.5,4200.0,4137.5,4031.0
310,2,33,4417,4232,4214,4159,1,1,1,1,212,213,215,217,215,206,206,203,4419.0,4229.0,4210.0,4152.5
310,2,34,4287,4415,4240,4225,1,1,1,1,202,204,205,208,198,205,196,196,4285.5,4416.0,4236.0,4219.5
310,2,35,4370,4286,4409,4243,1,1,1,1,177,178,179,181,182,178,184,177,4373.0,4286.5,4412.0,4241.5
310,2,36,4218,4364,4283,4404,1,1,1,1,161,162,164,165,161,167,166,169,4218.5,4367.0,4284.5,4406.5
310,2,37,4421,4214,4356,4279,2,1,2,1,145,146,147,149,155,149,153,152,4427.0,4216.0,4360.0,4281.0
310,2,38,4340,4414,4214,4352,2,2,2,2,136,137,138,139,139,142,136,141,4342.5,4417.5,4214.0,4354.0
310,2,39,4218,4328,4400,4207,2,2,2,2,121,121,122,124,128,131,134,129,4222.5,4334.0,4407.0,4210.5
310,2,40,4152,4209,4316,4387,2,2,2,2,113,113,114,115,119,120,124,126,4156.0,4213.5,4322.0,4393.5
310,2,41,4381,4150,4205,4310,2,2,2,2,110,110,111,112,117,110,113,116,4385.5,4151.0,4207.0,4313.0
310,2,42,4230,4375,4149,4204,3,3,3,3,102,102,103,105,102,105,101,103,4231.5,4378.0,4149.5,4204.5
310,2,43,4205,4231,4373,4153,3,3,3,3,96,96,97,98,91,92,96,91,4204.0,4230.5,4374.0,4151.0
310,2,44,4216,4209,4236,4375,3,3,3,3,89,89,91,91,82,82,83,86,4214.0,4207.0,4233.5,4374.0
310,2,45,4098,4222,4215,4241,3,4,3,3,84,86,85,85,73,76,76,77,4094.0,4219.0,4212.0,4238.5
310,2,46,4137,4099,4221,4215,4,4,4,4,76,77,77,78,72,72,74,74,4137.0,4098.5,4221.5,4215.0
310,2,47,4005,4138,4101,4221,4,4,4,4,75,76,76,77,68,71,70,73,4003.5,4137.5,4100.0,4221.0
310,2,48,3845,4007,4138,4101,4,5,5,5,66,68,68,68,58,61,63,63,3843.0,4006.0,4138.0,4101.0
310,2,49,3746,3847,4007,4136,5,5,5,5,61,61,61,61,52,54,56,58,3744.0,3846.0,4007.0,4137.0
310,2,50,3766,3750,3850,4007,5,5,5,5,58,58,58,58,49,49,50,53,3764.0,3748.0,3848.5,4007.0
310,2,51,3681,3766,3750,3850,6,6,6,6,55,56,56,57,48,50,50,51,3680.5,3766.0,3750.0,3850.0
310,2,52,3973,3684,3767,3753,7,6,6,6,53,54,53,55,48,45,46,46,3974.0,3682.5,3766.5,3751.5
310,2,53,4265,3968,3683,3766,8,7,7,7,49,50,50,51,51,48,44,45,4270.0,3970.5,3683.5,3766.5
310,2,54,4130,4253,3960,3679,9,9,8,7,45,45,45,45,47,48,45,42,4135.5,4259.0,3964.0,3681.0
310,2,55,4030,4117,4239,3950,9,9,9,9,41,42,42,42,44,46,47,43,4036.0,4123.5,4246.0,3955.0
310,2,56,4028,4015,4101,4221,11,11,11,11,38,38,38,38,43,42,43,45,4036.0,4022.5,4109.0,4230.0
310,2,57,4193,4010,3997,4083,12,12,11,12,34,34,35,35,43,40,42,41,4203.5,4019.0,4006.0,4092.0
310,2,58,4206,4170,3990,3978,14,14,13,13,33,33,33,34,43,42,40,40,4218.0,4181.5,4000.0,3987.5
310,2,59,4081,4184,4148,3971,15,15,14,14,30,30,30,30,36,37,38,35,4091.5,4195.0,4159.0,3980.5
310,2,60,4315,4060,4162,4128,18,16,16,16,28,28,29,29,35,33,35,33,4327.5,4070.5,4173.0,4138.0
310,2,61,4319,4290,4038,4140,20,19,18,18,29,29,30,30,35,35,34,34,4332.0,4302.5,4049.0,4151.0
310,2,62,4390,4290,4262,4014,22,20,20,18,28,28,29,29,38,37,37,35,4406.0,4304.5,4276.0,4026.0
310,2,63,4433,4354,4255,4228,25,24,23,22,26,26,26,26,40,38,38,38,4452.5,4372.0,4272.5,4245.0
310,2,64,4620,4391,4313,4216,29,26,25,25,25,26,26,26,43,42,42,40,4643.5,4412.0,4333.5,4235.5
310,2,65,4776,4569,4344,4268,34,31,29,29,24,24,25,25,46,44,43,41,4804.0,4594.5,4367.5,4290.5
310,2,66,4755,4721,4518,4297,37,35,33,31,22,22,23,23,42,42,41,39,4783.5,4748.5,4543.5,4320.5
310,2,67,4687,4700,4667,4467,39,38,37,36,17,18,18,18,35,35,35,33,4715.5,4727.5,4694.0,4492.5
310,2,68,4791,4633,4646,4614,45,42,42,42,17,17,17,18,30,29,29,29,4820.0,4660.0,4673.0,4640.5
310,2,69,4688,4729,4574,4588,49,47,45,45,15,15,15,16,29,30,29,29,4719.5,4760.0,4603.5,4617.0
310,2,70,5085,4626,4667,4515,59,51,51,50,13,13,13,14,26,24,24,23,5121.0,4657.0,4698.0,4544.5
310,2,71,5124,5008,4558,4599,66,62,56,55,11,11,11,11,26,26,23,24,5164.5,5046.5,4592.0,4633.0
310,2,72,5267,5039,4927,4486,75,69,66,59,10,10,10,10,27,26,25,23,5313.0,5081.5,4967.5,4522.0
310,2,73,5267,5172,4950,4841,85,80,75,72,11,11,11,11,27,26,25,25,5317.5,5219.5,4994.5,4884.0
310,2,74,5266,5162,5069,4853,93,87,85,80,8,8,8,8,27,26,26,25,5322.0,5214.5,5120.5,4901.5
310,2,75,4958,5152,5051,4962,99,98,95,91,10,10,10,10,25,26,26,26,5015.0,5209.0,5106.5,5015.5
310,2,76,4215,4840,5030,4933,93,102,105,102,9,9,9,9,22,25,26,25,4268.0,4899.0,5091.0,4992.0
310,2,77,3806,4104,4713,4899,95,98,111,114,8,8,8,8,20,21,24,25,3859.5,4159.5,4776.5,4964.5
310,2,78,3561,3695,3985,4577,101,100,106,120,8,8,8,8,18,19,21,24,3616.5,3750.5,4044.5,4645.0
310,2,79,3140,3444,3575,3857,100,105,108,115,6,6,6,7,16,18,18,20,3195.0,3502.5,3635.0,3921.0
320,1,0,22,22,22,22,0,0,0,0,22,22,22,22,0,0,0,0,11.0,11.0,11.0,11.0
320,1,1,76,76,76,77,0,0,0,0,54,54,54,55,0,0,0,0,49.0,49.0,49.0,49.5
320,1,2,178,132,132,133,0,0,0,0,56,57,57,58,1,1,1,1,150.5,104.0,104.0,104.5
320,1,3,284,241,195,196,0,0,0,0,64,65,64,65,2,2,1,1,253.0,209.5,163.5,164.0
320,1,4,354,346,303,259,0,0,0,0,65,65,64,66,3,3,2,2,323.0,315.0,272.0,227.0
320,1,5,426,414,407,365,0,0,0,0,63,63,64,65,3,3,3,3,396.0,384.0,376.5,334.0
320,1,6,520,484,473,466,0,0,0,0,62,62,63,63,4,4,4,4,491.0,455.0,443.5,436.5
320,1,7,741,576,541,530,0,0,0,0,62,61,62,62,7,5,5,5,713.5,548.0,512.5,501.5
320,1,8,1014,794,631,597,0,0,0,0,61,61,61,62,10,8,6,6,988.5,767.5,603.5,569.0
320,1,9,1103,1063,845,685,0,0,0,0,60,59,59,61,11,10,8,7,1078.5,1038.5,819.5,658.0
320,1,10,1148,1147,1108,894,0,0,0,0,59,58,58,59,14,14,13,10,1125.5,1125.0,1085.5,869.5
320,1,11,1241,1192,1192,1154,0,0,0,0,58,58,59,60,15,14,14,14,1219.5,1170.0,1169.5,1131.0
320,1,12,1321,1285,1237,1237,0,0,0,0,59,60,60,60,16,16,15,15,1299.5,1263.0,1214.5,1214.5
320,1,13,1582,1370,1335,1287,0,0,0,0,63,64,65,64,17,15,15,14,1559.0,1345.5,1310.0,1262.0
320,1,14,1750,1633,1424,1390,0,0,0,0,69,69,69,70,19,18,15,15,1725.0,1607.5,1397.0,1362.5
320,1,15,1885,1807,1692,1486,0,0,0,0,76,76,77,78,20,19,18,16,1857.0,1778.5,1662.5,1455.0
320,1,16,1899,1949,1872,1759,0,0,0,0,81,82,82,83,17,18,17,16,1867.0,1917.0,1839.5,1725.5
320,1,17,2088,1967,2017,1941,0,0,0,0,80,80,81,82,13,12,13,13,2054.5,1933.0,1983.0,1906.5
320,1,18,2054,2153,2033,2083,1,1,1,1,77,78,79,79,11,12,12,12,2021.5,2120.5,2000.0,2050.0
320,1,19,2286,2118,2217,2098,1,1,1,1,73,74,75,75,9,9,10,9,2254.5,2086.0,2185.0,2065.5
320,1,20,2289,2346,2179,2278,1,1,1,1,70,71,71,72,9,10,9,10,2259.0,2316.0,2148.5,2247.5
320,1,21,2772,2349,2405,2240,1,1,1,1,71,72,72,73,13,11,12,11,2743.5,2319.0,2375.5,2209.5
320,1,22,3508,2840,2418,2475,2,1,1,1,84,84,83,85,19,15,13,14,3476.5,2806.0,2383.5,2440.0
320,1,23,3498,3582,2918,2501,2,2,1,1,100,101,99,102,23,25,20,18,3460.5,3545.0,2879.0,2459.5
320,1,24,2663,3583,3667,3009,1,2,2,1,116,116,117,117,21,29,30,25,2616.0,3540.5,3624.5,2963.5
320,1,25,2266,2767,3679,3762,1,1,2,2,132,131,133,133,21,26,35,36,2211.0,2715.0,3631.0,3714.5
320,1,26,2184,2384,2881,3783,1,1,1,2,143,142,144,145,21,23,29,39,2123.5,2325.0,2824.0,3731.0
320,1,27,2271,2307,2506,2997,1,1,1,2,148,148,150,150,23,24,27,32,2209.0,2245.5,2445.0,2939.0
320,1,28,2323,2394,2430,2626,1,1,1,1,150,150,151,151,25,26,27,30,2261.0,2332.5,2368.5,2566.0
320,1,29,2417,2443,2513,2549,1,1,1,1,148,148,148,149,26,27,28,29,2356.5,2383.0,2453.5,2489.5
320,1,30,2528,2529,2555,2625,1,1,1,1,141,141,142,143,27,28,29,30,2471.5,2473.0,2499.0,2569.0
320,1,31,2919,2632,2634,2660,2,1,1,1,137,135,137,138,33,30,31,32,2868.0,2580.0,2581.5,2607.5
320,1,32,2882,3012,2730,2731,2,2,1,1,131,130,132,131,33,35,33,33,2834.0,2965.5,2681.0,2682.5
320,1,33,3112,2965,3094,2815,2,2,2,1,123,123,124,123,39,38,40,37,3071.0,2923.5,3053.0,2772.5
320,1,34,2925,3182,3037,3164,2,2,2,2,116,116,117,117,40,44,43,45,2888.0,3147.0,3001.0,3129.0
320,1,35,3211,2991,3244,3101,2,2,2,2,111,111,112,112,46,43,48,46,3179.5,2958.0,3213.0,3069.0
320,1,36,3253,3263,3046,3294,2,2,2,2,103,104,104,103,49,50,47,51,3227.0,3237.0,3018.5,3269.0
320,1,37,3318,3293,3302,3089,2,2,2,2,96,97,96,97,55,55,55,52,3298.5,3273.0,3282.5,3067.5
320,1,38,2913,3349,3323,3332,2,2,2,2,90,91,90,91,50,58,58,59,2894.0,3333.5,3308.0,3317.0
320,1,39,3151,2942,3369,3344,2,2,2,2,83,84,83,84,56,53,61,61,3138.5,2927.5,3359.0,3333.5
320,1,40,2383,3170,2965,3384,2,2,2,2,75,75,76,75,40,54,51,58,2366.5,3160.5,2953.5,3376.5
320,1,41,3093,2409,3182,2980,2,2,2,2,69,70,70,70,53,42,56,53,3086.0,2396.0,3176.0,2972.5
320,1,42,2481,3102,2431,3190,2,2,2,2,64,63,65,65,41,52,41,55,2470.5,3097.5,2420.0,3186.0
320,1,43,2409,2494,3104,2444,2,2,2,2,57,58,58,58,41,43,54,43,2402.0,2487.5,3103.0,2437.5
320,1,44,2257,2418,2501,3100,2,2,2,2,52,53,52,53,39,42,43,55,2251.5,2413.5,2497.5,3102.0
320,1,45,2103,2267,2425,2506,2,2,2,2,48,49,49,49,34,37,40,42,2097.0,2262.0,2421.5,2503.5
320,1,46,2419,2114,2275,2430,2,2,2,2,44,44,44,44,36,31,34,37,2416.0,2108.5,2271.0,2427.5
320,1,47,2365,2419,2119,2277,2,2,2,2,39,39,39,39,36,37,32,35,2364.5,2419.0,2116.5,2276.0
320,1,48,1773,2361,2414,2119,2,3,3,2,36,35,36,36,28,36,38,34,1770.0,2363.0,2416.5,2119.0
320,1,49,1911,1774,2352,2404,2,2,3,3,32,32,33,33,31,29,39,40,1911.5,1773.5,2356.5,2409.0
320,1,50,1460,1911,1776,2345,2,3,2,3,28,30,29,30,20,27,25,34,1457.0,1911.0,1775.0,2348.5
320,1,51,2007,1466,1910,1777,4,2,3,3,27,27,27,27,26,19,25,23,2008.5,1463.0,1910.5,1776.5
320,1,52,1683,2004,1470,1908,3,3,2,3,23,23,23,23,19,23,17,22,1682.5,2005.5,1468.0,1909.0
320,1,53,1684,1682,1999,1471,4,3,4,3,20,20,20,20,18,18,21,16,1685.0,1682.5,2001.5,1470.5
320,1,54,1465,1680,1677,1990,4,4,4,4,18,18,18,18,16,18,19,23,1466.0,1682.0,1679.5,1994.5
320,1,55,1551,1458,1669,1667,4,3,4,4,16,16,16,17,21,20,23,23,1555.5,1461.5,1674.5,1672.0
320,1,56,1458,1540,1448,1657,4,4,4,4,14,14,14,15,20,21,20,23,1463.0,1545.5,1453.0,1663.0
320,1,57,1402,1448,1528,1438,5,4,4,4,14,14,14,14,19,20,22,20,1407.0,1453.0,1534.0,1443.0
320,1,58,1139,1394,1439,1519,4,4,4,5,13,13,13,13,14,17,18,17,1141.5,1398.0,1443.5,1523.5
320,1,59,1098,1134,1385,1429,5,4,5,5,11,11,11,11,12,12,15,16,1101.0,1136.5,1389.5,1434.0
320,1,60,823,1092,1127,1374,4,4,4,5,10,10,10,10,9,12,13,16,824.5,1095.0,1130.5,1379.5
320,1,61,1165,821,1086,1120,6,4,5,5,9,10,10,10,11,8,11,12,1169.0,822.0,1089.0,1123.5
320,1,62,801,1157,818,1079,5,6,4,5,10,9,9,9,8,11,8,11,802.5,1161.0,819.5,1082.5
320,1,63,784,798,1148,815,5,4,6,4,9,9,10,9,8,8,13,8,786.0,799.5,1152.5,816.5
320,1,64,676,781,794,1139,5,5,5,7,10,11,10,10,7,9,9,12,677.0,782.5,796.0,1143.5
320,1,65,673,674,777,790,6,5,5,5,10,10,9,9,7,7,8,8,674.5,675.0,779.0,792.0
320,1,66,633,672,673,775,6,5,5,6,10,10,10,11,5,6,6,7,633.5,672.5,673.5,776.0
320,1,67,637,632,671,671,7,6,6,6,9,9,9,9,4,4,4,5,638.0,632.5,671.5,672.0
320,1,68,532,634,629,667,6,6,6,6,7,7,7,6,3,4,4,4,533.0,635.5,630.5,669.0
320,1,69,578,528,629,624,7,6,6,6,5,5,5,5,3,3,4,4,580.5,530.0,631.5,626.5
320,1,70,459,571,522,621,7,7,6,7,4,4,4,4,3,4,4,5,462.0,574.5,525.0,625.0
320,1,71,526,453,562,515,8,6,8,6,3,3,3,3,4,3,4,4,530.5,456.0,566.5,518.5
320,1,72,397,517,445,552,6,7,7,8,2,2,2,2,3,4,3,4,400.5,521.5,449.0,557.0
320,1,73,374,389,507,437,7,7,8,7,2,2,2,2,3,3,4,3,378.0,393.0,512.0,441.0
320,1,74,349,366,381,496,8,7,7,9,2,2,2,2,3,3,3,4,353.5,370.0,385.0,501.5
320,1,75,260,341,357,372,6,6,7,7,1,1,1,1,2,3,3,3,263.5,345.0,361.5,376.5
320,1,76,239,253,332,348,6,6,8,7,1,1,1,1,2,2,2,3,242.5,256.5,336.5,352.5
320,1,77,229,232,246,322,7,6,6,9,1,1,1,1,2,2,2,2,233.0,235.5,249.5,327.0
320,1,78,164,222,224,238,6,6,7,7,1,1,1,1,1,2,2,2,167.0,225.5,228.0,242.0
320,1,79,183,158,213,216,7,5,7,6,0,0,0,0,1,1,2,2,187.0,161.0,217.5,220.0
320,2,0,15,15,15,15,0,0,0,0,15,15,15,15,0,0,0,0,7.5,7.5,7.5,7.5
320,2,1,66,62,62,63,0,0,0,0,47,47,47,48,0,0,0,0,42.5,38.5,38.5,39.0
320,2,2,149,115,111,112,0,0,0,0,50,50,50,51,1,1,1,1,124.5,90.5,86.5,87.0
320,2,3,244,207,173,170,0,0,0,0,58,59,59,60,1,1,1,1,215.5,178.0,144.0,140.5
320,2,4,350,302,265,232,0,0,0,0,59,60,60,60,2,2,2,1,321.5,273.0,236.0,202.5
320,2,5,385,406,358,321,0,0,0,0,59,59,59,58,3,3,3,2,357.0,378.0,330.0,293.0
320,2,6,499,439,460,414,0,0,0,0,58,57,58,59,4,3,4,3,472.0,412.0,433.0,386.0
320,2,7,709,552,493,515,0,0,0,0,57,57,58,59,5,4,4,4,683.0,525.5,466.0,487.5
320,2,8,963,759,604,546,0,0,0,0,56,56,57,57,8,6,5,4,939.0,734.0,578.0,519.5
320,2,9,1076,1009,807,654,0,0,0,0,54,54,54,55,8,8,6,5,1053.0,986.0,783.0,629.0
320,2,10,1027,1121,1055,855,0,0,0,0,53,54,55,55,8,9,9,7,1004.5,1098.5,1032.0,831.0
320,2,11,1163,1073,1165,1101,0,0,0,0,55,55,54,55,10,9,10,9,1140.5,1050.0,1143.0,1078.0
320,2,12,1359,1208,1119,1211,0,0,0,0,55,55,56,57,11,10,10,11,1337.0,1185.5,1096.0,1188.0
320,2,13,1526,1402,1253,1165,0,0,0,0,56,56,56,57,14,13,11,11,1505.0,1380.5,1230.5,1142.0
320,2,14,1692,1574,1452,1304,0,0,0,0,62,62,63,63,15,14,13,12,1668.5,1550.0,1427.0,1278.5
320,2,15,1750,1746,1630,1509,0,0,0,0,69,69,70,70,15,15,14,13,1723.0,1719.0,1602.0,1480.5
320,2,16,1836,1810,1806,1691,0,0,0,0,72,72,72,73,12,12,12,12,1806.0,1780.0,1776.0,1660.5
320,2,17,1940,1899,1874,1870,0,0,0,0,70,70,72,72,7,7,8,8,1908.5,1867.5,1842.0,1838.0
320,2,18,2003,2004,1964,1939,0,0,0,0,74,74,75,75,10,10,10,10,1971.0,1972.0,1931.5,1906.5
320,2,19,2147,2069,2070,2030,0,0,0,0,76,77,77,77,11,11,11,11,2114.5,2036.0,2037.0,1997.0
320,2,20,2046,2213,2136,2137,0,0,0,0,78,78,79,79,11,12,12,12,2012.5,2180.0,2102.5,2103.5
320,2,21,2311,2122,2288,2212,0,0,0,0,88,88,89,90,13,12,14,14,2273.5,2084.0,2250.5,2174.0
320,2,22,2330,2398,2211,2376,0,0,0,0,103,104,105,105,16,17,16,17,2286.5,2354.5,2166.5,2332.0
320,2,23,2380,2427,2495,2310,0,0,0,0,117,117,117,118,19,20,20,19,2331.0,2378.5,2446.5,2260.5
320,2,24,2137,2486,2534,2601,0,0,0,0,128,127,129,129,18,21,22,23,2082.0,2433.0,2480.5,2548.0
320,2,25,1993,2250,2596,2644,0,0,0,0,136,136,137,137,20,23,27,27,1935.0,2193.5,2541.0,2589.0
320,2,26,2155,2110,2365,2708,0,0,0,0,140,140,141,142,23,23,26,30,2096.5,2051.5,2307.5,2652.0
320,2,27,2203,2271,2227,2480,0,0,0,0,143,143,143,145,26,27,26,30,2144.5,2213.0,2168.5,2422.5
320,2,28,2256,2316,2384,2341,0,0,0,0,140,140,141,141,26,27,28,27,2199.0,2259.5,2327.5,2284.0
320,2,29,2351,2362,2422,2489,0,0,0,0,133,134,135,135,27,28,29,30,2298.0,2309.0,2369.0,2436.5
320,2,30,2355,2449,2459,2519,0,1,1,1,128,130,129,130,29,31,31,32,2305.5,2400.0,2410.5,2470.5
320,2,31,2848,2442,2535,2546,1,1,1,1,120,120,120,122,37,32,33,34,2807.0,2398.5,2492.0,2502.5
320,2,32,2721,2917,2517,2609,1,1,1,1,109,109,110,110,36,39,34,35,2685.0,2882.5,2479.5,2572.0
320,2,33,3043,2786,2980,2586,1,1,1,1,101,101,102,103,38,35,38,33,3012.0,2753.5,2948.5,2551.5
320,2,34,2902,3098,2845,3037,1,1,1,1,94,94,95,96,35,38,35,38,2873.0,3070.5,2815.5,3008.5
320,2,35,2990,2949,3143,2894,1,1,1,1,87,87,88,89,39,39,42,39,2966.5,2925.5,3120.5,2869.5
320,2,36,3102,3029,2989,3181,1,1,1,1,80,80,81,82,41,40,40,43,3083.0,3009.5,2969.0,3162.0
320,2,37,3055,3135,3063,3024,1,1,1,1,75,75,76,77,40,41,41,41,3038.0,3118.5,3046.0,3006.5
320,2,38,2786,3085,3164,3093,1,1,1,1,68,68,69,69,33,37,39,38,2769.0,3070.0,3149.5,3078.0
320,2,39,2867,2811,3106,3184,1,1,1,1,62,62,62,63,37,36,40,42,2855.0,2798.5,3095.5,3174.0
320,2,40,2228,2886,2831,3122,1,1,1,1,55,56,56,56,27,36,35,39,2214.5,2876.5,2821.0,3114.0
320,2,41,2985,2252,2902,2847,1,1,1,1,50,51,51,51,34,26,34,34,2977.5,2240.0,2894.0,2839.0
320,2,42,2243,2996,2272,2914,1,1,1,1,44,43,45,44,23,31,24,31,2233.0,2990.5,2262.0,2908.0
320,2,43,2267,2257,3002,2286,1,1,1,1,39,39,39,40,24,24,32,25,2260.0,2250.0,2999.0,2279.0
320,2,44,2130,2278,2268,3005,1,1,1,2,34,35,35,36,21,23,23,31,2124.0,2272.5,2262.5,3003.5
320,2,45,1951,2139,2285,2275,1,1,1,1,30,31,30,31,19,21,22,23,1946.0,2134.5,2281.5,2271.5
320,2,46,2238,1960,2146,2291,2,1,1,2,27,27,27,28,19,17,19,20,2235.0,1955.5,2142.5,2288.0
320,2,47,2342,2243,1967,2151,2,2,1,2,26,26,25,26,20,19,17,19,2340.0,2240.5,1963.5,2148.5
320,2,48,1750,2343,2245,1972,2,2,2,2,23,22,22,23,14,19,18,16,1746.5,2342.5,2244.0,1969.5
320,2,49,1901,1755,2343,2246,2,2,2,2,20,21,21,21,15,14,19,18,1899.5,1752.5,2343.0,2245.5
320,2,50,1344,1903,1757,2340,1,2,2,2,17,18,17,18,10,14,13,19,1341.0,1902.0,1756.0,2341.5
320,2,51,1877,1349,1904,1759,2,1,2,2,15,15,16,16,12,9,13,12,1876.5,1346.5,1903.5,1758.0
320,2,52,1612,1878,1354,1904,2,2,2,2,14,13,15,13,9,10,8,11,1610.5,1877.5,1351.5,1904.0
320,2,53,1518,1613,1877,1356,2,2,2,2,12,12,12,12,8,9,11,8,1517.0,1612.5,1877.5,1355.0
320,2,54,1322,1519,1613,1876,2,2,2,3,11,10,10,11,6,7,8,9,1320.5,1518.5,1613.0,1876.5
320,2,55,1180,1323,1519,1612,2,2,2,2,10,10,10,10,6,7,8,9,1179.0,1322.5,1519.0,1612.5
320,2,56,1224,1182,1323,1518,2,2,2,3,9,9,8,9,6,5,6,7,1223.5,1181.0,1323.0,1518.5
320,2,57,1155,1225,1182,1323,2,2,2,2,9,9,8,9,6,6,6,7,1154.5,1224.5,1182.0,1323.0
320,2,58,919,1155,1224,1182,2,2,2,2,8,7,7,7,4,5,6,5,918.0,1155.0,1224.5,1182.0
320,2,59,922,920,1154,1223,2,2,3,3,7,7,7,7,4,4,5,5,921.5,919.5,1154.5,1223.5
320,2,60,682,921,919,1152,2,2,2,3,6,5,5,6,3,4,4,5,681.5,921.5,919.5,1153.0
320,2,61,1021,682,919,917,3,2,3,3,6,6,6,6,6,4,5,5,1022.5,682.0,920.0,918.0
320,2,62,607,1016,681,916,2,3,2,3,6,6,6,6,4,8,5,6,607.0,1018.5,681.5,917.5
320,2,63,560,606,1012,680,2,2,4,2,6,5,6,6,4,4,6,5,560.0,606.5,1014.0,680.5
320,2,64,483,559,605,1005,2,2,2,4,6,6,6,6,4,5,5,9,483.0,559.5,605.5,1008.5
320,2,65,436,483,559,604,2,2,3,3,6,6,7,7,3,4,4,5,435.5,483.0,559.0,604.5
320,2,66,435,437,484,558,2,2,2,3,6,6,6,6,3,3,3,4,434.5,436.5,483.5,558.5
320,2,67,402,435,437,484,2,2,2,3,5,4,4,5,2,2,2,2,401.5,435.0,437.0,484.0
320,2,68,304,401,434,436,2,3,3,3,4,4,5,5,2,2,3,3,304.0,401.5,434.5,436.5
320,2,69,331,302,398,431,2,2,3,3,3,2,3,3,3,2,3,3,332.0,303.0,399.5,432.5
320,2,70,244,329,301,395,2,2,2,3,2,2,2,2,1,2,1,2,244.5,330.0,301.5,396.5
320,2,71,299,242,326,299,2,2,3,2,2,1,2,2,2,1,2,2,300.0,243.0,327.5,300.0
320,2,72,203,296,240,323,2,3,2,3,1,2,1,2,1,2,1,2,204.0,297.5,241.0,324.5
320,2,73,191,202,292,238,2,2,4,3,1,2,2,2,1,1,2,1,192.0,202.5,294.0,239.0
320,2,74,197,189,199,289,2,2,3,3,1,1,1,2,1,1,1,2,198.0,190.0,200.5,290.5
320,2,75,159,194,187,197,2,3,2,2,1,1,1,1,1,1,1,1,160.0,195.5,188.0,198.0
320,2,76,156,156,191,184,3,3,3,3,1,1,1,1,1,1,1,1,157.5,157.5,192.5,185.5
320,2,77,116,154,154,187,2,2,2,4,1,1,1,1,1,1,1,1,117.0,155.0,155.0,189.0
320,2,78,112,114,150,150,2,2,4,4,1,1,1,1,1,1,1,1,113.0,115.0,152.0,152.0
320,2,79,106,109,111,147,3,3,3,3,1,1,1,1,1,1,1,1,107.5,110.5,112.5,148.5
330,1,0,86,87,87,88,0,0,0,0,86,87,87,88,0,0,0,0,43.0,43.5,43.5,44.0
330,1,1,248,275,276,278,0,0,0,0,192,193,193,195,4,4,4,4,154.0,180.5,181.5,182.5
330,1,2,477,438,465,469,0,0,0,0,197,198,199,202,9,8,9,9,383.0,343.0,370.0,372.5
330,1,3,847,685,648,677,0,0,0,0,222,224,225,228,20,16,15,16,746.0,581.0,543.0,571.0
330,1,4,1146,1044,888,854,0,0,0,0,219,219,221,224,25,22,18,18,1049.0,945.5,786.5,751.0
330,1,5,1486,1334,1236,1085,0,0,0,0,213,214,216,217,29,26,24,20,1394.0,1240.0,1140.0,986.5
330,1,6,2255,1668,1520,1427,0,0,0,0,208,209,210,214,37,27,24,23,2169.5,1577.0,1427.0,1331.5
330,1,7,3195,2423,1847,1704,0,0,0,0,203,204,206,209,47,36,27,25,3117.0,2339.0,1757.5,1612.0
330,1,8,3550,3352,2593,2026,0,0,0,0,200,200,203,205,46,43,33,26,3473.0,3273.5,2508.0,1936.5
330,1,9,4236,3705,3511,2763,0,0,0,0,196,198,200,202,49,43,41,32,4162.5,3627.5,3431.5,2678.0
330,1,10,4469,4382,3859,3669,0,0,0,0,194,195,197,199,50,49,43,41,4397.0,4309.0,3782.0,3590.0
330,1,11,4604,4615,4531,4015,0,0,0,0,191,192,195,196,46,46,46,40,4531.5,4542.0,4456.5,3937.0
330,1,12,4657,4747,4760,4678,0,0,0,0,187,188,191,192,44,45,46,45,4585.5,4675.5,4687.5,4604.5
330,1,13,4935,4801,4892,4907,0,0,0,0,184,185,187,189,42,41,42,42,4864.0,4729.0,4819.5,4833.5
330,1,14,4993,5079,4948,5040,1,1,0,0,185,186,187,189,41,41,40,41,4921.5,5007.0,4874.5,4966.0
330,1,15,5064,5145,5232,5104,1,1,1,1,187,189,191,193,35,36,37,36,4988.5,5069.0,5155.5,5026.0
330,1,16,5211,5221,5303,5391,1,1,1,1,186,189,190,192,30,31,31,32,5133.5,5142.5,5224.0,5311.5
330,1,17,5065,5362,5373,5457,1,1,1,1,176,177,178,180,23,25,25,25,4989.0,5286.5,5297.0,5380.0
330,1,18,5179,5211,5510,5523,1,1,2,1,167,167,171,172,20,20,21,21,5106.0,5138.0,5436.0,5448.0
330,1,19,5690,5333,5367,5666,2,2,2,2,173,174,176,178,19,18,18,20,5614.0,5256.0,5289.0,5588.0
330,1,20,6773,5870,5516,5551,2,2,2,2,199,200,202,204,21,18,17,18,6685.0,5780.0,5424.5,5459.0
330,1,21,8758,6985,6087,5736,3,3,2,2,240,242,243,245,34,27,24,23,8656.5,6879.0,5978.5,5626.0
330,1,22,14005,9002,7240,6350,6,4,3,3,293,294,295,299,72,46,37,33,13897.5,8880.0,7112.5,6218.5
330,1,23,9369,14240,9279,7534,4,7,4,3,348,350,352,355,70,108,71,58,9232.0,14122.5,9140.5,7387.0
330,1,24,7698,9663,14482,9578,4,5,7,5,397,398,401,405,78,99,152,101,7540.5,9516.0,14361.0,9428.5
330,1,25,8177,8013,9952,14706,4,4,5,7,422,424,426,431,106,105,132,200,8021.0,7855.5,9807.5,14594.0
330,1,26,8690,8485,8325,10235,5,4,4,5,439,440,443,447,129,128,127,159,8537.5,8331.0,8169.0,10093.5
330,1,27,8712,8995,8795,8640,5,5,5,4,455,456,460,464,139,146,145,145,8556.5,8842.5,8640.0,8482.5
330,1,28,8608,9022,9301,9107,5,5,5,5,467,469,472,477,144,154,161,160,8449.0,8867.0,9148.0,8951.0
330,1,29,8299,8911,9318,9594,4,5,5,5,467,470,473,478,148,162,172,180,8141.5,8759.5,9170.0,9447.5
330,1,30,8590,8595,9196,9597,5,5,5,5,462,464,467,472,161,163,177,188,8442.0,8447.0,9053.5,9457.5
330,1,31,8879,8859,8865,9455,5,5,5,5,449,451,454,458,175,177,179,194,8744.5,8724.5,8730.0,9325.5
330,1,32,9141,9120,9102,9110,5,5,5,5,429,431,435,439,183,185,187,189,9020.5,8999.5,8980.5,8987.5
330,1,33,9262,9348,9329,9313,5,5,5,5,406,408,411,415,192,196,197,199,9157.5,9244.5,9224.5,9207.5
330,1,34,9680,9440,9526,9509,5,5,5,5,377,378,381,384,198,195,198,199,9593.0,9351.0,9437.0,9419.0
330,1,35,10081,9817,9585,9670,6,5,5,5,351,351,355,358,213,209,205,209,10015.0,9748.5,9512.5,9598.0
330,1,36,10498,10188,9931,9705,6,6,5,5,324,325,326,329,217,212,207,204,10447.5,10134.5,9874.0,9645.0
330,1,37,10374,10569,10267,10018,6,6,6,5,295,297,299,302,214,220,214,210,10336.5,10533.5,10227.5,9974.5
330,1,38,10057,10426,10617,10324,6,6,6,6,268,269,270,274,203,211,216,211,10027.5,10400.0,10593.0,10295.5
330,1,39,9753,10097,10459,10648,6,6,6,6,243,245,246,249,191,199,207,212,9730.0,10077.0,10442.5,10632.5
330,1,40,8934,9774,10112,10468,6,6,6,6,218,219,220,222,175,192,199,207,8915.5,9763.5,10104.5,10463.5
330,1,41,8858,8960,9784,10117,6,6,6,7,199,200,201,203,166,168,185,191,8844.5,8947.0,9779.0,10114.5
330,1,42,8073,8879,8980,9791,6,6,6,6,183,183,184,186,141,156,158,173,8055.0,8868.5,8970.0,9787.5
330,1,43,7637,8105,8898,8999,6,6,6,6,168,168,168,170,122,130,143,145,7617.0,8089.0,8888.5,8989.5
330,1,44,7125,7668,8129,8912,6,6,7,7,152,152,153,156,106,115,122,135,7105.0,7652.5,8117.0,8905.0
330,1,45,6919,7161,7698,8153,6,6,6,7,142,142,144,146,96,100,108,115,6899.0,7143.0,7683.0,8141.0
330,1,46,6470,6947,7187,7716,6,6,6,7,129,129,130,131,88,95,98,106,6452.5,6933.0,7174.0,7707.0
330,1,47,6240,6497,6969,7206,6,6,7,7,117,117,119,120,80,84,90,94,6224.5,6483.5,6958.0,7196.5
330,1,48,5992,6261,6515,6981,7,7,7,8,106,107,107,109,75,79,82,89,5980.0,6250.5,6506.0,6975.0
330,1,49,5885,6010,6275,6528,8,8,8,8,98,98,98,100,71,72,76,79,5875.5,6001.0,6268.0,6521.5
330,1,50,5547,5896,6020,6282,9,8,8,9,86,86,87,88,63,67,69,72,5540.0,5890.5,6015.0,6278.5
330,1,51,5397,5554,5899,6023,10,9,9,9,77,77,77,78,59,61,65,66,5393.0,5550.5,5897.5,6021.5
330,1,52,5153,5401,5556,5898,10,9,9,10,68,68,68,70,53,55,57,61,5150.5,5399.0,5555.0,5898.5
330,1,53,5078,5155,5400,5555,11,10,10,10,61,61,60,62,48,49,51,53,5077.0,5154.0,5400.5,5555.5
330,1,54,4764,5076,5153,5395,12,11,11,11,55,55,56,55,43,46,47,49,4764.0,5077.0,5154.0,5397.5
330,1,55,4747,4764,5073,5149,13,11,12,12,50,50,51,51,38,39,42,43,4747.5,4764.0,5074.5,5151.0
330,1,56,4826,4746,4763,5069,15,13,12,13,47,46,46,46,35,34,35,37,4827.5,4746.5,4763.5,5071.0
330,1,57,4578,4821,4742,4760,15,14,14,13,42,42,43,43,31,33,33,33,4580.0,4823.5,4744.0,4761.5
330,1,58,4594,4573,4814,4737,17,14,15,14,38,37,38,39,28,28,30,30,4597.5,4575.5,4817.5,4739.5
330,1,59,4637,4583,4562,4801,19,16,16,17,34,34,34,35,29,29,29,31,4644.0,4588.5,4567.5,4807.5
330,1,60,4047,4620,4567,4547,18,18,18,17,30,30,31,31,25,29,29,29,4053.5,4628.5,4575.0,4554.5
330,1,61,4143,4032,4600,4547,21,18,20,20,28,27,28,28,25,24,28,28,4152.0,4039.5,4610.0,4557.0
330,1,62,3489,4121,4013,4574,20,21,20,22,24,25,25,25,21,26,24,29,3497.5,4132.0,4022.5,4587.0
330,1,63,3358,3473,4098,3991,22,20,23,22,23,24,23,23,19,20,23,23,3367.0,3481.0,4109.5,4002.0
330,1,64,3402,3335,3449,4067,26,21,21,25,21,21,21,21,22,23,24,27,3415.5,3346.5,3461.0,4082.5
330,1,65,3010,3377,3311,3424,24,23,22,24,18,18,18,19,18,20,20,20,3022.0,3389.5,3323.0,3436.5
330,1,66,2627,2984,3347,3282,25,25,27,26,16,16,16,16,15,17,19,19,2639.0,2997.0,3362.0,3296.5
330,1,67,2545,2604,2956,3314,26,22,25,29,13,13,13,14,13,14,16,18,2558.0,2615.5,2970.0,3330.5
330,1,68,2099,2518,2576,2924,24,24,25,27,11,11,11,11,11,14,14,16,2111.0,2531.5,2590.0,2940.0
330,1,69,1929,2075,2487,2545,24,22,26,26,9,9,9,9,10,11,14,14,1941.5,2087.0,2502.5,2560.5
330,1,70,1760,1905,2050,2456,25,25,25,29,8,8,8,8,7,7,8,10,1772.0,1917.0,2062.5,2471.5
330,1,71,1630,1736,1880,2022,25,24,25,27,6,7,7,7,6,7,7,8,1642.5,1748.0,1892.5,2036.0
330,1,72,1314,1605,1710,1851,23,25,25,28,6,6,6,6,5,6,7,7,1325.0,1617.5,1723.0,1865.5
330,1,73,1166,1293,1579,1682,22,21,25,26,5,5,5,5,4,5,6,7,1176.5,1303.5,1592.0,1696.0
330,1,74,1107,1144,1269,1549,25,23,24,29,5,5,5,5,4,4,5,6,1119.0,1155.0,1281.0,1564.0
330,1,75,962,1085,1121,1243,23,22,23,25,4,4,4,4,4,4,4,5,973.5,1096.0,1132.5,1256.0
330,1,76,865,940,1060,1095,24,22,25,26,4,4,4,4,3,4,4,4,876.5,951.0,1072.5,1108.0
330,1,77,696,842,915,1032,21,23,24,27,3,3,3,3,3,3,4,4,706.5,853.5,927.5,1046.0
330,1,78,562,675,817,888,20,20,24,25,2,2,2,2,2,3,3,4,572.0,685.5,829.5,901.5
330,1,79,503,543,652,789,20,19,22,27,2,2,2,2,2,2,3,3,513.0,552.5,663.5,803.0
330,2,0,84,84,85,85,0,0,0,0,84,84,85,85,0,0,0,0,42.0,42.0,42.5,42.5
330,2,1,231,254,256,257,0,0,0,0,174,175,177,177,4,5,5,5,146.0,169.0,170.0,171.0
330,2,2,466,400,423,426,0,0,0,0,178,179,179,180,12,10,10,10,383.0,315.5,338.5,341.0
330,2,3,820,648,586,611,0,0,0,0,199,200,202,204,23,18,16,16,732.0,557.0,493.0,517.0
330,2,4,1119,995,829,770,0,0,0,0,196,198,200,201,26,23,19,17,1034.0,907.5,738.5,678.0
330,2,5,1366,1291,1170,1009,0,0,0,0,194,196,196,198,25,24,21,18,1281.5,1205.0,1082.5,919.0
330,2,6,2175,1534,1461,1344,0,0,0,0,190,191,192,194,33,23,22,20,2096.5,1450.0,1376.0,1257.0
330,2,7,2856,2329,1699,1630,0,0,0,0,187,188,190,193,42,34,25,24,2783.5,2252.0,1616.5,1545.5
330,2,8,3279,2999,2481,1862,0,0,0,0,184,185,186,189,46,42,34,26,3210.0,2927.5,2405.0,1780.5
330,2,9,3911,3410,3136,2627,0,0,0,0,177,178,180,182,54,47,43,36,3849.5,3344.5,3067.5,2554.0
330,2,10,3968,4031,3538,3269,0,0,0,0,172,174,175,176,53,54,47,43,3908.5,3971.0,3474.0,3202.5
330,2,11,4145,4085,4148,3664,0,0,0,0,168,169,170,172,53,52,53,46,4087.5,4026.5,4089.5,3601.0
330,2,12,4177,4259,4201,4266,0,0,0,0,161,162,163,166,47,48,47,48,4120.0,4202.0,4143.0,4207.0
330,2,13,4530,4288,4371,4316,0,0,0,0,156,156,158,160,48,45,46,45,4476.0,4232.5,4315.0,4258.5
330,2,14,4457,4640,4403,4487,0,0,0,0,153,153,156,158,42,43,41,42,4401.5,4585.0,4345.5,4429.0
330,2,15,4618,4569,4751,4518,0,0,0,0,150,152,152,154,40,40,41,39,4563.0,4513.0,4695.5,4460.5
330,2,16,4826,4733,4685,4869,1,1,1,1,150,151,152,155,36,35,35,36,4769.5,4675.5,4627.0,4810.0
330,2,17,4621,4949,4858,4812,1,1,1,1,154,155,156,158,29,31,30,30,4559.0,4887.5,4795.5,4748.5
330,2,18,4713,4756,5084,4995,1,1,1,1,164,165,167,168,28,29,31,30,4645.5,4688.5,5016.5,4926.5
330,2,19,4750,4864,4908,5235,1,1,1,1,180,181,183,184,28,29,30,32,4674.5,4788.5,4832.0,5159.5
330,2,20,4843,4937,5052,5097,1,1,1,1,219,220,222,223,31,32,33,33,4749.5,4843.5,4958.0,5002.5
330,2,21,5047,5071,5165,5281,1,1,1,1,264,266,267,269,36,37,38,39,4933.5,4957.0,5051.0,5166.5
330,2,22,5306,5315,5340,5436,1,1,1,1,314,316,317,320,46,47,47,48,5172.5,5181.0,5205.5,5300.5
330,2,23,5485,5609,5619,5647,1,1,1,1,363,365,367,370,59,61,62,62,5333.5,5457.5,5467.0,5493.5
330,2,24,5959,5817,5941,5954,1,1,1,1,411,413,416,420,82,80,83,84,5795.0,5651.0,5775.0,5786.5
330,2,25,6380,6295,6157,6282,1,1,1,1,442,443,445,449,107,106,104,107,6213.0,6127.0,5987.0,6111.5
330,2,26,6687,6712,6631,6499,1,1,1,1,462,464,467,471,129,131,130,128,6521.0,6546.0,6463.0,6328.0
330,2,27,7022,7019,7045,6970,1,1,1,1,475,476,479,484,143,143,145,144,6856.5,6853.0,6878.5,6800.5
330,2,28,7433,7354,7352,7381,1,1,1,1,482,484,486,490,152,151,152,153,7268.5,7188.0,7185.5,7213.0
330,2,29,7695,7752,7676,7678,2,2,1,1,474,475,477,482,152,154,154,155,7535.0,7592.5,7515.0,7515.0
330,2,30,8109,7998,8056,7984,2,2,2,2,458,459,462,466,155,154,156,156,7958.5,7846.5,7904.0,7830.0
330,2,31,8651,8390,8283,8343,2,2,2,2,438,440,443,447,160,157,156,158,8513.0,8249.5,8140.5,8199.5
330,2,32,9053,8900,8646,8543,2,2,2,2,413,414,418,421,165,163,160,159,8930.0,8775.5,8518.0,8413.0
330,2,33,9249,9265,9117,8869,2,2,2,2,381,383,386,388,167,169,167,163,9143.0,9159.0,9008.5,8757.5
330,2,34,9648,9442,9459,9315,3,3,3,3,356,359,361,364,165,163,164,163,9554.0,9345.5,9362.0,9216.0
330,2,35,9852,9814,9612,9630,3,3,3,3,328,330,332,334,161,161,159,160,9770.0,9731.0,9527.0,9544.5
330,2,36,10170,9995,9959,9762,3,3,3,3,301,302,304,307,158,156,156,154,10100.0,9923.5,9886.5,9687.0
330,2,37,9827,10287,10117,10082,3,3,3,3,276,277,280,281,149,157,155,155,9765.0,10228.5,10056.0,10020.5
330,2,38,9990,9936,10391,10224,4,3,4,3,255,255,258,258,143,143,150,148,9936.0,9881.5,10339.0,10170.5
330,2,39,9687,10081,10029,10479,4,4,4,4,232,232,234,236,131,137,137,144,9638.5,10035.5,9982.5,10435.0
330,2,40,9287,9776,10166,10116,4,4,4,4,213,214,215,217,114,121,126,126,9239.5,9731.5,10123.5,10072.5
330,2,41,9386,9375,9858,10245,4,4,4,4,195,195,195,198,103,103,109,115,9342.0,9331.0,9817.0,10205.5
330,2,42,8563,9461,9450,9930,4,5,4,5,176,177,176,180,87,97,97,103,8520.5,9423.5,9412.5,9894.0
330,2,43,8456,8632,9522,9513,4,4,5,5,159,158,160,163,83,85,94,95,8420.0,8597.5,9491.5,9481.5
330,2,44,8119,8512,8688,9569,5,5,5,5,144,144,146,146,78,83,85,94,8088.5,8484.0,8660.0,9545.5
330,2,45,7852,8174,8565,8740,5,5,5,5,127,128,129,130,64,68,71,73,7823.0,8146.5,8538.5,8714.0
330,2,46,7509,7906,8226,8614,5,5,6,6,113,114,115,116,51,55,57,61,7480.5,7879.0,8200.0,8589.5
330,2,47,7355,7558,7953,8271,6,6,6,6,102,102,103,103,45,47,50,52,7329.5,7533.5,7929.5,8248.5
330,2,48,7225,7396,7598,7991,6,6,6,7,92,92,93,95,44,45,47,50,7204.0,7375.5,7578.0,7972.0
330,2,49,7183,7255,7425,7626,7,7,7,7,81,82,83,84,44,45,47,49,7168.0,7240.0,7410.5,7612.0
330,2,50,6881,7207,7278,7447,7,7,7,7,74,74,74,75,41,43,44,46,6868.0,7195.0,7266.5,7436.0
330,2,51,6678,6897,7221,7292,8,8,8,8,66,65,66,67,40,41,44,45,6669.0,6889.0,7214.0,7285.0
330,2,52,6276,6690,6908,7230,8,8,8,8,58,57,58,58,35,37,39,41,6268.5,6684.0,6902.5,7225.5
330,2,53,5984,6288,6699,6916,8,8,8,8,51,51,51,52,30,31,34,36,5977.5,6282.0,6694.5,6912.0
330,2,54,5481,5996,6297,6707,8,8,9,9,46,46,46,47,24,26,28,30,5474.0,5990.0,6292.5,6703.0
330,2,55,5186,5489,6000,6300,8,8,9,9,41,41,41,42,24,25,28,30,5181.5,5485.0,5998.0,6298.5
330,2,56,5102,5189,5489,5997,9,9,9,10,37,37,36,37,25,25,27,30,5100.5,5187.5,5489.0,5998.5
330,2,57,4606,5099,5185,5484,9,9,9,10,32,32,32,33,23,26,27,28,4606.0,5100.5,5187.0,5486.5
330,2,58,4581,4605,5094,5180,10,10,10,10,28,29,28,29,20,20,23,24,4582.0,4605.5,5096.5,5182.5
330,2,59,4444,4577,4600,5087,10,10,10,11,25,24,24,25,18,18,19,21,4445.5,4579.0,4602.5,5090.5
330,2,60,3832,4438,4571,4594,10,11,12,11,21,21,23,22,14,16,17,17,3833.5,4441.0,4574.0,4597.0
330,2,61,3938,3824,4425,4557,12,11,13,13,19,19,19,19,17,16,19,20,3943.0,3828.0,4431.5,4564.0
330,2,62,3423,3926,3813,4410,11,12,11,13,16,17,16,17,14,17,16,19,3427.5,3932.0,3818.5,4417.5
330,2,63,3045,3411,3910,3798,11,12,14,13,15,15,16,16,13,15,18,18,3049.5,3417.0,3918.0,3805.5
330,2,64,2989,3035,3399,3894,12,12,13,15,14,14,14,14,12,12,13,15,2994.0,3040.0,3405.0,3902.0
330,2,65,2642,2977,3023,3384,13,14,13,16,12,12,12,13,9,10,11,12,2647.0,2983.0,3029.0,3391.5
330,2,66,2463,2631,2963,3009,12,13,15,15,11,12,12,12,9,10,11,11,2468.0,2636.5,2970.0,3016.0
330,2,67,2188,2450,2618,2947,12,14,14,16,10,10,11,11,8,9,10,11,2193.0,2456.5,2624.5,2955.0
330,2,68,1855,2174,2434,2600,13,14,15,16,9,9,9,9,7,9,10,11,1860.5,2181.0,2442.0,2609.0
330,2,69,1712,1843,2159,2416,13,13,15,17,8,8,8,8,6,7,8,9,1717.5,1849.0,2166.5,2425.0
330,2,70,1452,1699,1829,2141,12,14,14,17,7,7,7,7,5,6,7,8,1457.0,1705.5,1836.0,2150.0
330,2,71,1391,1439,1684,1813,13,14,15,15,6,6,6,6,5,5,6,7,1397.0,1445.5,1691.5,1821.0
330,2,72,1178,1377,1425,1667,12,14,15,17,5,5,6,6,4,5,5,6,1183.5,1384.0,1432.0,1675.5
330,2,73,1050,1165,1361,1409,13,14,16,16,5,5,5,5,4,4,5,5,1056.0,1171.5,1369.0,1417.0
330,2,74,988,1037,1150,1344,13,13,16,17,4,4,5,5,4,4,4,5,994.5,1043.5,1157.5,1352.5
330,2,75,808,974,1022,1133,13,14,15,17,4,4,4,4,3,4,4,4,814.0,981.0,1029.5,1141.5
330,2,76,801,796,958,1006,15,13,16,16,4,4,4,4,3,3,4,4,808.0,802.0,966.0,1014.0
330,2,77,655,787,781,940,14,14,15,18,3,3,3,3,2,3,3,3,661.5,794.0,788.5,949.0
330,2,78,588,642,770,765,14,14,17,16,3,3,3,3,2,2,3,3,594.5,648.5,778.5,773.0
330,2,79,522,574,627,752,13,14,15,17,2,2,2,2,2,2,2,3,528.5,581.0,634.5,761.0
340,1,0,103,103,103,103,0,0,0,0,104,104,104,104,1,1,1,1,51.5,51.5,51.5,51.5
340,1,1,243,232,233,233,0,0,0,0,135,134,135,135,6,5,5,5,178.5,167.5,168.0,168.0
340,1,2,458,363,353,354,0,0,0,0,131,131,132,132,15,11,11,11,400.0,303.0,292.5,293.5
340,1,3,654,568,477,467,0,0,0,0,130,131,131,131,24,21,17,17,601.0,513.0,420.0,410.0
340,1,4,791,741,658,571,0,0,0,0,114,114,114,115,29,27,24,21,748.5,697.5,613.0,524.0
340,1,5,937,864,816,737,0,0,0,0,106,106,106,107,36,33,31,28,902.0,827.5,778.5,697.5
340,1,6,1006,996,926,881,0,0,0,0,99,99,99,100,40,40,37,35,976.5,966.5,895.0,848.5
340,1,7,1047,1059,1050,983,0,0,0,0,94,94,95,95,40,41,41,38,1020.0,1032.5,1023.0,954.5
340,1,8,921,1099,1111,1102,0,0,0,0,90,90,91,90,32,38,39,38,892.0,1073.0,1085.0,1076.0
340,1,9,957,977,1148,1160,0,0,0,0,86,87,86,86,30,31,37,37,929.0,949.0,1123.5,1135.5
340,1,10,991,1010,1029,1195,0,0,0,0,83,84,83,84,30,31,31,37,964.5,983.5,1003.0,1171.5
340,1,11,1020,1045,1063,1082,0,0,0,0,81,81,81,82,27,27,28,29,993.0,1018.0,1036.5,1055.5
340,1,12,1080,1072,1096,1114,0,0,0,0,77,78,78,78,26,26,27,27,1054.5,1046.0,1070.5,1088.5
340,1,13,1094,1130,1122,1146,0,0,0,0,75,75,75,76,24,25,25,26,1068.5,1105.0,1097.0,1121.0
340,1,14,1103,1143,1179,1171,0,0,0,0,73,73,74,74,23,24,25,25,1078.0,1118.5,1154.5,1146.5
340,1,15,1085,1154,1193,1229,0,0,0,0,72,72,72,73,20,21,22,23,1059.0,1128.5,1168.0,1204.0
340,1,16,1168,1144,1212,1251,0,0,0,0,76,75,75,76,17,16,17,18,1138.5,1114.5,1183.0,1222.0
340,1,17,1245,1237,1214,1282,0,0,0,0,80,80,81,82,11,11,11,12,1210.5,1202.5,1179.0,1247.0
340,1,18,1282,1320,1312,1289,0,0,0,0,88,89,89,89,14,14,14,14,1245.0,1282.5,1274.5,1251.5
340,1,19,1434,1361,1397,1390,0,0,0,0,96,97,96,97,19,18,19,19,1395.5,1321.5,1358.5,1351.0
340,1,20,1582,1523,1451,1488,1,1,0,0,117,117,116,117,28,27,26,26,1538.0,1478.5,1406.0,1442.5
340,1,21,1687,1692,1635,1565,1,1,1,1,143,143,144,145,32,32,31,30,1632.0,1637.0,1579.0,1508.0
340,1,22,1771,1830,1836,1780,1,1,1,1,177,177,178,178,32,33,33,32,1699.0,1758.5,1764.0,1707.5
340,1,23,1928,1954,2012,2018,1,1,1,1,217,217,217,217,33,33,34,34,1836.5,1862.5,1921.0,1927.0
340,1,24,2136,2141,2168,2226,1,1,1,1,256,256,258,259,42,42,43,44,2029.5,2034.5,2061.0,2119.0
340,1,25,2252,2369,2375,2401,1,1,1,1,287,288,289,289,51,54,54,55,2134.5,2252.5,2258.0,2284.5
340,1,26,2596,2500,2615,2621,1,1,1,1,307,308,309,309,61,59,62,62,2473.5,2376.0,2492.0,2498.0
340,1,27,2834,2847,2754,2866,1,1,1,1,318,319,320,320,67,67,65,68,2709.0,2721.5,2627.0,2740.5
340,1,28,3131,3082,3094,3004,2,2,2,2,319,320,320,321,71,70,71,69,3008.0,2958.0,2970.5,2879.0
340,1,29,3919,3368,3320,3333,2,2,2,2,314,315,315,317,89,76,75,76,3807.5,3249.5,3201.0,3213.5
340,1,30,4732,4130,3592,3546,3,2,2,2,305,304,305,307,105,91,79,79,4633.5,4024.5,3480.0,3433.0
340,1,31,4987,4908,4320,3795,3,3,2,2,287,288,288,289,110,109,96,84,4900.0,4820.0,4225.0,3693.5
340,1,32,5127,5140,5063,4489,3,3,3,2,268,268,269,269,112,112,111,98,5050.5,5063.5,4985.5,4404.5
340,1,33,5531,5256,5269,5193,3,3,3,3,249,250,251,251,124,118,119,118,5470.0,5191.5,5204.5,5128.0
340,1,34,5435,5637,5368,5381,3,3,3,3,231,231,232,232,117,122,117,117,5379.5,5584.0,5312.0,5325.0
340,1,35,5476,5528,5727,5464,3,3,3,3,213,212,214,215,115,116,121,116,5428.5,5481.5,5682.0,5416.0
340,1,36,5547,5568,5620,5815,3,3,3,3,197,197,199,199,101,102,104,108,5500.5,5522.0,5574.0,5771.0
340,1,37,5486,5624,5645,5696,3,3,3,3,184,184,185,186,101,104,105,107,5446.0,5585.5,5606.5,5658.0
340,1,38,5278,5554,5690,5711,3,4,4,4,171,172,173,173,94,100,103,103,5241.0,5520.0,5657.0,5678.0
340,1,39,5293,5336,5607,5741,4,4,4,4,159,159,159,160,96,97,102,105,5263.5,5307.0,5580.5,5715.5
340,1,40,5112,5345,5387,5654,4,4,4,4,150,150,150,151,90,94,95,100,5084.0,5319.0,5361.5,5630.5
340,1,41,5159,5162,5390,5432,4,4,4,4,139,141,140,141,86,87,91,92,5134.5,5137.0,5367.5,5409.5
340,1,42,4883,5197,5200,5425,4,4,4,4,128,128,128,129,81,86,86,90,4861.5,5178.0,5181.0,5407.5
340,1,43,4698,4921,5230,5233,4,4,4,4,117,117,117,117,71,75,80,80,4677.0,4902.0,5213.5,5216.5
340,1,44,4587,4732,4952,5256,4,4,5,5,107,107,109,109,67,69,73,78,4569.0,4715.0,4936.5,5243.0
340,1,45,4455,4617,4759,4976,4,5,5,5,97,98,97,97,61,63,65,68,4439.0,4602.0,4745.5,4964.0
340,1,46,4232,4475,4635,4776,5,5,5,5,87,86,86,87,58,61,63,65,4220.0,4465.0,4626.0,4767.5
340,1,47,4156,4249,4489,4647,5,5,5,5,79,79,79,79,56,57,60,62,4147.0,4240.5,4482.0,4641.0
340,1,48,4148,4170,4262,4498,6,5,5,6,73,72,72,73,53,53,54,58,4141.0,4163.0,4255.5,4493.5
340,1,49,4118,4159,4181,4272,6,6,6,6,65,65,65,66,47,48,48,50,4112.0,4153.5,4175.5,4267.0
340,1,50,3938,4128,4169,4190,7,7,7,7,60,61,62,61,42,44,45,45,3932.5,4123.0,4164.0,4185.5
340,1,51,3790,3946,4133,4174,8,7,7,7,57,56,56,56,40,41,44,44,3785.5,3942.0,4130.5,4171.5
340,1,52,3842,3793,3948,4133,8,7,7,8,50,50,51,52,40,40,42,44,3841.0,3791.5,3947.0,4133.0
340,1,53,3751,3842,3794,3947,9,8,8,8,46,45,46,46,36,37,37,39,3750.5,3842.0,3793.5,3947.5
340,1,54,3641,3746,3836,3789,10,9,9,9,41,40,40,41,35,36,37,37,3643.0,3748.5,3839.0,3791.5
340,1,55,3744,3634,3738,3828,10,9,9,9,35,35,35,36,34,33,34,35,3748.5,3637.5,3742.0,3832.0
340,1,56,3755,3730,3621,3724,12,11,10,10,31,31,31,32,34,34,34,36,3762.5,3737.0,3627.5,3731.0
340,1,57,3708,3739,3714,3607,12,12,11,11,29,29,29,29,33,33,34,32,3716.0,3747.0,3722.0,3614.0
340,1,58,3596,3690,3721,3698,13,12,12,12,26,26,26,26,30,32,32,30,3604.5,3699.0,3730.0,3706.0
340,1,59,3448,3578,3672,3703,14,14,14,14,23,23,23,23,26,27,27,27,3456.5,3587.0,3681.0,3712.0
340,1,60,3332,3432,3561,3654,15,14,15,15,20,20,20,20,20,22,22,23,3339.5,3440.0,3569.5,3663.0
340,1,61,3300,3312,3411,3540,17,16,16,16,19,19,19,19,23,23,24,24,3310.5,3322.0,3421.5,3550.5
340,1,62,3021,3278,3289,3388,17,17,17,17,16,16,16,16,20,21,22,22,3031.5,3289.0,3300.5,3399.5
340,1,63,2773,2999,3252,3264,18,18,19,18,15,15,15,15,18,19,22,22,2783.5,3010.0,3265.0,3276.5
340,1,64,2704,2751,2974,3225,20,18,19,20,14,14,14,14,17,18,20,21,2715.5,2762.0,2986.5,3238.5
340,1,65,2647,2678,2725,2945,21,20,20,21,13,13,13,13,19,19,19,21,2660.5,2691.0,2738.0,2959.5
340,1,66,2383,2617,2648,2694,22,22,21,21,12,12,12,12,18,20,21,22,2397.0,2632.0,2663.0,2709.5
340,1,67,2319,2355,2585,2616,23,22,24,24,11,11,11,11,17,17,19,19,2333.5,2369.0,2601.0,2632.0
340,1,68,2124,2291,2327,2554,23,24,23,25,9,10,10,10,13,14,15,16,2137.5,2305.0,2341.0,2569.5
340,1,69,2004,2095,2260,2296,25,24,25,24,8,8,8,8,12,13,14,15,2018.5,2109.5,2275.5,2311.5
340,1,70,1697,1975,2065,2227,24,25,26,28,7,7,7,7,9,11,11,12,1710.0,1989.5,2080.0,2243.5
340,1,71,1790,1670,1943,2032,27,24,27,28,6,6,6,6,10,9,11,11,1805.5,1683.5,1959.0,2048.5
340,1,72,1747,1757,1641,1909,30,28,25,28,5,5,5,5,10,10,9,11,1764.5,1773.5,1655.5,1926.0
340,1,73,1471,1712,1722,1609,29,31,30,28,5,5,5,5,8,9,10,9,1487.0,1729.5,1739.5,1625.0
340,1,74,1367,1437,1673,1684,30,30,34,33,4,4,4,4,8,8,9,9,1384.0,1454.0,1692.5,1703.0
340,1,75,1204,1331,1400,1630,30,32,33,38,3,3,4,4,7,7,8,9,1221.0,1349.0,1418.5,1651.5
340,1,76,1020,1168,1292,1360,30,33,35,35,3,3,3,3,6,6,7,8,1036.5,1186.0,1311.5,1380.0
340,1,77,986,985,1128,1248,35,32,36,39,2,2,2,2,5,5,6,7,1005.0,1002.5,1148.0,1270.0
340,1,78,939,947,946,1085,39,36,36,39,2,2,2,2,5,5,5,6,960.0,966.5,965.5,1106.5
340,1,79,930,898,906,906,44,38,38,37,2,2,2,2,5,5,5,5,953.5,918.5,926.5,926.0
340,2,0,97,97,98,98,0,0,0,0,97,97,98,98,0,0,0,0,48.5,48.5,49.0,49.0
340,2,1,237,215,216,216,0,0,0,0,123,123,124,123,6,5,5,5,178.5,156.0,156.5,157.0
340,2,2,412,346,325,326,0,0,0,0,120,119,120,120,13,10,10,10,358.5,291.5,270.0,271.0
340,2,3,569,510,448,429,0,0,0,0,119,119,120,121,23,21,18,17,521.0,461.0,397.0,377.0
340,2,4,755,648,592,533,0,0,0,0,107,107,107,107,33,28,25,22,718.0,608.5,551.0,490.5
340,2,5,832,818,717,664,0,0,0,0,100,99,100,101,37,36,31,29,800.5,786.5,682.5,628.0
340,2,6,936,888,875,778,0,0,0,0,95,96,96,95,42,40,39,34,909.5,860.0,846.5,747.5
340,2,7,959,988,941,929,0,0,0,0,91,92,91,91,38,40,38,37,932.5,962.0,914.5,902.0
340,2,8,875,1006,1034,989,0,0,0,0,86,87,87,87,34,40,41,39,849.0,982.5,1011.0,965.0
340,2,9,881,925,1051,1079,0,0,0,0,83,82,82,83,31,32,37,38,855.0,900.0,1028.5,1056.5
340,2,10,874,928,972,1094,0,0,0,0,79,79,80,80,30,32,33,37,849.5,904.5,948.5,1072.5
340,2,11,974,925,977,1019,0,0,0,0,76,77,76,75,27,26,27,28,949.5,899.5,952.5,995.5
340,2,12,998,1020,972,1024,0,0,0,0,72,72,72,73,25,26,25,26,974.5,997.0,948.5,1000.5
340,2,13,1005,1044,1066,1019,0,0,0,0,70,70,70,70,23,24,24,23,981.5,1021.0,1043.0,995.5
340,2,14,1075,1050,1088,1110,0,0,0,0,68,68,67,68,23,23,23,24,1052.5,1027.5,1066.0,1088.0
340,2,15,1086,1120,1096,1134,0,0,0,0,66,66,66,67,20,21,20,21,1063.0,1097.5,1073.0,1111.0
340,2,16,1067,1137,1171,1148,0,0,0,0,70,70,70,71,18,19,19,19,1041.0,1111.5,1145.5,1122.0
340,2,17,1096,1128,1197,1231,0,0,0,0,77,78,78,78,16,17,18,18,1065.5,1097.5,1167.0,1201.0
340,2,18,1150,1166,1198,1266,0,0,0,0,88,88,88,89,18,18,18,20,1115.0,1131.0,1163.0,1231.5
340,2,19,1269,1231,1247,1279,0,0,0,0,99,100,100,101,19,19,19,20,1229.0,1190.5,1206.5,1238.5
340,2,20,1384,1369,1332,1349,0,0,0,0,126,126,126,127,26,26,25,25,1334.0,1319.0,1281.5,1298.0
340,2,21,1586,1509,1496,1460,0,0,0,0,157,157,158,159,33,32,31,31,1524.0,1446.5,1432.5,1396.0
340,2,22,1637,1739,1665,1652,0,0,0,0,190,189,191,191,34,36,35,35,1559.0,1662.5,1587.0,1574.0
340,2,23,1852,1822,1923,1851,0,0,0,0,222,222,223,224,38,37,39,38,1760.0,1729.5,1831.0,1758.0
340,2,24,2061,2063,2034,2133,0,0,0,0,257,258,258,259,47,47,46,49,1956.0,1957.5,1928.0,2028.0
340,2,25,2343,2281,2283,2256,0,0,0,0,280,280,280,281,62,60,60,59,2234.0,2171.0,2173.0,2145.0
340,2,26,2606,2564,2505,2507,0,0,0,0,289,288,290,290,69,67,66,66,2496.0,2453.5,2393.0,2395.0
340,2,27,2859,2827,2786,2729,0,0,0,0,291,291,291,292,71,70,69,68,2749.0,2716.5,2675.0,2617.0
340,2,28,3052,3078,3047,3008,1,1,1,1,289,290,291,292,69,70,70,69,2942.5,2968.5,2937.0,2897.0
340,2,29,3817,3260,3285,3255,1,1,1,1,279,280,280,280,83,71,72,71,3719.5,3156.0,3181.5,3151.0
340,2,30,4368,3991,3447,3472,1,1,1,1,265,265,266,267,99,90,78,79,4285.5,3904.0,3353.5,3378.5
340,2,31,4612,4521,4152,3620,1,1,1,1,248,249,249,250,96,95,87,76,4536.5,4444.5,4071.5,3533.5
340,2,32,4954,4744,4655,4294,1,1,1,1,230,230,230,231,101,97,95,88,4890.0,4678.0,4588.0,4223.0
340,2,33,5010,5071,4865,4778,1,1,1,1,213,213,214,214,94,95,92,90,4951.0,5012.5,4804.5,4716.5
340,2,34,5091,5112,5172,4970,1,1,1,1,194,195,196,196,91,92,94,90,5040.0,5061.0,5121.5,4917.5
340,2,35,5046,5186,5206,5265,1,1,1,1,180,180,180,181,82,84,85,87,4997.5,5138.5,5159.0,5218.5
340,2,36,5028,5133,5271,5291,1,1,1,1,165,166,166,167,75,78,80,81,4983.5,5089.5,5228.5,5248.5
340,2,37,5077,5105,5209,5345,2,2,2,2,154,154,155,155,74,75,77,79,5038.0,5066.5,5171.0,5308.0
340,2,38,5075,5143,5171,5273,2,2,2,2,141,142,143,142,72,74,75,76,5041.5,5110.0,5138.0,5241.0
340,2,39,4857,5137,5204,5231,2,2,2,2,132,132,132,132,64,68,69,70,4824.0,5106.0,5173.5,5201.0
340,2,40,4878,4913,5189,5255,2,2,2,2,120,121,121,121,62,63,67,68,4850.0,4885.0,5163.0,5229.5
340,2,41,4640,4931,4965,5238,2,2,2,2,112,113,112,113,54,58,58,62,4612.0,4904.5,4939.0,5213.5
340,2,42,4578,4688,4976,5009,2,2,2,2,102,102,103,102,51,52,56,56,4553.5,4664.0,4953.5,4987.0
340,2,43,4415,4620,4729,5014,2,2,2,3,92,92,93,94,46,48,50,53,4393.0,4599.0,4708.5,4995.0
340,2,44,4427,4451,4654,4762,3,3,3,3,84,85,85,85,45,46,48,49,4409.0,4433.0,4637.0,4745.5
340,2,45,4233,4458,4482,4683,3,3,3,3,75,76,76,76,39,42,42,44,4216.5,4442.5,4466.5,4668.5
340,2,46,4105,4261,4483,4507,3,3,3,3,68,69,68,68,36,38,40,40,4090.5,4247.0,4470.5,4494.5
340,2,47,4091,4130,4284,4504,3,3,3,4,62,62,62,63,34,34,36,38,4078.5,4117.5,4272.5,4493.5
340,2,48,4034,4108,4147,4300,4,4,4,4,56,56,57,57,34,35,36,37,4025.0,4099.5,4138.5,4292.0
340,2,49,4045,4047,4121,4159,4,4,4,4,51,51,52,51,34,34,35,35,4038.5,4040.5,4114.5,4153.0
340,2,50,4022,4057,4059,4132,4,4,4,4,47,48,48,47,31,32,32,32,4016.0,4051.0,4053.0,4126.5
340,2,51,3829,4033,4067,4069,5,5,5,5,44,45,44,45,27,29,29,30,3823.0,4027.5,4062.0,4064.0
340,2,52,3871,3842,4044,4078,5,5,5,5,40,41,40,40,22,23,24,24,3864.5,3835.5,4038.5,4072.5
340,2,53,3645,3881,3852,4053,5,5,5,5,37,37,37,37,20,22,22,23,3639.0,3876.0,3847.0,4048.5
340,2,54,3718,3654,3888,3860,6,6,6,6,34,34,34,35,19,19,21,21,3713.5,3649.5,3884.5,3856.0
340,2,55,3793,3721,3658,3890,6,6,6,6,30,29,30,30,21,20,20,22,3791.5,3719.5,3656.0,3889.0
340,2,56,3870,3790,3719,3656,8,7,7,7,26,26,27,26,22,22,22,21,3872.0,3791.5,3720.0,3657.0
340,2,57,3758,3864,3784,3714,8,8,8,7,24,23,23,23,21,21,21,21,3760.5,3867.0,3787.0,3716.5
340,2,58,3625,3750,3856,3776,9,9,9,8,20,20,20,20,18,19,19,20,3628.5,3754.0,3860.0,3780.0
340,2,59,3503,3617,3741,3846,9,9,9,9,17,17,17,17,15,16,17,18,3506.5,3621.0,3745.5,3851.0
340,2,60,3316,3493,3606,3729,10,10,10,10,15,15,15,16,14,15,16,18,3320.5,3498.0,3611.5,3735.0
340,2,61,3351,3303,3478,3590,11,11,11,11,14,14,14,14,17,16,18,19,3358.0,3309.5,3485.5,3598.0
340,2,62,3132,3335,3287,3461,11,12,11,12,13,13,13,13,16,17,18,18,3139.0,3343.0,3295.0,3469.5
340,2,63,2754,3115,3317,3269,11,13,13,13,12,12,12,12,14,16,17,17,2760.5,3123.5,3326.0,3278.0
340,2,64,2724,2737,3095,3295,12,12,14,14,11,11,11,11,15,16,17,19,2732.0,2745.5,3105.0,3306.0
340,2,65,2675,2703,2716,3070,14,14,14,16,10,10,10,10,17,17,17,19,2685.5,2713.5,2726.5,3082.5
340,2,66,2548,2651,2678,2692,15,15,15,15,8,8,8,9,16,17,18,18,2559.5,2663.0,2690.5,2704.0
340,2,67,2515,2524,2626,2653,17,17,17,16,8,8,8,8,15,15,16,17,2527.0,2536.0,2638.5,2665.5
340,2,68,2231,2490,2499,2600,16,18,17,18,6,6,6,6,12,13,14,14,2242.0,2502.5,2511.5,2613.0
340,2,69,2108,2208,2464,2473,18,18,20,19,6,6,6,6,10,11,12,13,2119.0,2219.5,2477.0,2486.0
340,2,70,1889,2084,2183,2436,18,19,20,22,5,5,5,5,9,10,10,11,1900.0,2096.0,2195.5,2450.0
340,2,71,1897,1866,2058,2156,19,18,21,22,4,4,4,5,9,9,9,10,1909.0,1877.5,2071.0,2169.5
340,2,72,1692,1871,1841,2030,20,21,21,23,4,4,4,4,8,9,8,9,1704.0,1884.0,1853.5,2044.0
340,2,73,1604,1666,1842,1813,21,21,24,23,3,3,3,3,7,8,8,8,1616.5,1679.0,1856.5,1827.0
340,2,74,1428,1576,1638,1811,21,24,23,26,3,3,3,3,7,7,8,8,1440.5,1590.0,1652.0,1826.5
340,2,75,1242,1401,1546,1607,21,24,26,27,3,3,3,3,6,6,7,7,1254.0,1414.5,1561.0,1622.5
340,2,76,1072,1215,1371,1513,22,24,27,29,3,3,3,3,5,6,6,7,1084.0,1228.5,1386.0,1529.5
340,2,77,980,1046,1185,1337,22,23,27,30,2,2,2,2,5,5,5,6,992.5,1059.0,1200.0,1354.0
340,2,78,932,952,1017,1152,26,26,26,30,2,2,2,2,4,4,5,5,946.0,966.0,1031.5,1168.5
340,2,79,915,903,923,985,29,27,27,29,2,2,2,2,4,4,4,5,930.5,917.5,937.5,1001.0
300,1,80,27533,32377,35250,38295,1309,1458,1554,1653,11,11,10,10,3,4,4,4,28183.5,33102.5,36024.0,39118.5
300,1,81,24682,26183,30819,33585,1348,1354,1561,1668,7,7,7,7,3,3,4,4,25354.0,26858.0,31598.0,34417.5
300,1,82,23211,23311,24755,29167,1446,1374,1431,1655,6,6,6,6,3,3,3,3,23932.5,23996.5,25469.0,29993.0
300,1,83,20547,21737,21856,23237,1474,1475,1456,1519,4,4,4,4,2,3,3,3,21283.0,22474.0,22583.5,23996.0
300,1,84,17967,19056,20186,20322,1488,1493,1553,1536,4,4,4,4,2,2,2,2,18710.0,19801.5,20961.5,21089.0
300,1,85,15971,16467,17489,18551,1540,1502,1569,1637,4,4,4,4,2,2,2,2,16740.0,17217.0,18272.5,19368.5
300,1,86,13511,14449,14921,15870,1506,1523,1547,1620,3,3,3,3,2,2,2,2,14263.5,15210.0,15694.0,16679.5
300,1,87,11371,12047,12904,13346,1465,1466,1546,1576,3,3,3,3,1,1,2,2,12102.5,12779.0,13676.5,14133.5
300,1,88,9840,9973,10583,11354,1463,1399,1465,1551,2,2,2,2,1,1,1,1,10571.0,10672.0,11315.0,12129.0
300,1,89,8547,8484,8612,9155,1448,1356,1361,1428,1,1,1,1,1,1,1,1,9271.0,9162.0,9292.5,9869.0
300,1,90,7047,7202,7162,7284,1394,1345,1322,1328,1,1,1,1,1,1,1,1,7744.0,7874.5,7823.0,7948.0
300,1,91,5614,5807,5946,5924,1272,1241,1257,1238,1,1,1,1,0,0,0,1,6249.5,6427.0,6574.0,6543.0
300,1,92,4255,4503,4667,4788,1114,1111,1141,1159,0,0,1,1,0,0,0,0,4812.0,5058.5,5237.0,5367.0
300,1,93,3339,3311,3510,3644,1012,944,993,1023,0,0,0,0,0,0,0,0,3845.0,3783.0,4006.5,4155.5
300,1,94,2424,2524,2507,2662,833,815,804,848,0,0,0,0,0,0,0,0,2840.5,2931.5,2909.0,3086.0
300,1,95,1775,1782,1858,1848,681,642,666,659,0,0,0,0,0,0,0,0,2115.5,2103.0,2191.0,2177.5
300,1,96,1220,1249,1256,1311,547,526,526,547,0,0,0,0,0,0,0,0,1493.5,1512.0,1519.0,1584.5
300,1,97,808,828,849,855,407,392,400,401,0,0,0,0,0,0,0,0,1011.5,1024.0,1049.0,1055.5
300,1,98,529,532,546,560,293,276,282,289,0,0,0,0,0,0,0,0,675.5,670.0,687.0,704.5
300,1,99,330,335,336,345,205,194,196,201,0,0,0,0,0,0,0,0,432.5,432.0,434.0,445.5
300,1,100,196,199,202,203,137,131,133,133,0,0,0,0,0,0,0,0,264.5,264.5,268.5,269.5
300,1,101,115,112,114,116,85,84,85,86,0,0,0,0,0,0,0,0,157.5,154.0,156.5,159.0
300,1,102,46,64,63,64,36,51,49,50,0,0,0,0,0,0,0,0,64.0,89.5,87.5,89.0
300,1,103,29,25,35,34,25,21,29,29,0,0,0,0,0,0,0,0,41.5,35.5,49.5,48.5
300,1,104,8,15,13,18,8,14,12,17,0,0,0,0,0,0,0,0,12.0,22.0,19.0,26.5
300,1,105+,7,7,11,11,8,8,11,13,0,0,0,0,0,0,0,0,11.0,11.0,16.5,17.5
300,2,80,31499,36474,39901,42642,1015,1152,1242,1309,8,8,7,7,2,2,3,3,32003.5,37047.0,40520.0,43294.5
300,2,81,29061,30398,35214,38541,1078,1105,1264,1363,6,6,6,6,2,2,2,3,29598.0,30948.5,35844.0,39221.0
300,2,82,28108,27906,29205,33850,1190,1158,1196,1367,5,5,5,5,2,2,2,2,28701.5,28483.5,29801.5,34532.0
300,2,83,26043,26818,26642,27899,1280,1292,1266,1308,4,4,4,4,2,2,2,2,26682.0,27463.0,27274.0,28552.0
300,2,84,23157,24676,25428,25278,1309,1368,1391,1365,3,3,3,3,2,2,2,2,23811.0,25359.5,26123.0,25960.0
300,2,85,21344,21741,23185,23911,1420,1417,1491,1517,2,2,2,2,1,1,2,2,22053.5,22449.0,23930.5,24669.5
300,2,86,18726,19841,20227,21590,1449,1504,1515,1596,2,2,2,2,1,1,1,1,19450.0,20592.5,20984.0,22387.5
300,2,87,16927,17216,18259,18632,1517,1511,1583,1596,2,2,2,2,1,1,1,1,17685.0,17971.0,19050.0,19429.5
300,2,88,15392,15352,15630,16594,1614,1576,1587,1666,2,2,2,2,1,1,1,1,16198.5,16139.5,16423.0,17426.5
300,2,89,14071,13750,13730,13995,1716,1642,1622,1635,1,1,1,1,1,1,1,1,14929.0,14571.0,14541.0,14812.5
300,2,90,12335,12341,12075,12072,1767,1731,1676,1659,1,1,1,1,0,0,0,0,13218.0,13206.0,12912.5,12901.0
300,2,91,10768,10615,10635,10419,1782,1721,1707,1657,1,1,1,1,0,0,0,0,11658.5,11475.0,11488.0,11247.0
300,2,92,8813,9067,8951,8980,1690,1701,1665,1656,0,0,1,1,0,0,0,0,9658.0,9917.5,9783.0,9807.5
300,2,93,7424,7241,7460,7375,1648,1572,1607,1576,0,0,0,0,0,0,0,0,8248.0,8027.0,8263.5,8163.0
300,2,94,5892,5940,5802,5986,1505,1484,1439,1474,0,0,0,0,0,0,0,0,6644.5,6682.0,6521.5,6723.0
300,2,95,4570,4593,4637,4535,1322,1299,1303,1267,0,0,0,0,0,0,0,0,5231.0,5242.5,5288.5,5168.5
300,2,96,3487,3445,3467,3505,1165,1125,1126,1132,0,0,0,0,0,0,0,0,4069.5,4007.5,4030.0,4071.0
300,2,97,2614,2550,2522,2542,983,937,923,925,0,0,0,0,0,0,0,0,3105.5,3018.5,2983.5,3004.5
300,2,98,1759,1831,1788,1771,770,783,762,751,0,0,0,0,0,0,0,0,2144.0,2222.5,2169.0,2146.5
300,2,99,1182,1197,1247,1219,569,562,584,569,0,0,0,0,0,0,0,0,1466.5,1478.0,1539.0,1503.5
300,2,100,848,778,788,822,452,404,409,425,0,0,0,0,0,0,0,0,1074.0,980.0,992.5,1034.5
300,2,101,549,535,490,497,318,313,288,291,0,0,0,0,0,0,0,0,708.0,691.5,634.0,642.5
300,2,102,272,338,330,302,168,211,205,188,0,0,0,0,0,0,0,0,356.0,443.5,432.5,396.0
300,2,103,144,164,204,198,94,108,134,132,0,0,0,0,0,0,0,0,191.0,218.0,271.0,264.0
300,2,104,88,83,94,117,64,61,70,87,0,0,0,0,0,0,0,0,120.0,113.5,129.0,160.5
300,2,105+,82,92,95,102,69,78,80,87,0,0,0,0,0,0,0,0,116.5,131.0,135.0,145.5
310,1,80,2897,2636,2701,2691,154,132,134,130,5,5,5,5,15,14,14,14,2979.0,2706.5,2772.5,2760.5
310,1,81,2621,2730,2487,2551,158,156,139,140,3,3,3,3,14,14,13,13,2705.5,2813.5,2561.5,2626.0
310,1,82,2326,2453,2558,2334,160,159,163,145,4,4,4,4,12,13,13,12,2410.0,2537.0,2644.0,2410.5
310,1,83,2086,2158,2278,2378,164,160,166,171,3,3,3,3,11,11,12,12,2172.0,2242.0,2365.5,2468.0
310,1,84,1764,1915,1983,2097,161,164,168,173,3,3,3,3,9,10,10,11,1847.5,2000.5,2070.5,2187.5
310,1,85,1492,1603,1742,1807,153,155,167,169,3,3,3,3,8,9,9,10,1571.0,1683.5,1828.5,1895.0
310,1,86,1267,1339,1441,1568,147,148,156,168,2,2,2,2,7,7,8,8,1343.0,1415.5,1522.0,1655.0
310,1,87,992,1123,1189,1281,131,140,146,155,2,2,2,2,5,6,6,7,1059.0,1195.0,1264.0,1361.0
310,1,88,826,864,980,1039,125,125,140,146,2,2,2,2,5,5,5,6,890.0,928.0,1051.5,1114.0
310,1,89,631,706,741,842,111,117,120,134,1,1,1,1,3,4,4,5,687.5,766.0,802.5,911.0
310,1,90,568,530,594,624,113,100,110,115,1,1,1,1,3,2,3,3,625.5,580.5,650.0,682.5
310,1,91,426,468,437,491,96,99,92,102,1,1,1,1,2,2,2,2,474.5,518.0,483.5,542.5
310,1,92,333,342,376,352,85,82,90,83,0,0,0,0,2,2,2,2,376.5,384.0,422.0,394.5
310,1,93,234,260,268,295,69,72,73,80,0,0,0,0,1,1,1,1,269.0,296.5,305.0,335.5
310,1,94,166,178,198,204,55,55,61,63,0,0,0,0,1,1,1,1,194.0,206.0,229.0,236.0
310,1,95,127,123,132,147,47,42,45,50,0,0,0,0,1,1,1,1,151.0,144.5,155.0,172.5
310,1,96,87,90,87,93,38,37,36,39,0,0,0,0,0,0,0,0,106.0,108.5,105.0,112.5
310,1,97,64,59,62,60,31,28,28,27,0,0,0,0,0,0,0,0,79.5,73.0,76.0,73.5
310,1,98,43,42,40,41,23,22,19,21,0,0,0,0,0,0,0,0,54.5,53.0,49.5,51.5
310,1,99,16,27,27,25,10,16,15,15,0,0,0,0,0,0,0,0,21.0,35.0,34.5,32.5
310,1,100,10,10,17,17,6,6,10,10,0,0,0,0,0,0,0,0,13.0,13.0,22.0,22.0
310,1,101,8,6,6,10,6,4,4,7,0,0,0,0,0,0,0,0,11.0,8.0,8.0,13.5
310,1,102,3,5,3,3,2,3,3,3,0,0,0,0,0,0,0,0,4.0,6.5,4.5,4.5
310,1,103,2,2,3,2,1,1,2,1,0,0,0,0,0,0,0,0,2.5,2.5,4.0,2.5
310,1,104,2,1,1,1,1,1,1,2,0,0,0,0,0,0,0,0,2.5,1.5,1.5,2.0
310,1,105+,1,1,1,1,2,2,1,1,0,0,0,0,0,0,0,0,2.0,2.0,1.5,1.5
310,2,80,3552,3029,3324,3452,130,106,114,116,5,5,5,5,12,10,11,12,3620.5,3084.5,3384.0,3513.5
310,2,81,3047,3411,2911,3195,127,136,114,124,6,6,6,6,10,11,10,11,3112.5,3481.5,2970.0,3259.5
310,2,82,3216,2911,3261,2785,151,131,144,122,5,5,5,5,11,10,11,9,3294.5,2979.0,3336.0,2848.0
310,2,83,2930,3052,2765,3099,159,159,142,157,5,5,5,5,10,10,9,10,3012.0,3134.0,2838.0,3180.0
310,2,84,2712,2763,2880,2612,166,162,166,149,4,4,4,5,9,9,10,9,2797.5,2846.5,2966.0,2688.5
310,2,85,2442,2532,2582,2694,176,174,175,180,3,3,3,3,8,9,9,9,2532.5,2622.0,2672.5,2787.0
310,2,86,2246,2258,2343,2392,187,179,184,185,3,3,3,3,8,8,8,8,2342.0,2350.0,2437.5,2487.0
310,2,87,2096,2052,2065,2145,203,190,189,194,3,3,3,3,7,7,7,7,2199.5,2149.0,2161.5,2244.0
310,2,88,1640,1888,1850,1864,186,204,199,198,3,3,3,3,6,7,6,6,1734.5,1992.0,1951.0,1964.5
310,2,89,1503,1454,1676,1645,198,183,208,201,2,2,2,2,5,5,6,6,1603.5,1547.0,1782.0,1747.5
310,2,90,1384,1311,1270,1465,212,191,183,209,2,2,2,2,3,3,3,4,1490.5,1407.0,1362.0,1570.5
310,2,91,1166,1187,1125,1092,202,195,184,176,1,1,1,1,3,3,3,3,1268.0,1285.5,1218.0,1181.0
310,2,92,933,979,997,947,187,186,188,177,1,1,1,1,2,2,3,2,1027.0,1072.5,1092.0,1036.0
310,2,93,755,766,804,820,173,166,174,176,1,1,1,1,2,2,2,2,842.0,849.5,891.5,908.5
310,2,94,575,604,614,645,150,149,150,157,0,0,0,0,1,2,2,2,650.5,679.5,690.0,724.5
310,2,95,438,450,473,481,128,124,130,132,0,0,0,0,1,1,1,1,502.5,512.5,538.5,547.5
310,2,96,310,333,342,360,103,104,107,112,0,0,0,0,1,1,1,1,362.0,385.5,396.0,416.5
310,2,97,240,229,245,252,89,80,87,89,0,0,0,0,1,1,1,1,285.0,269.5,289.0,297.0
310,2,98,143,169,162,174,63,71,67,71,0,0,0,0,0,0,0,0,174.5,204.5,195.5,209.5
310,2,99,95,98,116,111,45,45,53,51,0,0,0,0,0,0,0,0,117.5,120.5,142.5,136.5
310,2,100,56,63,66,78,29,32,32,38,0,0,0,0,0,0,0,0,70.5,79.0,82.0,97.0
310,2,101,33,35,40,42,19,21,23,24,0,0,0,0,0,0,0,0,42.5,45.5,51.5,54.0
310,2,102,22,20,22,25,14,13,13,15,0,0,0,0,0,0,0,0,29.0,26.5,28.5,32.5
310,2,103,7,14,12,13,5,8,8,9,0,0,0,0,0,0,0,0,9.5,18.0,16.0,17.5
310,2,104,3,4,8,7,3,3,6,5,0,0,0,0,0,0,0,0,4.5,5.5,11.0,9.5
310,2,105+,5,5,5,7,4,3,4,6,0,0,0,0,0,0,0,0,7.0,6.5,7.0,10.0
320,1,80,130,175,151,204,5,7,6,7,0,0,0,0,1,1,1,2,133.0,179.0,154.5,208.5
320,1,81,139,123,167,144,7,6,7,6,0,0,0,0,1,1,1,1,143.0,126.5,171.0,147.5
320,1,82,73,131,117,158,4,7,5,8,0,0,0,0,1,1,1,1,75.5,135.0,120.0,162.5
320,1,83,79,69,123,110,5,3,7,6,0,0,0,0,1,1,1,1,82.0,71.0,127.0,113.5
320,1,84,58,74,64,115,5,4,5,7,0,0,0,0,0,1,0,1,60.5,76.5,66.5,119.0
320,1,85,46,53,68,59,5,5,5,5,0,0,0,0,0,0,1,0,48.5,55.5,71.0,61.5
320,1,86,37,42,49,62,4,4,4,6,0,0,0,0,0,0,0,0,39.0,44.0,51.0,65.0
320,1,87,24,33,38,44,3,4,4,5,0,0,0,0,0,0,0,0,25.5,35.0,40.0,46.5
320,1,88,23,21,29,33,3,3,4,5,0,0,0,0,0,0,0,0,24.5,22.5,31.0,35.5
320,1,89,17,20,18,25,3,3,3,4,0,0,0,0,0,0,0,0,18.5,21.5,19.5,27.0
320,1,90,8,14,17,16,2,3,3,2,0,0,0,0,0,0,0,0,9.0,15.5,18.5,17.0
320,1,91,7,7,12,14,2,1,2,3,0,0,0,0,0,0,0,0,8.0,7.5,13.0,15.5
320,1,92,8,6,6,10,2,1,1,2,0,0,0,0,0,0,0,0,9.0,6.5,6.5,11.0
320,1,93,2,6,5,5,0,2,1,1,0,0,0,0,0,0,0,0,2.0,7.0,5.5,5.5
320,1,94,6,1,5,4,2,1,1,1,0,0,0,0,0,0,0,0,7.0,1.5,5.5,4.5
320,1,95,1,4,1,4,0,2,0,1,0,0,0,0,0,0,0,0,1.0,5.0,1.0,4.5
320,1,96,2,1,3,1,1,0,1,0,0,0,0,0,0,0,0,0,2.5,1.0,3.5,1.0
320,1,97,3,1,0,2,1,1,1,1,0,0,0,0,0,0,0,0,3.5,1.5,0.5,2.5
320,1,98,3,2,1,0,1,1,0,0,0,0,0,0,0,0,0,0,3.5,2.5,1.0,0.0
320,1,99,0,2,1,1,0,1,1,0,0,0,0,0,0,0,0,0,0.0,2.5,1.5,1.0
320,1,100,1,0,1,1,1,0,1,0,0,0,0,0,0,0,0,0,1.5,0.0,1.5,1.0
320,1,101,0,1,0,1,0,0,0,0,0,0,0,0,0,0,0,0,0.0,1.0,0.0,1.0
320,1,102,0,0,0,0,0,0,1,0,0,0,0,0,0,0,0,0,0.0,0.0,0.5,0.0
320,1,103,1,0,0,0,0,0,0,0,0,0,0,0,0,0,0,0,1.0,0.0,0.0,0.0
320,1,104,0,0,0,0,0,1,0,0,0,0,0,0,0,0,0,0,0.0,0.5,0.0,0.0
320,1,105+,0,0,0,0,0,0,0,0,0,0,0,0,0,0,0,0,0.0,0.0,0.0,0.0
320,2,80,66,103,106,108,2,3,3,3,1,1,1,1,1,1,1,1,67.0,104.5,107.5,109.5
320,2,81,95,64,100,103,3,3,3,3,1,1,1,1,1,0,1,1,96.5,65.0,101.5,104.5
320,2,82,56,91,62,96,3,4,3,4,1,1,1,1,0,1,0,1,57.0,93.0,63.0,98.0
320,2,83,71,54,87,60,2,2,3,2,0,0,0,0,1,0,1,0,72.5,55.0,89.0,61.0
320,2,84,55,67,51,83,3,3,3,3,0,0,0,0,0,1,0,1,56.5,69.0,52.5,85.0
320,2,85,38,52,63,48,2,3,4,3,0,0,0,0,0,0,0,0,39.0,53.5,65.0,49.5
320,2,86,60,35,48,59,5,3,4,4,0,0,0,0,0,0,0,0,62.5,36.5,50.0,61.0
320,2,87,30,55,32,44,3,5,3,4,0,0,0,0,0,0,0,0,31.5,57.5,33.5,46.0
320,2,88,38,28,50,29,4,2,5,3,0,0,0,0,0,0,0,0,40.0,29.0,52.5,30.5
320,2,89,33,34,25,45,4,4,3,5,0,0,0,0,0,0,0,0,35.0,36.0,26.5,47.5
320,2,90,12,29,30,22,2,4,4,3,0,0,0,0,0,0,0,0,13.0,31.0,32.0,23.5
320,2,91,33,11,25,26,5,1,4,4,0,0,0,0,0,0,0,0,35.5,11.5,27.0,28.0
320,2,92,15,28,9,21,3,5,2,4,0,0,0,0,0,0,0,0,16.5,30.5,10.0,23.0
320,2,93,20,12,23,8,5,3,5,1,0,0,0,0,0,0,0,0,22.5,13.5,25.5,8.5
320,2,94,17,16,10,18,4,4,2,5,0,0,0,0,0,0,0,0,19.0,18.0,11.0,20.5
320,2,95,6,13,13,8,2,4,3,2,0,0,0,0,0,0,0,0,7.0,15.0,14.5,9.0
320,2,96,6,5,10,10,2,1,3,3,0,0,0,0,0,0,0,0,7.0,5.5,11.5,11.5
320,2,97,4,4,3,7,1,2,2,3,0,0,0,0,0,0,0,0,4.5,5.0,4.0,8.5
320,2,98,2,3,3,2,1,1,1,1,0,0,0,0,0,0,0,0,2.5,3.5,3.5,2.5
320,2,99,4,1,2,2,2,1,1,1,0,0,0,0,0,0,0,0,5.0,1.5,2.5,2.5
320,2,100,1,3,1,1,0,1,0,1,0,0,0,0,0,0,0,0,1.0,3.5,1.0,1.5
320,2,101,2,0,2,1,1,1,1,0,0,0,0,0,0,0,0,0,2.5,0.5,2.5,1.0
320,2,102,0,1,0,1,0,1,0,1,0,0,0,0,0,0,0,0,0.0,1.5,0.0,1.5
320,2,103,0,0,1,0,0,0,0,0,0,0,0,0,0,0,0,0,0.0,0.0,1.0,0.0
320,2,104,1,0,0,0,0,0,0,1,0,0,0,0,0,0,0,0,1.0,0.0,0.0,0.5
320,2,105+,0,0,0,0,0,1,0,0,0,0,0,0,0,0,0,0,0.0,0.5,0.0,0.0
330,1,80,437,483,522,627,20,18,19,23,1,1,1,1,2,3,3,3,447.5,493.0,532.5,639.5
330,1,81,409,417,461,499,21,19,21,21,1,1,1,1,2,2,2,3,420.0,427.0,472.0,510.5
330,1,82,387,387,396,438,23,21,20,22,1,1,1,1,2,2,2,2,399.0,398.0,406.5,449.5
330,1,83,273,364,365,373,19,22,21,22,1,1,1,1,1,2,2,2,282.5,375.5,376.0,384.5
330,1,84,258,254,339,341,22,19,24,23,1,1,1,1,1,1,2,2,269.0,263.5,351.5,353.0
330,1,85,201,238,234,313,19,20,20,25,1,1,1,1,1,1,1,2,210.5,248.0,244.0,326.0
330,1,86,181,182,217,214,19,18,20,19,0,0,0,0,1,1,1,1,191.0,191.5,227.5,224.0
330,1,87,142,162,164,195,18,18,17,21,0,0,0,0,1,1,1,1,151.5,171.5,173.0,206.0
330,1,88,126,125,143,145,19,16,18,18,0,0,0,0,1,1,1,1,136.0,133.5,152.5,154.5
330,1,89,109,110,109,124,18,15,15,18,0,0,0,0,1,1,1,1,118.5,118.0,117.0,133.5
330,1,90,76,92,93,92,15,16,16,16,0,0,0,0,1,1,1,1,84.0,100.5,101.5,100.5
330,1,91,69,63,76,77,16,12,15,15,0,0,0,0,1,1,1,1,77.5,69.5,84.0,85.0
330,1,92,47,56,51,62,12,12,11,13,0,0,0,0,1,1,1,1,53.5,62.5,57.0,69.0
330,1,93,32,37,44,40,10,10,12,11,0,0,0,0,0,0,0,0,37.0,42.0,50.0,45.5
330,1,94,21,24,28,34,7,8,9,10,0,0,0,0,0,0,0,0,24.5,28.0,32.5,39.0
330,1,95,21,15,18,21,9,6,6,7,0,0,0,0,0,0,0,0,25.5,18.0,21.0,24.5
330,1,96,14,15,11,13,6,6,4,5,0,0,0,0,0,0,0,0,17.0,18.0,13.0,15.5
330,1,97,13,9,10,7,7,5,5,4,0,0,0,0,0,0,0,0,16.5,11.5,12.5,9.0
330,1,98,6,9,6,7,3,4,3,3,0,0,0,0,0,0,0,0,7.5,11.0,7.5,8.5
330,1,99,3,4,6,4,2,2,3,2,0,0,0,0,0,0,0,0,4.0,5.0,7.5,5.0
330,1,100,1,2,2,3,1,1,2,3,0,0,0,0,0,0,0,0,1.5,2.5,3.0,4.5
330,1,101,1,1,1,1,0,0,1,1,0,0,0,0,0,0,0,0,1.0,1.0,1.5,1.5
330,1,102,1,0,0,1,0,1,1,0,0,0,0,0,0,0,0,0,1.0,0.5,0.5,1.0
330,1,103,1,0,0,0,0,1,0,0,0,0,0,0,0,0,0,0,1.0,0.5,0.0,0.0
330,1,104,1,0,0,0,0,1,0,0,0,0,0,0,0,0,0,0,1.0,0.5,0.0,0.0
330,1,105+,0,0,0,0,1,1,0,0,0,0,0,0,0,0,0,0,0.5,0.5,0.0,0.0
330,2,80,487,507,558,609,14,14,15,17,2,2,2,2,3,3,3,3,494.5,514.5,566.0,618.0
330,2,81,519,471,490,539,18,16,16,18,2,2,2,2,3,2,3,3,528.5,479.0,498.5,548.5
330,2,82,372,499,453,472,14,18,18,18,1,1,2,2,2,3,2,2,379.5,509.0,462.0,481.0
330,2,83,340,356,477,434,15,15,20,18,1,1,1,1,2,2,3,2,348.0,364.0,488.0,443.5
330,2,84,397,323,338,454,21,16,17,22,1,1,1,1,2,2,2,2,408.0,331.5,347.0,465.5
330,2,85,317,374,304,319,20,22,18,18,1,1,1,1,2,2,2,2,327.5,385.5,313.5,328.5
330,2,86,265,296,349,284,19,19,23,19,0,0,0,0,1,2,2,1,275.0,306.5,361.5,294.0
330,2,87,219,244,273,322,19,20,22,25,0,0,0,0,1,1,1,2,229.0,254.5,284.5,335.5
330,2,88,186,199,222,248,19,19,21,24,0,0,0,0,1,1,1,1,196.0,209.0,233.0,260.5
330,2,89,183,167,179,199,22,18,19,22,0,0,0,0,1,1,1,1,194.5,176.5,189.0,210.5
330,2,90,129,159,145,156,18,21,19,20,0,0,0,0,3,3,3,3,139.5,171.0,156.0,167.5
330,2,91,149,110,136,124,24,17,20,19,0,0,0,0,3,2,3,2,162.5,119.5,147.5,134.5
330,2,92,80,125,93,114,15,22,15,20,0,0,0,0,2,2,2,2,88.5,137.0,101.5,125.0
330,2,93,58,66,102,76,13,13,21,16,0,0,0,0,1,1,2,1,65.0,73.0,113.5,84.5
330,2,94,58,47,53,82,14,10,12,18,0,0,0,0,1,1,1,2,65.5,52.5,59.5,92.0
330,2,95,41,45,36,41,12,12,10,11,0,0,0,0,1,1,1,1,47.5,51.5,41.5,47.0
330,2,96,30,31,34,27,9,9,10,8,0,0,0,0,1,1,1,1,35.0,36.0,39.5,31.5
330,2,97,19,22,23,25,8,8,8,8,0,0,0,0,0,0,0,1,23.0,26.0,27.0,29.5
330,2,98,19,14,15,16,9,5,7,7,0,0,0,0,0,0,0,0,23.5,16.5,18.5,19.5
330,2,99,11,13,9,11,6,6,5,4,0,0,0,0,0,0,0,0,14.0,16.0,11.5,13.0
330,2,100,12,8,9,6,6,3,4,3,0,0,0,0,0,0,0,0,15.0,9.5,11.0,7.5
330,2,101,11,7,5,6,7,5,3,3,0,0,0,0,0,0,0,0,14.5,9.5,6.5,7.5
330,2,102,2,7,5,3,1,4,2,2,0,0,0,0,0,0,0,0,2.5,9.0,6.0,4.0
330,2,103,2,1,4,3,2,1,3,2,0,0,0,0,0,0,0,0,3.0,1.5,5.5,4.0
330,2,104,2,1,1,2,1,1,0,2,0,0,0,0,0,0,0,0,2.5,1.5,1.0,3.0
330,2,105+,4,3,3,2,4,3,1,2,0,0,0,0,0,0,0,0,6.0,4.5,3.5,3.0
340,1,80,826,883,853,862,44,43,41,40,1,1,1,1,5,5,5,5,850.0,906.5,875.5,884.0
340,1,81,797,778,833,805,50,45,46,45,1,1,1,1,4,4,5,4,823.5,802.0,858.0,829.0
340,1,82,656,744,728,779,47,50,47,51,1,1,1,1,4,4,4,4,681.0,770.5,753.0,806.0
340,1,83,579,608,690,676,48,46,51,49,1,1,1,1,3,3,4,4,604.0,632.0,717.0,702.0
340,1,84,453,532,559,635,42,45,47,52,1,1,1,1,3,3,3,4,475.0,555.5,583.5,662.5
340,1,85,371,412,484,509,39,40,46,48,1,1,1,1,2,2,3,3,391.0,432.5,508.0,534.0
340,1,86,355,333,371,436,41,36,39,46,0,0,0,0,2,2,2,2,376.5,352.0,391.5,460.0
340,1,87,270,314,296,330,35,39,35,39,0,0,0,0,2,2,2,2,288.5,334.5,314.5,350.5
340,1,88,202,235,275,259,31,34,37,36,0,0,0,0,1,1,2,1,218.0,252.5,294.5,277.5
340,1,89,193,173,202,236,34,28,32,38,0,0,0,0,1,1,1,1,210.5,187.5,218.5,255.5
340,1,90,138,162,146,170,27,30,26,31,0,0,0,0,1,1,1,1,152.0,177.5,159.5,186.0
340,1,91,143,114,134,121,32,23,27,24,0,0,0,0,1,1,1,1,159.5,126.0,148.0,133.5
340,1,92,86,116,92,109,22,26,22,24,0,0,0,0,0,1,0,1,97.0,129.5,103.0,121.5
340,1,93,63,68,91,73,18,18,25,19,0,0,0,0,0,0,0,0,72.0,77.0,103.5,82.5
340,1,94,46,48,52,70,15,15,16,21,0,0,0,0,0,0,0,0,53.5,55.5,60.0,80.5
340,1,95,16,34,36,39,6,12,12,13,0,0,0,0,0,0,0,0,19.0,40.0,42.0,45.5
340,1,96,17,11,24,26,8,5,10,10,0,0,0,0,0,0,0,0,21.0,13.5,29.0,31.0
340,1,97,10,12,8,17,5,5,3,7,0,0,0,0,0,0,0,0,12.5,14.5,9.5,20.5
340,1,98,7,7,8,5,4,3,4,3,0,0,0,0,0,0,0,0,9.0,8.5,10.0,6.5
340,1,99,5,5,4,5,3,2,3,3,0,0,0,0,0,0,0,0,6.5,6.0,5.5,6.5
340,1,100,2,3,3,3,2,2,2,1,0,0,0,0,0,0,0,0,3.0,4.0,4.0,3.5
340,1,101,2,1,2,2,1,1,1,1,0,0,0,0,0,0,0,0,2.5,1.5,2.5,2.5
340,1,102,3,1,1,1,2,1,0,1,0,0,0,0,0,0,0,0,4.0,1.5,1.0,1.5
340,1,103,1,2,1,0,1,1,0,1,0,0,0,0,0,0,0,0,1.5,2.5,1.0,0.5
340,1,104,1,1,1,0,0,0,1,1,0,0,0,0,0,0,0,0,1.0,1.0,1.5,0.5
340,1,105+,1,1,1,1,1,1,1,1,0,0,0,0,0,0,0,0,1.5,1.5,1.5,1.5
340,2,80,817,881,870,889,29,31,30,31,1,1,1,1,4,4,4,4,833.0,898.0,886.5,906.0
340,2,81,812,783,845,834,34,31,33,33,1,1,1,1,4,4,4,4,830.5,800.0,863.0,852.0
340,2,82,734,774,746,806,35,35,34,36,1,1,1,1,4,4,4,4,753.0,793.0,764.5,825.5
340,2,83,706,695,733,707,39,37,38,37,1,1,1,1,3,3,4,3,726.5,714.5,753.5,726.5
340,2,84,565,664,654,690,35,40,39,41,1,1,1,1,3,3,3,3,583.5,685.0,674.5,711.5
340,2,85,585,527,620,611,42,36,42,41,1,1,1,1,3,3,3,3,607.0,546.0,642.0,632.5
340,2,86,458,541,488,574,38,42,38,44,1,1,1,1,2,3,2,3,477.5,563.0,507.5,597.0
340,2,87,422,420,496,448,39,37,44,39,1,1,1,1,2,2,2,2,442.0,439.0,518.5,468.0
340,2,88,366,381,379,449,40,40,40,46,1,1,1,1,2,2,2,2,386.5,401.5,399.5,472.5
340,2,89,306,326,339,338,38,39,41,40,1,1,1,1,2,2,2,2,325.5,346.0,360.0,358.5
340,2,90,266,267,285,297,38,37,38,39,0,0,0,0,2,2,3,3,286.0,286.5,305.5,318.0
340,2,91,267,228,229,245,44,36,36,38,0,0,0,0,2,2,2,2,290.0,247.0,248.0,265.0
340,2,92,181,225,193,194,33,40,33,33,0,0,0,0,2,2,2,2,198.5,246.0,210.5,211.5
340,2,93,171,149,186,159,35,31,37,33,0,0,0,0,2,1,2,1,189.5,165.0,205.5,176.0
340,2,94,108,137,120,150,26,33,28,35,0,0,0,0,1,1,1,1,121.5,154.0,134.5,168.0
340,2,95,86,85,108,95,23,22,28,24,0,0,0,0,1,1,1,1,98.0,96.5,122.5,107.5
340,2,96,61,65,65,82,19,20,19,25,0,0,0,0,1,1,1,1,71.0,75.5,75.0,95.0
340,2,97,39,45,48,48,14,16,17,17,0,0,0,0,0,0,0,0,46.0,53.0,56.5,56.5
340,2,98,23,28,32,34,9,11,13,14,0,0,0,0,0,0,0,0,27.5,33.5,38.5,41.0
340,2,99,18,16,19,22,9,7,9,10,0,0,0,0,0,0,0,0,22.5,19.5,23.5,27.0
340,2,100,6,12,10,13,3,6,6,6,0,0,0,0,0,0,0,0,7.5,15.0,13.0,16.0
340,2,101,8,4,8,7,5,2,4,3,0,0,0,0,0,0,0,0,10.5,5.0,10.0,8.5
340,2,102,2,5,2,5,2,3,2,3,0,0,0,0,0,0,0,0,3.0,6.5,3.0,6.5
340,2,103,4,2,3,1,3,0,2,1,0,0,0,0,0,0,0,0,5.5,2.0,4.0,1.5
340,2,104,2,2,1,2,1,2,1,1,0,0,0,0,0,0,0,0,2.5,3.0,1.5,2.5
340,2,105+,3,2,3,2,2,3,1,2,0,0,0,0,0,0,0,0,4.0,3.5,3.5,3.0
