"ModerFodregion","Alder","000005M7 2021","000005M7 2022","000005M7 2023","000005M7 2024"
"300","16",24,24,24,23
"300","17",53,52,53,52
"300","18",108,107,105,107
"300","19",219,222,220,216
"300","20",402,413,419,416
"300","21",671,660,684,694
"300","22",981,978,976,1014
"300","23",1264,1232,1232,1225
"300","24",1580,1516,1455,1457
"300","25",2223,2043,1939,1902
"300","26",3174,2872,2642,2574
"300","27",4355,3893,3542,3326
"300","28",5452,5125,4613,4267
"300","29",6431,6134,5810,5307
"300","30",7020,6890,6622,6365
"300","31",7315,7192,7108,6938
"300","32",6715,7150,7074,7101
"300","33",6097,6284,6716,6740
"300","34",5247,5542,5703,6183
"300","35",4492,4611,4840,5063
"300","36",3679,3743,3823,4074
"300","37",2866,2922,2957,3069
"300","38",2225,2204,2217,2289
"300","39",1731,1636,1581,1626
"300","40",1173,1169,1061,1052
"300","41",779,775,752,707
"300","42",629,590,595,607
"300","43",446,440,433,447
"300","44",245,251,255,250
"300","45",128,132,138,142
"300","46",73,68,71,77
"300","47",37,38,36,38
"300","48",19,23,24,24
"310","16",1,1,1,1
"310","17",3,3,3,3
"310","18",7,7,7,7
"310","19",13,12,12,13
"310","20",21,19,19,19
"310","21",29,28,26,27
"310","22",41,40,39,38
"310","23",57,54,53,54
"310","24",92,83,78,80
"310","25",149,141,127,125
"310","26",196,191,180,171
"310","27",241,220,213,211
"310","28",264,264,241,245
"310","29",314,300,298,286
"310","30",374,357,338,350
"310","31",409,397,377,374
"310","32",421,413,398,395
"310","33",434,410,400,402
"310","34",395,402,378,384
"310","35",368,356,360,353
"310","36",318,326,313,329
"310","37",287,270,274,275
"310","38",234,235,220,232
"310","39",188,190,190,185
"310","40",147,147,147,153
"310","41",112,105,104,109
"310","42",72,73,68,70
"310","43",45,45,45,44
"310","44",28,28,27,29
"310","45",18,18,18,18
"310","46",12,11,11,11
"310","47",6,6,5,6
"310","48",3,3,3,3
"320","16",5,4,4,4
"320","17",11,10,9,9
"320","18",26,24,23,22
"320","19",56,50,49,47
"320","20",89,89,84,81
"320","21",140,119,125,117
"320","22",176,169,153,160
"320","23",214,205,208,189
"320","24",224,247,249,252
"320","25",239,254,291,291
"320","26",283,260,289,326
"320","27",306,297,289,319
"320","28",321,313,321,313
"320","29",344,329,338,346
"320","30",353,351,354,361
"320","31",427,348,364,366
"320","32",394,406,352,365
"320","33",413,362,392,341
"320","34",365,375,348,374
"320","35",356,337,364,337
"320","36",338,317,316,339
"320","37",294,290,287,284
"320","38",235,250,259,254
"320","39",209,196,218,224
"320","40",132,164,162,178
"320","41",136,97,126,124
"320","42",77,98,74,95
"320","43",55,52,69,52
"320","44",32,33,33,43
"320","45",19,19,21,20
"320","46",13,11,12,13
"320","47",9,8,7,7
"320","48",6,8,7,6
"330","16",4,4,4,4
"330","17",12,12,11,11
"330","18",33,31,33,31
"330","19",78,75,74,77
"330","20",152,145,144,142
"330","21",240,226,224,225
"330","22",326,308,303,304
"330","23",395,383,379,378
"330","24",481,446,451,450
"330","25",571,534,515,522
"330","26",644,613,599,582
"330","27",698,665,662,654
"330","28",754,714,712,717
"330","29",811,785,778,783
"330","30",889,844,853,853
"330","31",960,898,890,906
"330","32",973,924,903,903
"330","33",924,897,890,879
"330","34",881,837,848,849
"330","35",815,790,783,799
"330","36",758,725,732,731
"330","37",648,660,657,667
"330","38",560,541,573,574
"330","39",459,464,467,496
"330","40",365,372,390,394
"330","41",277,267,283,298
"330","42",174,186,186,198
"330","43",113,111,124,125
"330","44",68,69,70,78
"330","45",40,40,42,43
"330","46",21,21,22,23
"330","47",11,11,11,12
"330","48",7,7,7,8
"340","16",0,0,0,0
"340","17",1,1,1,1
"340","18",4,4,4,4
"340","19",16,15,15,15
"340","20",42,40,38,37
"340","21",77,70,67,63
"340","22",98,102,94,91
"340","23",126,121,125,118
"340","24",157,154,149,154
"340","25",204,194,190,184
"340","26",249,240,229,225
"340","27",292,283,274,264
"340","28",330,328,320,312
"340","29",432,362,362,355
"340","30",499,451,385,385
"340","31",512,499,455,394
"340","32",527,503,492,453
"340","33",511,517,495,487
"340","34",496,498,505,485
"340","35",459,472,475,482
"340","36",410,419,432,434
"340","37",355,357,365,376
"340","38",293,297,299,306
"340","39",227,240,243,245
"340","40",181,183,193,196
"340","41",129,136,137,145
"340","42",89,91,96,97
"340","43",58,60,62,65
"340","44",36,36,38,39
"340","45",21,22,22,23
"340","46",12,13,13,13
"340","47",7,7,7,8
"340","48",4,4,4,5
