"Region","AlderModer","Kon","BE0101E2 2006","BE0101E2 2007","BE0101E2 2008","BE0101E2 2009","BE0101E2 2010","BE0101E2 2011","BE0101E2 2012","BE0101E2 2013","BE0101E2 2014","BE0101E2 2015","BE0101E2 2016","BE0101E2 2017","BE0101E2 2018","BE0101E2 2019","BE0101E2 2020","BE0101E2 2021","BE0101E2 2022","BE0101E2 2023","BE0101E2 2024"
"2580","15","1",0,0,0,0,0,0,0,0,0,0,0,0,0,0,0,0,0,0,0
"2580","15","2",0,0,0,0,0,0,0,0,0,0,0,0,0,0,0,0,0,0,0
"2580","16","1",0,0,0,0,0,0,0,0,0,0,0,0,0,0,0,0,0,0,0
"2580","16","2",0,1,0,0,0,1,0,0,0,0,0,0,1,0,0,0,0,0,0
"2580","17","1",0,0,0,0,1,0,0,0,2,0,0,0,1,0,0,0,0,0,0
"2580","17","2",1,0,1,0,1,0,0,0,0,0,1,0,0,0,0,0,1,0,0
"2580","18","1",1,0,2,3,1,1,1,1,0,0,1,0,0,1,0,1,0,2,0
"2580","18","2",0,4,0,1,1,0,1,0,0,0,2,0,0,0,0,0,0,1,0
"2580","19","1",4,6,7,4,2,3,2,0,1,0,1,0,2,0,0,2,1,1,1
"2580","19","2",3,1,2,3,0,2,2,2,0,1,2,1,2,1,1,0,0,0,0
"2580","20","1",1,6,0,8,2,6,3,5,4,7,1,3,1,1,4,3,1,3,3
"2580","20","2",4,7,7,3,2,2,6,7,1,4,4,1,1,0,2,3,1,3,3
"2580","21","1",5,7,3,5,5,10,10,6,2,3,4,7,1,3,8,0,3,2,2
"2580","21","2",10,8,4,5,12,5,7,5,5,1,2,4,9,3,2,5,4,3,2
"2580","22","1",8,9,11,12,11,10,7,8,9,7,9,6,10,6,5,2,2,6,4
"2580","22","2",9,10,12,14,9,9,6,13,8,11,8,5,4,7,5,2,3,5,3
"2580","23","1",7,17,11,15,14,16,8,14,10,11,16,12,6,12,8,8,11,7,4
"2580","23","2",5,12,12,13,6,8,6,6,10,10,5,6,4,7,8,10,5,4,6
"2580","24","1",14,17,18,13,16,18,16,13,17,13,16,14,17,15,5,7,8,5,7
"2580","24","2",7,16,13,14,9,17,16,18,12,15,18,15,16,12,9,11,10,3,5
"2580","25","1",17,15,15,18,22,20,19,14,15,16,17,18,10,16,18,7,9,11,16
"2580","25","2",13,17,9,18,18,13,18,25,28,10,27,22,20,14,16,11,8,4,11
"2580","26","1",13,22,16,9,26,20,14,23,22,26,17,18,19,24,17,17,11,10,9
"2580","26","2",14,18,18,12,26,22,25,18,21,19,34,21,25,24,10,21,16,12,10
"2580","27","1",24,20,20,19,28,27,24,23,22,25,32,32,28,20,23,20,18,16,8
"2580","27","2",21,24,16,27,27,27,23,14,23,26,30,24,26,25,21,23,19,9,11
"2580","28","1",28,31,29,25,28,25,27,29,32,23,25,28,29,28,34,29,20,23,12
"2580","28","2",21,27,22,30,16,21,21,26,26,25,29,28,25,20,18,31,21,16,14
"2580","29","1",31,31,26,32,20,23,21,28,36,31,41,28,28,35,30,38,28,24,23
"2580","29","2",24,37,25,22,21,23,27,27,32,34,30,33,29,37,47,40,19,22,18
"2580","30","1",28,22,29,31,24,25,28,28,34,25,30,29,29,36,25,35,26,30,34
"2580","30","2",26,21,27,33,36,34,20,23,35,24,25,31,27,31,31,35,31,19,21
"2580","31","1",33,28,30,30,28,27,22,17,31,43,32,30,28,35,37,31,28,32,26
"2580","31","2",36,30,23,35,30,37,21,19,24,25,22,22,33,35,29,30,23,31,24
"2580","32","1",38,38,30,28,37,26,24,29,25,37,20,24,27,26,29,27,33,33,30
"2580","32","2",33,25,31,36,27,25,28,40,19,31,25,34,28,25,38,36,17,30,34
"2580","33","1",30,21,29,24,26,25,19,32,32,20,23,26,26,22,31,28,19,29,25
"2580","33","2",31,24,28,21,30,21,20,21,32,22,38,23,23,14,24,20,27,31,11
"2580","34","1",29,30,26,24,20,23,20,25,26,28,23,21,20,19,22,34,28,21,24
"2580","34","2",21,30,30,25,24,20,22,19,21,12,21,16,19,17,18,21,31,21,23
"2580","35","1",21,14,23,32,19,23,15,22,19,11,21,15,20,10,22,22,23,25,19
"2580","35","2",22,17,20,22,17,17,17,25,20,21,18,22,23,20,19,27,20,16,17
"2580","36","1",20,17,16,19,23,13,19,14,21,11,13,15,16,17,21,17,18,20,20
"2580","36","2",20,22,18,14,20,24,15,9,15,10,19,17,11,24,15,21,18,15,25
"2580","37","1",21,14,15,19,25,17,15,18,18,16,14,13,16,18,12,12,18,17,10
"2580","37","2",12,14,16,15,17,17,11,13,15,14,15,16,18,13,12,18,8,13,14
"2580","38","1",13,11,14,15,19,13,17,12,14,11,17,17,15,12,11,13,9,14,19
"2580","38","2",11,6,8,12,14,15,11,16,6,7,6,14,9,11,14,12,12,5,15
"2580","39","1",7,8,7,9,4,7,9,8,12,5,12,6,9,11,12,12,4,12,3
"2580","39","2",13,6,9,12,3,10,7,6,8,5,5,9,13,10,9,12,11,6,9
"2580","40","1",8,8,12,4,5,5,7,10,7,8,8,2,4,10,6,4,3,13,9
"2580","40","2",9,5,8,2,7,6,4,6,7,6,6,2,6,5,7,5,11,5,3
"2580","41","1",2,8,5,6,6,7,6,8,6,5,7,6,4,8,6,3,4,5,6
"2580","41","2",4,5,2,3,4,8,6,5,8,5,2,5,4,5,4,8,2,8,3
"2580","42","1",2,7,4,2,6,4,2,6,8,4,2,2,2,2,2,1,6,1,3
"2580","42","2",5,2,4,3,4,2,4,3,4,3,1,4,3,4,3,3,3,2,5
"2580","43","1",4,2,0,1,3,3,1,1,2,3,1,2,1,3,0,2,2,4,3
"2580","43","2",4,4,2,4,0,0,3,2,5,3,1,2,2,2,1,1,2,1,3
"2580","44","1",0,0,0,2,1,0,1,1,2,1,4,2,2,0,1,3,1,1,0
"2580","44","2",1,0,1,0,1,0,3,0,1,1,1,0,1,2,2,1,1,2,1
"2580","45","1",1,0,0,1,0,0,0,0,2,1,1,2,0,0,1,0,0,0,1
"2580","45","2",0,1,0,0,1,0,0,2,0,0,1,2,1,3,2,0,1,0,1
"2580","46","1",0,0,0,0,1,1,2,0,1,0,0,0,0,1,0,0,0,0,0
"2580","46","2",1,1,0,0,0,0,0,0,1,0,0,0,1,0,0,0,0,0,0
"2580","47","1",0,0,0,0,0,0,1,0,0,0,0,0,0,0,0,0,0,1,0
"2580","47","2",0,0,0,0,0,1,0,0,0,0,0,0,0,0,0,0,0,0,0
"2580","48","1",0,0,0,0,0,0,0,0,2,1,0,0,0,0,0,0,0,0,0
"2580","48","2",0,0,0,0,0,0,0,0,2,0,0,0,0,0,0,0,0,0,0
"2580","49+","1",0,0,0,0,0,0,1,0,0,0,0,0,0,0,0,0,1,0,0
"2580","49+","2",0,0,0,0,0,0,1,0,0,0,0,0,0,0,0,0,0,0,0
"2582","15","1",0,0,0,0,0,0,0,0,0,0,0,0,0,0,0,0,0,0,0
"2582","15","2",0,0,0,0,0,0,0,0,0,0,0,0,0,0,0,0,0,0,0
"2582","16","1",0,0,1,0,0,0,0,0,0,0,0,0,0,0,0,0,0,0,0
"2582","16","2",1,0,0,0,0,0,0,0,0,0,0,0,0,0,0,0,0,0,0
"2582","17","1",0,0,0,0,0,0,1,2,0,0,0,0,0,0,0,0,0,1,0
"2582","17","2",0,0,0,1,0,0,0,0,0,1,0,1,1,0,0,0,0,0,0
"2582","18","1",3,0,1,3,0,0,0,1,1,0,0,0,0,1,0,0,0,1,0
"2582","18","2",0,0,1,0,0,2,0,0,0,0,0,0,0,0,0,0,0,0,0
"2582","19","1",1,0,1,1,0,5,0,4,1,1,0,0,0,0,0,0,0,1,0
"2582","19","2",3,1,0,1,0,3,2,1,2,0,0,1,0,1,1,0,0,1,0
"2582","20","1",1,2,6,5,1,2,3,5,1,0,1,3,2,2,0,0,0,0,0
"2582","20","2",5,1,2,1,2,2,2,1,1,1,1,2,0,0,2,0,0,2,2
"2582","21","1",3,4,4,8,4,2,3,7,7,1,6,4,3,3,3,2,2,0,2
"2582","21","2",1,2,3,6,3,3,1,2,3,4,2,3,2,0,0,2,1,1,0
"2582","22","1",3,5,2,4,7,3,4,5,1,3,4,6,2,6,1,4,4,5,4
"2582","22","2",1,5,1,2,4,6,4,3,4,6,4,2,2,3,2,2,3,0,1
"2582","23","1",4,5,4,4,7,10,6,4,4,8,5,2,4,5,2,2,3,5,2
"2582","23","2",3,6,3,4,8,6,6,5,8,2,5,7,9,5,6,0,4,1,1
"2582","24","1",4,9,6,2,5,4,11,7,7,14,9,10,3,11,7,3,2,2,1
"2582","24","2",4,6,6,7,3,5,7,6,5,5,9,3,15,3,4,2,2,4,7
"2582","25","1",8,7,6,3,5,7,6,13,9,9,6,6,9,4,13,3,4,1,7
"2582","25","2",8,2,4,6,2,4,7,3,6,9,7,6,8,7,4,3,6,5,6
"2582","26","1",12,13,7,4,7,5,6,11,5,11,21,9,9,14,7,8,12,2,1
"2582","26","2",8,8,3,8,6,6,9,11,13,12,11,7,10,9,5,7,7,5,6
"2582","27","1",6,10,10,13,9,5,6,10,10,15,19,8,12,12,8,18,16,6,10
"2582","27","2",14,8,14,10,4,8,9,8,14,7,7,12,9,10,7,11,4,7,9
"2582","28","1",10,6,11,11,12,7,9,12,5,13,9,12,6,5,6,11,13,5,5
"2582","28","2",6,7,10,6,10,5,6,4,6,8,13,14,12,5,8,7,8,10,6
"2582","29","1",10,10,9,8,8,11,4,7,8,7,13,13,15,8,11,15,5,7,11
"2582","29","2",6,13,10,8,7,8,9,4,8,8,17,4,10,20,12,8,7,8,8
"2582","30","1",4,10,9,8,8,11,5,3,7,15,11,15,7,10,12,12,11,11,9
"2582","30","2",13,11,8,4,6,8,12,8,9,10,8,7,12,10,10,8,6,7,13
"2582","31","1",13,6,5,9,7,11,12,12,12,5,5,6,13,20,8,15,7,12,9
"2582","31","2",7,7,5,5,5,13,10,6,7,8,12,10,12,9,9,14,5,8,11
"2582","32","1",14,10,7,6,10,5,9,9,9,11,7,7,5,9,11,19,12,8,9
"2582","32","2",10,9,1,12,10,8,8,5,6,10,5,12,4,7,14,3,6,18,7
"2582","33","1",8,9,6,4,5,9,6,7,12,8,6,9,5,7,7,10,10,6,8
"2582","33","2",5,10,8,1,11,6,3,4,9,7,4,3,13,8,10,9,3,7,5
"2582","34","1",11,7,11,6,5,5,2,6,10,9,5,2,8,10,6,8,10,7,9
"2582","34","2",4,3,10,10,8,6,7,8,4,3,6,6,2,1,8,6,7,6,8
"2582","35","1",8,5,5,11,8,5,8,7,3,10,7,4,4,8,8,13,10,8,7
"2582","35","2",1,8,0,8,11,4,4,5,3,5,4,5,7,0,7,5,8,5,9
"2582","36","1",6,9,3,8,7,6,7,5,4,8,3,6,5,5,12,8,4,7,4
"2582","36","2",4,5,7,4,5,3,4,8,3,6,5,4,5,5,3,7,3,3,4
"2582","37","1",2,8,6,4,4,2,2,6,2,3,3,5,2,2,0,2,6,5,7
"2582","37","2",3,1,2,4,5,3,5,4,0,5,2,4,4,9,5,2,8,4,2
"2582","38","1",7,2,5,3,2,3,3,5,4,3,3,5,2,4,2,2,2,3,6
"2582","38","2",1,4,4,3,4,0,2,2,1,4,4,3,1,1,3,2,1,4,2
"2582","39","1",4,3,2,5,4,6,6,3,3,3,2,4,2,6,2,3,6,4,2
"2582","39","2",0,1,3,3,2,4,2,1,5,3,4,2,5,5,2,3,2,2,1
"2582","40","1",0,2,3,4,2,2,5,2,2,4,3,2,1,2,2,2,1,2,1
"2582","40","2",3,0,1,0,1,3,0,3,0,2,1,1,3,1,2,2,4,0,3
"2582","41","1",1,2,0,3,1,2,1,1,0,0,8,2,1,2,1,3,1,1,1
"2582","41","2",2,0,1,2,2,0,1,3,4,0,2,1,2,1,3,0,2,2,0
"2582","42","1",0,1,2,0,1,2,1,0,0,1,0,0,0,2,1,2,1,3,0
"2582","42","2",3,3,0,1,3,3,1,0,0,1,2,0,0,1,1,2,0,0,1
"2582","43","1",0,2,2,0,0,0,0,2,0,0,1,0,1,0,0,0,2,0,0
"2582","43","2",1,1,0,0,0,0,1,0,0,1,0,0,1,3,0,1,0,0,1
"2582","44","1",1,0,0,0,0,1,0,0,1,0,0,1,0,0,0,0,2,0,0
"2582","44","2",1,0,1,0,0,0,0,0,0,0,0,0,0,1,0,0,1,0,0
"2582","45","1",0,0,0,0,0,0,0,0,1,1,0,0,0,0,0,0,1,0,0
"2582","45","2",0,0,0,0,2,0,0,0,0,0,1,0,0,0,0,0,0,0,1
"2582","46","1",0,0,0,0,0,0,0,0,0,0,1,0,0,0,0,0,0,0,0
"2582","46","2",0,0,0,0,0,0,0,0,0,0,0,0,0,0,0,0,0,0,0
"2582","47","1",0,0,0,0,0,0,0,0,0,0,0,0,0,0,0,0,0,0,0
"2582","47","2",0,0,0,0,0,0,0,0,0,0,0,0,0,0,0,0,0,0,0
"2582","48","1",0,0,0,0,0,0,0,0,0,1,0,0,0,0,0,0,0,1,0
"2582","48","2",0,0,0,0,0,0,0,0,0,0,0,0,0,0,0,0,0,0,0
"2582","49+","1",0,1,0,0,0,0,0,0,0,0,0,0,0,0,0,0,0,0,0
"2582","49+","2",0,0,0,0,0,0,0,0,0,0,0,0,0,0,0,0,0,0,1
"2581","15","1",0,0,0,0,0,0,0,0,0,0,0,0,0,0,0,0,0,0,0
"2581","15","2",0,0,0,0,0,0,0,0,0,1,0,0,0,0,0,0,0,0,0
"2581","16","1",0,0,1,0,0,0,0,0,0,0,0,0,0,0,0,0,0,0,0
"2581","16","2",0,0,0,0,1,0,0,0,0,1,0,0,0,0,0,1,0,0,0
"2581","17","1",0,0,0,0,0,0,1,0,1,0,0,0,0,0,1,0,0,0,0
"2581","17","2",1,0,1,0,0,0,0,0,0,0,0,1,0,0,0,0,0,0,0
"2581","18","1",0,1,1,0,1,0,1,0,0,0,0,0,0,0,0,0,0,0,0
"2581","18","2",0,0,0,2,0,0,0,0,1,0,0,0,1,1,0,0,0,0,0
"2581","19","1",2,0,1,2,4,0,1,0,1,2,2,1,0,1,3,0,1,0,1
"2581","19","2",2,0,2,2,2,1,1,2,0,0,3,2,0,0,2,0,0,1,1
"2581","20","1",3,0,2,1,2,2,1,1,2,2,0,0,2,3,0,5,0,2,0
"2581","20","2",2,3,1,3,2,2,2,1,3,3,4,2,1,0,0,0,0,1,1
"2581","21","1",3,2,5,6,2,6,4,5,3,1,1,2,2,2,3,4,0,2,5
"2581","21","2",2,4,1,1,5,2,6,6,1,3,3,3,3,1,6,5,1,0,4
"2581","22","1",7,5,5,7,7,13,8,12,8,6,5,4,3,2,2,2,0,4,2
"2581","22","2",2,7,3,4,8,5,0,5,4,5,10,1,5,1,2,4,1,0,1
"2581","23","1",11,5,8,5,7,2,7,9,12,6,8,5,5,7,8,5,4,4,3
"2581","23","2",5,4,5,7,7,7,3,4,7,11,5,4,5,7,1,3,7,4,3
"2581","24","1",9,11,8,8,5,11,6,12,13,8,9,7,7,11,3,9,4,7,6
"2581","24","2",9,9,7,6,9,13,13,12,10,10,10,9,10,9,5,8,7,5,4
"2581","25","1",12,12,6,12,18,9,14,10,15,7,19,15,9,11,8,2,8,6,3
"2581","25","2",7,12,15,11,9,8,16,16,15,7,9,14,9,12,10,8,8,6,7
"2581","26","1",14,14,16,10,12,11,17,15,15,15,13,16,8,17,8,13,10,9,12
"2581","26","2",13,15,14,11,17,13,7,19,20,23,10,23,15,18,12,7,10,9,8
"2581","27","1",16,11,12,15,15,10,14,15,18,18,19,21,14,26,14,20,22,15,17
"2581","27","2",18,12,18,7,17,11,13,2,13,16,20,13,16,11,16,12,13,7,11
"2581","28","1",15,7,20,7,14,15,17,15,21,24,15,18,19,22,18,16,15,16,11
"2581","28","2",10,15,10,14,15,25,11,13,13,13,15,22,17,20,13,22,13,16,10
"2581","29","1",15,16,24,19,16,13,15,15,13,14,19,11,21,27,20,29,16,11,18
"2581","29","2",21,12,14,11,16,14,14,19,23,12,20,20,21,14,26,26,17,20,10
"2581","30","1",16,13,15,15,15,16,19,15,18,14,25,14,14,16,15,23,25,20,19
"2581","30","2",20,18,18,17,15,13,20,21,12,18,11,15,19,24,18,16,12,19,13
"2581","31","1",13,17,12,13,16,15,13,17,21,16,12,10,12,17,13,21,21,23,13
"2581","31","2",13,11,18,8,10,17,23,23,14,14,14,13,15,16,15,19,17,16,15
"2581","32","1",17,14,17,13,18,12,14,14,9,11,10,10,10,14,24,17,16,13,13
"2581","32","2",11,10,13,10,10,9,10,20,11,9,8,19,10,13,14,19,17,18,13
"2581","33","1",20,19,20,9,5,7,7,16,12,15,16,16,11,12,10,14,9,9,15
"2581","33","2",13,19,9,10,15,10,14,8,11,15,12,12,11,8,16,13,11,16,19
"2581","34","1",13,19,17,9,5,12,5,8,15,14,16,12,8,16,15,8,17,7,11
"2581","34","2",14,13,5,11,13,9,13,13,10,6,11,11,4,8,23,11,6,10,5
"2581","35","1",12,12,15,11,6,12,8,8,6,10,11,12,9,7,7,11,3,11,7
"2581","35","2",11,6,10,11,7,7,12,11,6,10,4,7,11,10,5,9,17,9,5
"2581","36","1",8,5,11,7,11,10,8,6,3,7,6,3,5,7,6,4,7,5,9
"2581","36","2",10,6,10,13,8,9,9,5,3,4,5,9,8,9,5,4,8,11,6
"2581","37","1",7,6,5,0,7,13,4,4,6,6,5,4,3,5,6,7,4,4,5
"2581","37","2",8,4,9,8,3,10,2,10,3,2,9,10,6,6,4,8,3,5,4
"2581","38","1",4,2,4,7,3,4,11,2,3,2,9,3,6,3,4,6,4,3,7
"2581","38","2",3,8,3,8,5,4,3,3,3,3,4,2,7,3,5,2,5,2,5
"2581","39","1",3,6,7,1,2,7,4,5,2,0,4,4,6,2,3,7,4,3,3
"2581","39","2",1,2,1,1,3,3,0,7,6,5,0,4,1,2,4,0,3,3,4
"2581","40","1",3,4,1,2,3,1,2,2,1,5,1,6,0,3,1,1,2,5,1
"2581","40","2",0,5,2,2,1,3,3,4,3,2,3,5,1,5,2,4,1,0,4
"2581","41","1",0,1,2,1,1,1,2,1,2,5,0,3,1,2,0,5,1,1,0
"2581","41","2",2,3,1,0,0,0,1,2,2,0,1,3,2,0,0,2,1,2,0
"2581","42","1",0,1,2,1,0,0,1,1,1,0,2,2,0,2,1,1,1,0,1
"2581","42","2",1,0,1,2,0,1,0,2,2,1,0,0,3,0,0,0,2,4,1
"2581","43","1",0,0,1,0,1,0,0,2,0,0,1,2,3,1,1,1,0,1,1
"2581","43","2",0,0,1,0,0,0,0,1,1,0,0,1,0,1,2,0,0,0,1
"2581","44","1",0,1,0,1,0,1,0,0,1,0,0,0,0,0,1,0,0,1,1
"2581","44","2",1,0,0,2,0,0,0,0,2,0,0,0,0,0,0,0,0,1,0
"2581","45","1",0,0,0,0,0,0,0,0,0,1,0,0,0,0,0,1,0,0,0
"2581","45","2",0,0,0,1,1,0,0,1,0,0,0,0,0,0,0,0,0,0,1
"2581","46","1",0,0,0,0,1,1,1,0,0,0,0,0,0,0,0,0,0,0,0
"2581","46","2",0,0,0,0,0,0,0,0,0,0,0,0,0,0,0,0,0,0,0
"2581","47","1",0,0,0,0,0,0,0,0,0,0,0,1,0,0,0,0,0,0,0
"2581","47","2",0,0,0,0,0,1,0,0,0,0,0,0,0,0,0,0,0,0,0
"2581","48","1",1,0,0,0,0,0,0,0,0,0,0,0,0,0,0,0,0,0,0
"2581","48","2",0,0,0,0,0,0,0,0,0,0,0,0,0,0,0,0,0,0,0
"2581","49+","1",0,0,0,0,0,0,0,0,0,0,0,0,0,0,0,0,0,0,0
"2581","49+","2",0,0,0,0,0,0,0,0,0,0,0,0,0,1,0,0,0,0,0
"2560","15","1",0,0,0,0,0,0,0,0,0,0,0,0,0,0,0,0,0,0,0
"2560","15","2",0,0,0,0,0,0,0,0,0,0,0,0,0,0,0,0,0,0,0
"2560","16","1",0,0,0,0,0,0,0,0,0,0,0,0,0,0,0,0,0,0,0
"2560","16","2",0,0,0,0,0,0,0,0,0,0,0,0,0,0,0,0,0,0,0
"2560","17","1",0,0,0,0,0,0,0,0,0,0,0,0,0,0,0,0,0,0,0
"2560","17","2",0,0,0,0,0,0,0,0,0,0,0,0,1,0,0,0,0,0,0
"2560","18","1",0,0,0,1,0,0,0,0,0,0,0,0,0,0,0,0,0,0,0
"2560","18","2",0,0,0,0,0,2,0,0,0,0,1,0,0,0,0,0,0,0,0
"2560","19","1",1,0,0,0,0,0,0,0,0,0,1,0,1,0,0,0,0,0,0
"2560","19","2",0,1,2,0,0,0,0,0,0,0,0,0,0,0,0,0,0,0,0
"2560","20","1",1,0,1,0,3,3,1,1,0,0,0,1,0,0,0,0,0,1,0
"2560","20","2",0,0,0,0,0,0,0,0,2,1,0,1,0,1,0,1,0,0,0
"2560","21","1",0,2,0,1,0,1,0,0,2,1,3,0,2,2,0,0,0,0,1
"2560","21","2",1,1,1,1,2,2,1,2,1,1,0,2,0,2,0,0,1,0,0
"2560","22","1",3,1,0,1,2,2,1,3,0,1,1,4,1,3,2,3,0,3,1
"2560","22","2",4,1,1,4,0,0,3,1,2,1,0,2,0,0,0,0,0,0,0
"2560","23","1",0,5,0,0,2,1,3,2,2,4,0,2,4,2,1,1,3,0,0
"2560","23","2",2,1,1,1,3,1,4,2,2,0,0,1,2,0,0,0,3,2,1
"2560","24","1",2,1,2,5,2,3,1,3,4,3,5,1,0,9,0,1,0,3,1
"2560","24","2",0,4,3,3,0,1,2,3,1,0,1,0,2,4,3,2,2,1,0
"2560","25","1",2,2,2,1,1,2,2,6,6,2,4,1,0,1,2,3,2,0,1
"2560","25","2",1,0,3,0,2,1,5,2,0,3,3,2,2,3,2,1,1,0,5
"2560","26","1",4,3,2,3,5,1,4,1,2,5,5,4,5,1,6,3,2,0,2
"2560","26","2",3,0,4,2,5,2,1,0,1,2,2,3,4,1,2,2,1,3,0
"2560","27","1",0,3,2,2,5,1,2,1,5,3,3,4,6,4,3,4,1,5,3
"2560","27","2",2,2,3,4,1,6,1,1,3,5,3,2,3,1,2,2,3,3,2
"2560","28","1",4,0,5,3,1,4,5,3,2,4,2,0,0,7,3,2,2,2,3
"2560","28","2",2,2,5,5,6,2,6,1,2,6,1,2,5,5,2,4,3,2,1
"2560","29","1",2,2,3,2,5,1,1,1,1,1,5,3,2,3,3,4,5,6,11
"2560","29","2",5,2,3,3,3,2,4,0,2,2,6,2,6,4,2,9,4,0,3
"2560","30","1",4,1,3,0,2,0,1,2,1,5,1,3,2,3,2,6,1,2,1
"2560","30","2",0,2,2,0,3,2,0,3,0,2,8,4,0,3,0,4,5,4,3
"2560","31","1",3,5,1,5,1,1,1,1,5,1,2,1,2,0,3,6,3,1,2
"2560","31","2",2,2,2,0,2,1,3,1,2,1,2,4,4,1,4,5,5,4,3
"2560","32","1",2,3,1,3,0,1,3,0,0,2,3,0,0,2,2,1,3,3,5
"2560","32","2",3,3,2,3,3,4,4,1,1,1,3,3,2,1,2,3,3,1,2
"2560","33","1",3,4,0,0,4,1,1,1,1,0,2,1,1,2,0,1,3,2,1
"2560","33","2",2,2,2,2,0,2,3,2,2,0,3,2,9,0,3,0,5,0,0
"2560","34","1",3,2,3,2,0,1,3,2,2,1,2,3,2,1,0,1,3,3,0
"2560","34","2",2,2,2,1,0,4,3,1,0,1,0,1,1,3,3,2,0,1,5
"2560","35","1",0,1,0,2,1,3,2,3,2,2,1,1,0,5,4,1,2,1,3
"2560","35","2",1,0,4,1,2,1,1,2,0,1,2,0,1,1,1,1,1,0,1
"2560","36","1",4,0,1,0,1,1,1,0,1,1,3,2,1,2,0,0,1,1,1
"2560","36","2",0,1,2,2,3,3,1,3,1,3,1,1,1,1,2,2,1,1,0
"2560","37","1",2,1,0,0,3,3,1,1,3,1,1,0,0,0,0,0,0,2,1
"2560","37","2",0,0,1,1,0,2,1,0,4,1,0,1,1,0,0,0,1,0,2
"2560","38","1",0,2,0,0,1,0,0,1,0,1,0,0,0,1,0,1,0,0,0
"2560","38","2",0,1,0,1,0,0,1,0,1,0,2,3,0,3,2,1,1,0,0
"2560","39","1",0,0,1,0,1,0,2,0,1,0,1,2,1,1,0,0,1,2,2
"2560","39","2",2,0,0,1,0,3,1,0,1,1,1,0,0,1,0,0,0,1,0
"2560","40","1",0,0,0,1,1,1,0,0,1,0,1,0,0,0,0,1,0,0,0
"2560","40","2",0,0,0,1,0,0,0,1,0,0,0,1,0,0,0,0,0,0,0
"2560","41","1",1,1,1,0,0,0,1,1,0,1,0,0,1,0,0,0,2,0,0
"2560","41","2",0,0,0,1,1,0,0,0,1,0,0,1,0,1,0,1,0,0,0
"2560","42","1",1,0,0,1,0,0,0,0,0,0,0,0,0,0,1,0,1,0,0
"2560","42","2",0,0,0,1,1,0,0,0,0,0,0,0,0,0,1,0,0,0,0
"2560","43","1",0,0,0,0,0,0,0,1,0,0,0,0,0,0,0,0,0,1,0
"2560","43","2",0,0,0,0,0,0,1,0,0,0,0,0,0,0,0,0,0,0,0
"2560","44","1",0,0,0,0,0,0,0,0,0,0,0,0,0,0,0,0,0,0,0
"2560","44","2",0,0,0,0,0,0,0,0,0,0,0,1,0,0,0,0,0,0,0
"2560","45","1",0,0,0,0,0,0,0,0,0,0,0,0,0,0,0,0,0,0,0
"2560","45","2",0,0,0,0,0,0,0,0,0,0,0,0,0,0,0,0,0,0,0
"2560","46","1",0,0,0,0,0,0,0,0,0,0,0,0,0,0,0,0,0,0,0
"2560","46","2",0,0,0,0,0,0,0,0,0,0,0,0,0,0,0,0,0,0,0
"2560","47","1",0,0,0,0,0,0,0,0,0,0,0,0,0,0,0,0,0,0,0
"2560","47","2",0,0,0,0,0,0,0,0,0,0,0,0,0,0,0,0,0,0,0
"2560","48","1",0,0,0,0,0,0,0,0,0,0,0,0,0,0,0,0,0,0,0
"2560","48","2",0,0,0,0,0,0,0,0,0,0,0,0,0,0,0,0,0,0,0
"2560","49+","1",0,0,0,0,0,0,0,0,0,0,0,0,0,0,0,0,0,0,2
"2560","49+","2",0,0,0,0,0,0,0,0,0,0,0,0,0,0,0,0,0,0,0
"2514","15","1",0,0,0,0,0,0,0,0,0,0,0,0,0,0,0,0,0,0,0
"2514","15","2",0,0,0,0,0,0,0,0,0,0,0,0,0,0,0,0,0,0,0
"2514","16","1",0,0,0,0,0,0,0,0,0,0,0,0,0,0,0,0,0,0,0
"2514","16","2",0,0,0,0,0,0,0,0,0,0,0,0,0,0,0,0,0,0,0
"2514","17","1",0,0,0,0,0,0,0,0,0,0,0,0,0,0,0,0,1,0,0
"2514","17","2",0,0,0,0,0,0,0,0,0,0,0,1,0,0,0,0,0,0,0
"2514","18","1",0,1,0,0,0,0,0,0,1,0,0,0,0,0,0,0,0,0,0
"2514","18","2",1,0,0,0,0,0,0,0,0,0,1,0,0,0,0,0,0,0,1
"2514","19","1",0,2,3,0,1,2,0,0,0,0,1,1,0,1,2,0,0,0,0
"2514","19","2",1,2,1,1,1,4,2,0,1,1,0,1,0,0,0,0,1,2,0
"2514","20","1",1,2,0,0,2,0,0,1,0,2,0,0,2,0,0,0,0,2,0
"2514","20","2",2,1,2,2,1,0,1,1,1,0,0,1,2,2,2,0,1,0,1
"2514","21","1",1,1,3,3,6,2,0,3,0,2,3,2,1,2,3,3,0,0,0
"2514","21","2",2,3,5,4,4,1,5,4,1,2,2,1,1,4,1,0,3,2,3
"2514","22","1",1,4,4,4,1,3,3,2,3,0,4,3,4,3,1,0,3,1,0
"2514","22","2",2,2,1,1,1,5,1,4,2,2,4,0,2,1,0,1,0,0,1
"2514","23","1",3,1,3,3,3,4,4,6,2,4,3,1,3,2,5,6,2,2,2
"2514","23","2",2,1,3,4,4,2,4,2,1,0,1,2,0,1,2,2,2,1,1
"2514","24","1",5,3,7,2,6,3,5,7,4,7,2,4,2,2,3,2,1,2,0
"2514","24","2",3,4,4,4,6,4,2,5,8,2,3,2,6,2,3,4,3,3,7
"2514","25","1",8,7,4,2,5,4,5,2,6,5,2,4,4,8,8,3,5,4,7
"2514","25","2",2,3,3,3,3,6,7,8,4,9,0,5,1,8,3,3,3,0,2
"2514","26","1",3,2,5,1,6,2,5,1,8,7,8,6,4,5,5,6,3,6,5
"2514","26","2",3,3,2,3,2,6,5,6,2,7,2,8,5,5,4,3,2,4,2
"2514","27","1",6,7,3,6,3,6,2,5,11,6,7,10,4,6,4,8,5,6,3
"2514","27","2",5,4,1,2,5,5,3,1,3,6,4,2,5,7,7,2,8,2,4
"2514","28","1",8,8,8,6,0,3,1,3,8,2,4,8,4,6,8,3,9,2,4
"2514","28","2",6,11,8,4,5,1,2,3,3,5,4,7,4,9,6,6,3,4,1
"2514","29","1",11,5,3,3,3,3,3,0,3,4,4,9,7,3,6,3,1,8,5
"2514","29","2",4,7,6,4,7,3,7,4,2,6,8,4,5,4,4,5,5,1,4
"2514","30","1",7,6,6,9,5,5,7,2,3,8,5,0,6,7,3,4,10,5,9
"2514","30","2",2,4,4,4,7,2,4,3,1,1,3,7,3,6,6,6,6,4,4
"2514","31","1",9,6,4,4,7,6,5,4,3,4,2,10,6,4,9,6,5,6,6
"2514","31","2",6,1,6,5,5,4,1,5,3,3,1,4,4,5,1,5,4,3,6
"2514","32","1",7,5,4,4,3,4,2,2,4,2,4,1,2,2,3,8,9,2,3
"2514","32","2",7,3,2,1,6,5,2,6,2,3,3,6,7,3,8,7,0,4,5
"2514","33","1",3,0,2,9,7,3,3,5,8,3,0,1,2,3,3,1,2,2,2
"2514","33","2",2,1,8,1,3,5,1,4,1,5,1,4,3,3,5,5,3,2,2
"2514","34","1",3,4,6,6,3,5,2,5,3,1,2,1,6,3,3,2,0,3,1
"2514","34","2",4,7,8,3,3,2,3,2,4,2,2,3,4,2,2,2,4,0,3
"2514","35","1",4,2,4,2,6,3,2,3,5,4,3,1,2,3,2,1,2,4,1
"2514","35","2",5,3,2,5,3,3,1,6,3,3,4,3,1,2,1,2,8,4,2
"2514","36","1",3,4,5,6,2,0,5,0,2,4,2,0,3,3,1,2,3,2,4
"2514","36","2",6,6,2,2,2,2,3,1,2,4,3,2,1,2,5,3,1,1,1
"2514","37","1",5,5,0,0,1,1,3,1,0,7,1,4,4,0,3,4,0,4,0
"2514","37","2",3,1,1,6,3,1,1,4,3,2,1,0,0,2,2,4,1,2,2
"2514","38","1",3,1,5,0,3,3,2,2,0,1,2,5,2,0,1,1,1,1,3
"2514","38","2",1,6,6,0,3,1,4,1,2,1,1,2,1,0,2,2,2,2,0
"2514","39","1",0,2,1,0,1,2,2,5,2,3,1,0,2,0,0,1,1,0,1
"2514","39","2",1,0,3,0,0,1,2,1,1,0,3,2,3,2,1,0,0,0,2
"2514","40","1",0,1,2,0,2,0,1,1,1,1,1,1,0,2,1,3,0,0,1
"2514","40","2",0,2,2,1,3,0,1,1,1,1,1,0,1,1,1,2,0,1,3
"2514","41","1",0,1,1,2,0,0,0,1,0,2,0,1,0,0,1,1,0,2,3
"2514","41","2",0,0,1,2,1,0,1,1,3,0,0,0,2,2,1,0,1,1,1
"2514","42","1",0,0,1,0,0,1,1,0,1,0,1,3,1,2,0,1,0,0,1
"2514","42","2",2,0,0,0,0,1,0,0,0,0,0,1,0,1,2,0,1,2,0
"2514","43","1",0,0,0,0,0,0,0,0,1,2,0,0,0,0,1,0,0,0,1
"2514","43","2",0,0,0,0,0,0,0,0,1,0,2,0,0,0,0,0,1,0,1
"2514","44","1",1,1,0,0,0,0,0,0,0,0,0,0,0,0,0,0,0,0,0
"2514","44","2",0,0,0,0,0,0,0,0,0,0,0,0,0,0,0,0,0,0,0
"2514","45","1",0,1,0,0,0,0,1,0,0,0,0,0,0,0,0,0,0,1,0
"2514","45","2",0,0,0,0,0,0,0,0,0,0,0,0,0,0,1,1,0,0,0
"2514","46","1",0,0,0,0,0,0,0,0,0,0,0,0,0,0,1,0,0,0,0
"2514","46","2",0,0,0,0,0,0,0,0,0,0,0,0,0,0,0,0,0,0,0
"2514","47","1",1,0,0,0,0,0,0,0,0,0,0,0,0,0,0,0,0,0,0
"2514","47","2",0,0,0,0,0,0,0,0,0,0,0,0,0,0,0,1,0,0,0
"2514","48","1",0,0,0,0,0,0,0,0,0,0,0,0,0,0,0,0,0,0,0
"2514","48","2",0,0,0,0,0,0,0,0,0,0,0,0,0,0,0,0,0,0,0
"2514","49+","1",0,0,0,0,0,0,0,0,0,0,0,0,0,0,0,0,1,0,0
"2514","49+","2",0,0,0,0,0,0,0,0,0,0,0,0,0,0,0,0,0,0,0
"00","15","1",9,9,4,7,4,8,6,3,5,4,6,8,6,3,4,4,5,2,0
"00","15","2",4,8,8,3,5,1,3,7,8,2,5,4,2,2,2,2,2,1,0
"00","16","1",27,28,22,24,27,24,20,26,20,13,18,17,15,14,10,7,7,9,8
"00","16","2",31,43,33,28,28,22,20,20,16,17,23,23,24,6,9,8,7,9,3
"00","17","1",85,76,79,88,98,68,58,58,44,53,63,50,39,34,35,22,17,17,13
"00","17","2",81,83,74,84,59,72,59,54,45,49,45,48,38,26,29,19,23,24,18
"00","18","1",188,180,184,188,179,153,131,132,129,101,93,109,114,90,71,55,38,35,38
"00","18","2",172,166,170,153,141,135,151,148,115,109,87,90,92,62,61,60,58,36,35
"00","19","1",374,355,391,375,399,407,291,264,288,213,235,239,231,198,147,139,126,116,92
"00","19","2",265,321,339,349,317,315,299,242,221,222,213,219,229,192,144,137,125,107,104
"00","20","1",630,623,679,672,692,637,587,557,489,468,427,447,444,366,332,308,262,234,195
"00","20","2",590,594,615,660,655,603,575,537,461,462,433,375,383,328,348,283,215,228,185
"00","21","1",822,971,1007,1091,1054,1002,887,905,751,740,738,670,641,586,547,493,429,399,357
"00","21","2",802,859,937,996,1014,995,983,890,787,701,685,659,619,605,503,441,407,386,359
"00","22","1",1098,1273,1341,1299,1436,1336,1396,1310,1219,1114,1085,1026,988,896,801,712,662,564,574
"00","22","2",1124,1177,1264,1258,1315,1225,1316,1193,1077,1067,1024,965,907,775,764,674,652,538,521
"00","23","1",1398,1409,1633,1745,1740,1730,1711,1772,1678,1641,1516,1399,1375,1237,1074,979,901,852,773
"00","23","2",1295,1400,1480,1584,1577,1623,1614,1684,1663,1500,1417,1315,1194,1158,988,942,848,768,769
"00","24","1",1719,1822,1887,1950,2129,2086,2174,2172,2254,2182,2133,1948,1766,1621,1414,1312,1222,1155,1073
"00","24","2",1579,1725,1786,1903,1984,2017,2110,2031,2123,2020,1955,1756,1796,1580,1342,1326,1087,1017,1004
"00","25","1",2072,2125,2254,2247,2464,2466,2588,2536,2672,2882,2674,2519,2345,2230,1970,1796,1559,1414,1382
"00","25","2",1969,2007,2138,2142,2365,2321,2362,2529,2554,2705,2609,2381,2300,2112,1868,1713,1424,1322,1318
"00","26","1",2487,2552,2590,2660,2860,2750,2996,3043,3188,3325,3448,3188,3119,2798,2635,2361,2082,1867,1778
"00","26","2",2416,2402,2446,2470,2658,2734,2858,2813,3142,3082,3259,3038,2803,2725,2429,2237,1970,1795,1633
"00","27","1",2984,3049,2941,3140,3132,3144,3318,3359,3470,3786,3813,3750,3710,3454,3365,3102,2688,2393,2129
"00","27","2",2849,2886,2818,2899,3015,2915,3052,3067,3358,3420,3609,3719,3396,3247,3070,2915,2519,2319,2046
"00","28","1",3312,3272,3535,3480,3609,3491,3574,3724,3865,3979,4183,4107,4338,4097,3958,3818,3344,2958,2726
"00","28","2",3102,3224,3326,3289,3419,3269,3328,3497,3656,3546,3970,3828,4132,3839,3739,3589,3279,2887,2597
"00","29","1",3768,3601,3932,3935,4077,3806,3717,3886,4058,4316,4317,4399,4557,4705,4623,4353,3909,3611,3452
"00","29","2",3492,3409,3494,3699,3724,3630,3585,3690,3836,3985,4118,4235,4286,4426,4376,4250,3714,3497,3127
"00","30","1",3973,3998,3965,4121,4316,3880,4126,4113,4316,4280,4540,4443,4643,4791,4951,4909,4357,3939,3957
"00","30","2",3853,3733,3791,4009,4214,3811,3874,3824,4019,4139,4397,4234,4524,4336,4716,4665,4153,3857,3711
"00","31","1",4314,4192,4175,4164,4455,4286,4280,4244,4262,4253,4498,4457,4584,4730,4814,5203,4656,4526,4314
"00","31","2",4163,3936,3957,3922,4035,4126,4071,4013,3914,4026,4260,4306,4297,4498,4451,4945,4296,4208,4100
"00","32","1",4322,4301,4086,4167,4113,4079,4299,4295,4135,4077,4208,4366,4421,4451,4726,5005,4697,4469,4464
"00","32","2",4254,3880,3939,3880,4039,3782,4017,3927,3966,3900,3953,4074,4165,4167,4367,4670,4390,4350,4145
"00","33","1",3942,4044,3910,3944,3956,3811,3855,4051,3943,3908,3785,3892,4056,4045,4184,4629,4276,4305,4266
"00","33","2",3746,3975,3749,3606,3777,3523,3605,3854,3703,3572,3679,3777,3876,3920,3955,4196,4036,3997,3991
"00","34","1",3740,3676,3712,3681,3571,3500,3593,3585,3814,3618,3573,3537,3545,3684,3723,4014,3854,3723,3911
"00","34","2",3469,3470,3499,3444,3543,3422,3302,3452,3561,3295,3283,3288,3432,3512,3594,3870,3699,3609,3797
"00","35","1",3241,3239,3330,3423,3369,3117,3188,3104,3187,3406,3195,3031,3217,3324,3318,3430,3377,3349,3445
"00","35","2",2924,2982,3009,3255,3148,2961,2993,2914,2942,3045,3164,2875,2956,3056,3163,3364,3112,3171,3265
"00","36","1",2582,2719,2746,2787,2967,2778,2715,2647,2623,2658,2882,2827,2659,2708,2785,2904,2799,2841,2928
"00","36","2",2323,2575,2616,2732,2907,2712,2582,2480,2570,2629,2703,2615,2602,2629,2567,2755,2627,2578,2841
"00","37","1",2038,2187,2244,2347,2356,2383,2270,2311,2201,2180,2284,2402,2281,2295,2300,2352,2247,2162,2333
"00","37","2",1861,2019,2087,2176,2286,2361,2192,2157,2055,2030,2238,2219,2055,2101,2109,2350,2193,2200,2226
"00","38","1",1592,1574,1677,1906,1941,1870,1876,1867,1798,1809,1838,1839,1930,1829,1811,1831,1792,1865,1860
"00","38","2",1569,1563,1658,1758,1817,1852,1792,1766,1738,1709,1704,1724,1902,1751,1724,1834,1702,1698,1708
"00","39","1",1303,1295,1305,1360,1516,1466,1510,1532,1518,1417,1431,1405,1491,1537,1478,1501,1361,1384,1409
"00","39","2",1175,1232,1212,1307,1439,1354,1409,1436,1331,1369,1355,1315,1384,1477,1400,1460,1328,1328,1339
"00","40","1",995,967,1016,965,1059,1118,1126,1104,1183,1051,1121,1101,1070,1158,1223,1132,1126,1062,1136
"00","40","2",915,932,920,891,1031,1063,1003,1078,1061,953,1083,1046,1028,1045,1199,1081,997,964,984
"00","41","1",596,718,687,753,712,756,734,769,831,817,786,764,745,780,730,839,765,743,731
"00","41","2",571,616,664,675,675,688,770,708,773,724,749,768,723,719,692,804,716,730,753
"00","42","1",412,445,482,451,517,474,440,487,497,536,546,512,483,551,481,547,539,468,499
"00","42","2",383,455,408,474,475,456,475,467,447,460,501,522,468,499,477,500,482,462,461
"00","43","1",236,273,259,271,270,248,316,298,297,295,332,352,315,311,324,326,322,337,299
"00","43","2",229,242,257,283,263,243,253,306,301,296,329,328,287,294,299,313,325,275,289
"00","44","1",118,157,141,176,172,175,174,125,170,164,197,192,167,186,180,196,189,190,188
"00","44","2",118,126,134,154,157,151,156,153,178,148,169,186,191,183,179,171,199,189,197
"00","45","1",50,68,72,73,104,88,112,95,80,100,108,112,115,126,94,83,102,101,117
"00","45","2",42,46,57,71,92,91,90,74,75,75,104,118,81,106,112,97,117,105,115
"00","46","1",24,28,39,39,48,34,39,29,47,52,52,57,52,73,64,55,62,64,71
"00","46","2",35,29,41,38,39,43,48,46,56,41,47,44,59,60,60,50,54,54,61
"00","47","1",19,13,14,18,24,16,26,29,28,21,29,31,26,42,38,41,31,35,46
"00","47","2",17,23,8,15,21,19,21,22,24,27,24,30,27,41,28,28,43,34,36
"00","48","1",8,6,6,6,5,7,13,13,16,15,13,15,12,16,12,14,24,23,25
"00","48","2",4,10,8,9,9,8,12,19,16,13,11,10,16,11,28,14,25,15,29
"00","49+","1",4,12,6,10,11,11,24,26,20,25,30,43,31,35,31,12,45,36,44
"00","49+","2",8,12,5,20,11,19,25,21,17,30,16,26,23,33,28,15,34,42,46
