"Region","AlderModer","Kon","00000863 2025"
"2580","-1410","1",0
"2580","-1410","2",0
"2580","-145","1",0
"2580","-145","2",0
"2580","TotSA","1",356
"2580","TotSA","2",327
"2580","-14","1",0
"2580","-14","2",0
"2580","15","1",0
"2580","15","2",0
"2580","15-19","1",0
"2580","15-19","2",0
"2580","15-24","1",15
"2580","15-24","2",21
"2580","16","1",0
"2580","16","2",0
"2580","17","1",0
"2580","17","2",0
"2580","18","1",0
"2580","18","2",0
"2580","19","1",0
"2580","19","2",0
"2580","20","1",0
"2580","20","2",0
"2580","20-24","1",15
"2580","20-24","2",21
"2580","21","1",0
"2580","21","2",0
"2580","22","1",0
"2580","22","2",5
"2580","23","1",5
"2580","23","2",7
"2580","24","1",7
"2580","24","2",7
"2580","25","1",9
"2580","25","2",9
"2580","25-29","1",77
"2580","25-29","2",85
"2580","25-34","1",231
"2580","25-34","2",225
"2580","26","1",13
"2580","26","2",15
"2580","27","1",16
"2580","27","2",21
"2580","28","1",20
"2580","28","2",14
"2580","29","1",21
"2580","29","2",24
"2580","30","1",24
"2580","30","2",30
"2580","30-34","1",155
"2580","30-34","2",141
"2580","31","1",35
"2580","31","2",38
"2580","32","1",30
"2580","32","2",24
"2580","33","1",35
"2580","33","2",33
"2580","34","1",29
"2580","34","2",18
"2580","35","1",25
"2580","35","2",17
"2580","35-39","1",83
"2580","35-39","2",70
"2580","35-44","1",106
"2580","35-44","2",78
"2580","36","1",18
"2580","36","2",17
"2580","37","1",17
"2580","37","2",16
"2580","38","1",13
"2580","38","2",5
"2580","39","1",9
"2580","39","2",11
"2580","40","1",8
"2580","40","2",0
"2580","40-44","1",21
"2580","40-44","2",11
"2580","41","1",7
"2580","41","2",4
"2580","42","1",4
"2580","42","2",0
"2580","43","1",0
"2580","43","2",0
"2580","44","1",4
"2580","44","2",0
"2580","45","1",0
"2580","45","2",0
"2580","45+10","1",0
"2580","45+10","2",0
"2580","45+5","1",0
"2580","45+5","2",0
"2580","46","1",3
"2580","46","2",0
"2580","47","1",0
"2580","47","2",0
"2580","48","1",0
"2580","48","2",0
"2580","49+","1",0
"2580","49+","2",0
"2580","TOT1","1",356
"2580","TOT1","2",327
"2580","TOT10","1",356
"2580","TOT10","2",327
"2580","TOT5","1",356
"2580","TOT5","2",327
"2580","us","1",0
"2580","us","2",0
"2580","US10","1",0
"2580","US10","2",0
"2580","US5","1",0
"2580","US5","2",0
"2582","-1410","1",0
"2582","-1410","2",0
"2582","-145","1",0
"2582","-145","2",0
"2582","TotSA","1",104
"2582","TotSA","2",88
"2582","-14","1",0
"2582","-14","2",0
"2582","15","1",0
"2582","15","2",0
"2582","15-19","1",0
"2582","15-19","2",0
"2582","15-24","1",9
"2582","15-24","2",10
"2582","16","1",0
"2582","16","2",0
"2582","17","1",0
"2582","17","2",0
"2582","18","1",0
"2582","18","2",0
"2582","19","1",0
"2582","19","2",0
"2582","20","1",0
"2582","20","2",0
"2582","20-24","1",9
"2582","20-24","2",10
"2582","21","1",0
"2582","21","2",0
"2582","22","1",0
"2582","22","2",0
"2582","23","1",4
"2582","23","2",0
"2582","24","1",4
"2582","24","2",3
"2582","25","1",3
"2582","25","2",3
"2582","25-29","1",21
"2582","25-29","2",22
"2582","25-34","1",71
"2582","25-34","2",52
"2582","26","1",7
"2582","26","2",3
"2582","27","1",7
"2582","27","2",3
"2582","28","1",0
"2582","28","2",8
"2582","29","1",4
"2582","29","2",3
"2582","30","1",13
"2582","30","2",4
"2582","30-34","1",47
"2582","30-34","2",35
"2582","31","1",10
"2582","31","2",4
"2582","32","1",5
"2582","32","2",6
"2582","33","1",6
"2582","33","2",13
"2582","34","1",12
"2582","34","2",8
"2582","35","1",11
"2582","35","2",3
"2582","35-39","1",21
"2582","35-39","2",20
"2582","35-44","1",23
"2582","35-44","2",27
"2582","36","1",0
"2582","36","2",3
"2582","37","1",3
"2582","37","2",4
"2582","38","1",3
"2582","38","2",0
"2582","39","1",3
"2582","39","2",5
"2582","40","1",3
"2582","40","2",3
"2582","40-44","1",5
"2582","40-44","2",7
"2582","41","1",3
"2582","41","2",0
"2582","42","1",0
"2582","42","2",0
"2582","43","1",0
"2582","43","2",0
"2582","44","1",3
"2582","44","2",0
"2582","45","1",0
"2582","45","2",0
"2582","45+10","1",0
"2582","45+10","2",0
"2582","45+5","1",0
"2582","45+5","2",0
"2582","46","1",0
"2582","46","2",0
"2582","47","1",0
"2582","47","2",0
"2582","48","1",0
"2582","48","2",0
"2582","49+","1",0
"2582","49+","2",0
"2582","TOT1","1",104
"2582","TOT1","2",88
"2582","TOT10","1",104
"2582","TOT10","2",88
"2582","TOT5","1",104
"2582","TOT5","2",88
"2582","us","1",0
"2582","us","2",0
"2582","US10","1",0
"2582","US10","2",0
"2582","US5","1",0
"2582","US5","2",0
"2581","-1410","1",0
"2581","-1410","2",0
"2581","-145","1",0
"2581","-145","2",0
"2581","TotSA","1",177
"2581","TotSA","2",164
"2581","-14","1",0
"2581","-14","2",0
"2581","15","1",0
"2581","15","2",0
"2581","15-19","1",0
"2581","15-19","2",0
"2581","15-24","1",9
"2581","15-24","2",16
"2581","16","1",0
"2581","16","2",0
"2581","17","1",0
"2581","17","2",0
"2581","18","1",0
"2581","18","2",0
"2581","19","1",0
"2581","19","2",0
"2581","20","1",3
"2581","20","2",0
"2581","20-24","1",9
"2581","20-24","2",12
"2581","21","1",0
"2581","21","2",3
"2581","22","1",0
"2581","22","2",7
"2581","23","1",0
"2581","23","2",3
"2581","24","1",5
"2581","24","2",6
"2581","25","1",7
"2581","25","2",8
"2581","25-29","1",64
"2581","25-29","2",56
"2581","25-34","1",127
"2581","25-34","2",117
"2581","26","1",7
"2581","26","2",7
"2581","27","1",17
"2581","27","2",8
"2581","28","1",14
"2581","28","2",17
"2581","29","1",21
"2581","29","2",12
"2581","30","1",14
"2581","30","2",14
"2581","30-34","1",65
"2581","30-34","2",61
"2581","31","1",15
"2581","31","2",10
"2581","32","1",17
"2581","32","2",11
"2581","33","1",14
"2581","33","2",11
"2581","34","1",6
"2581","34","2",11
"2581","35","1",11
"2581","35","2",5
"2581","35-39","1",28
"2581","35-39","2",23
"2581","35-44","1",42
"2581","35-44","2",30
"2581","36","1",13
"2581","36","2",13
"2581","37","1",3
"2581","37","2",5
"2581","38","1",3
"2581","38","2",3
"2581","39","1",4
"2581","39","2",0
"2581","40","1",3
"2581","40","2",3
"2581","40-44","1",12
"2581","40-44","2",6
"2581","41","1",4
"2581","41","2",3
"2581","42","1",0
"2581","42","2",0
"2581","43","1",0
"2581","43","2",0
"2581","44","1",0
"2581","44","2",0
"2581","45","1",0
"2581","45","2",0
"2581","45+10","1",0
"2581","45+10","2",0
"2581","45+5","1",0
"2581","45+5","2",0
"2581","46","1",0
"2581","46","2",0
"2581","47","1",0
"2581","47","2",0
"2581","48","1",0
"2581","48","2",0
"2581","49+","1",0
"2581","49+","2",0
"2581","TOT1","1",177
"2581","TOT1","2",164
"2581","TOT10","1",177
"2581","TOT10","2",164
"2581","TOT5","1",177
"2581","TOT5","2",164
"2581","us","1",0
"2581","us","2",0
"2581","US10","1",0
"2581","US10","2",0
"2581","US5","1",0
"2581","US5","2",0
"2560","-1410","1",0
"2560","-1410","2",0
"2560","-145","1",0
"2560","-145","2",0
"2560","TotSA","1",32
"2560","TotSA","2",36
"2560","-14","1",0
"2560","-14","2",0
"2560","15","1",0
"2560","15","2",0
"2560","15-19","1",0
"2560","15-19","2",0
"2560","15-24","1",3
"2560","15-24","2",0
"2560","16","1",0
"2560","16","2",0
"2560","17","1",0
"2560","17","2",0
"2560","18","1",0
"2560","18","2",0
"2560","19","1",0
"2560","19","2",0
"2560","20","1",0
"2560","20","2",3
"2560","20-24","1",5
"2560","20-24","2",0
"2560","21","1",0
"2560","21","2",0
"2560","22","1",0
"2560","22","2",0
"2560","23","1",3
"2560","23","2",0
"2560","24","1",0
"2560","24","2",0
"2560","25","1",0
"2560","25","2",3
"2560","25-29","1",10
"2560","25-29","2",11
"2560","25-34","1",21
"2560","25-34","2",20
"2560","26","1",3
"2560","26","2",0
"2560","27","1",0
"2560","27","2",3
"2560","28","1",3
"2560","28","2",3
"2560","29","1",0
"2560","29","2",0
"2560","30","1",0
"2560","30","2",4
"2560","30-34","1",8
"2560","30-34","2",10
"2560","31","1",0
"2560","31","2",3
"2560","32","1",0
"2560","32","2",0
"2560","33","1",5
"2560","33","2",0
"2560","34","1",3
"2560","34","2",3
"2560","35","1",4
"2560","35","2",4
"2560","35-39","1",6
"2560","35-39","2",10
"2560","35-44","1",9
"2560","35-44","2",10
"2560","36","1",3
"2560","36","2",3
"2560","37","1",0
"2560","37","2",3
"2560","38","1",3
"2560","38","2",3
"2560","39","1",0
"2560","39","2",0
"2560","40","1",0
"2560","40","2",0
"2560","40-44","1",3
"2560","40-44","2",0
"2560","41","1",0
"2560","41","2",0
"2560","42","1",0
"2560","42","2",0
"2560","43","1",3
"2560","43","2",0
"2560","44","1",0
"2560","44","2",0
"2560","45","1",0
"2560","45","2",0
"2560","45+10","1",0
"2560","45+10","2",0
"2560","45+5","1",0
"2560","45+5","2",0
"2560","46","1",0
"2560","46","2",0
"2560","47","1",0
"2560","47","2",0
"2560","48","1",0
"2560","48","2",0
"2560","49+","1",0
"2560","49+","2",0
"2560","TOT1","1",32
"2560","TOT1","2",36
"2560","TOT10","1",32
"2560","TOT10","2",36
"2560","TOT5","1",32
"2560","TOT5","2",36
"2560","us","1",0
"2560","us","2",0
"2560","US10","1",0
"2560","US10","2",0
"2560","US5","1",0
"2560","US5","2",0
"2514","-1410","1",0
"2514","-1410","2",0
"2514","-145","1",0
"2514","-145","2",0
"2514","TotSA","1",41
"2514","TotSA","2",50
"2514","-14","1",0
"2514","-14","2",0
"2514","15","1",0
"2514","15","2",0
"2514","15-19","1",3
"2514","15-19","2",0
"2514","15-24","1",10
"2514","15-24","2",12
"2514","16","1",0
"2514","16","2",0
"2514","17","1",0
"2514","17","2",0
"2514","18","1",3
"2514","18","2",0
"2514","19","1",0
"2514","19","2",0
"2514","20","1",0
"2514","20","2",0
"2514","20-24","1",8
"2514","20-24","2",12
"2514","21","1",3
"2514","21","2",0
"2514","22","1",0
"2514","22","2",4
"2514","23","1",3
"2514","23","2",0
"2514","24","1",3
"2514","24","2",5
"2514","25","1",4
"2514","25","2",0
"2514","25-29","1",12
"2514","25-29","2",12
"2514","25-34","1",22
"2514","25-34","2",29
"2514","26","1",0
"2514","26","2",4
"2514","27","1",3
"2514","27","2",3
"2514","28","1",0
"2514","28","2",3
"2514","29","1",7
"2514","29","2",0
"2514","30","1",3
"2514","30","2",4
"2514","30-34","1",9
"2514","30-34","2",16
"2514","31","1",3
"2514","31","2",4
"2514","32","1",0
"2514","32","2",3
"2514","33","1",0
"2514","33","2",4
"2514","34","1",3
"2514","34","2",3
"2514","35","1",4
"2514","35","2",0
"2514","35-39","1",9
"2514","35-39","2",9
"2514","35-44","1",10
"2514","35-44","2",10
"2514","36","1",3
"2514","36","2",0
"2514","37","1",0
"2514","37","2",3
"2514","38","1",3
"2514","38","2",0
"2514","39","1",0
"2514","39","2",4
"2514","40","1",0
"2514","40","2",0
"2514","40-44","1",4
"2514","40-44","2",6
"2514","41","1",0
"2514","41","2",0
"2514","42","1",0
"2514","42","2",3
"2514","43","1",0
"2514","43","2",0
"2514","44","1",0
"2514","44","2",0
"2514","45","1",0
"2514","45","2",0
"2514","45+10","1",0
"2514","45+10","2",0
"2514","45+5","1",0
"2514","45+5","2",0
"2514","46","1",0
"2514","46","2",0
"2514","47","1",0
"2514","47","2",0
"2514","48","1",0
"2514","48","2",0
"2514","49+","1",0
"2514","49+","2",0
"2514","TOT1","1",41
"2514","TOT1","2",50
"2514","TOT10","1",41
"2514","TOT10","2",50
"2514","TOT5","1",41
"2514","TOT5","2",50
"2514","us","1",0
"2514","us","2",0
"2514","US10","1",0
"2514","US10","2",0
"2514","US5","1",0
"2514","US5","2",0
