Kon,Bostadskommun,Arbetsstallekommun,000000QT 2020,000000QT 2021,000000QT 2022,000000QT 2023,000000QT 2024
1+2,0114,2580,0,9,3,7,6
1+2,0114,2582,0,0,3,0,0
1+2,0114,2581,5,5,3,3,8
1+2,0114,2560,0,0,0,0,0
1+2,0114,2514,3,3,0,0,0
1+2,0115,2580,0,4,3,8,3
1+2,0115,2582,0,3,3,3,3
1+2,0115,2581,3,0,3,3,4
1+2,0115,2560,0,0,0,0,0
1+2,0115,2514,0,0,0,0,0
1+2,0117,2580,3,0,3,4,5
1+2,0117,2582,0,0,0,0,5
1+2,0117,2581,4,3,0,0,0
1+2,0117,2560,0,0,0,0,0
1+2,0117,2514,0,3,0,0,0
1+2,0120,2580,6,8,12,9,9
1+2,0120,2582,3,3,3,0,3
1+2,0120,2581,3,3,6,0,4
1+2,0120,2560,0,0,0,0,0
1+2,0120,2514,0,0,0,0,0
1+2,0123,2580,8,5,14,7,14
1+2,0123,2582,0,0,6,0,3
1+2,0123,2581,7,10,3,0,3
1+2,0123,2560,0,0,0,0,0
1+2,0123,2514,0,0,3,0,3
1+2,0125,2580,0,0,0,3,3
1+2,0125,2582,3,0,0,0,0
1+2,0125,2581,0,3,3,0,0
1+2,0125,2560,0,0,0,0,0
1+2,0125,2514,0,0,0,0,0
1+2,0126,2580,11,6,13,14,16
1+2,0126,2582,3,4,3,5,4
1+2,0126,2581,12,7,4,0,7
1+2,0126,2560,0,0,0,0,0
1+2,0126,2514,3,3,0,0,0
1+2,0127,2580,4,9,7,8,12
1+2,0127,2582,0,3,0,3,4
1+2,0127,2581,5,3,3,0,0
1+2,0127,2560,0,0,0,0,0
1+2,0127,2514,0,0,0,0,0
1+2,0128,2580,0,0,3,0,3
1+2,0128,2582,0,0,0,0,3
1+2,0128,2581,4,4,0,0,0
1+2,0128,2560,0,0,0,0,0
1+2,0128,2514,0,0,0,0,0
1+2,0136,2580,5,7,13,11,14
1+2,0136,2582,3,0,3,4,0
1+2,0136,2581,12,10,8,3,0
1+2,0136,2560,0,0,0,0,0
1+2,0136,2514,0,0,0,0,0
1+2,0138,2580,7,0,6,5,7
1+2,0138,2582,3,4,3,3,6
1+2,0138,2581,4,6,4,0,3
1+2,0138,2560,0,3,4,0,0
1+2,0138,2514,3,0,3,0,0
1+2,0139,2580,0,0,7,3,6
1+2,0139,2582,4,4,3,3,0
1+2,0139,2581,3,0,0,0,0
1+2,0139,2560,0,0,0,0,0
1+2,0139,2514,0,0,0,0,0
1+2,0140,2580,0,0,0,0,0
1+2,0140,2582,0,0,0,0,0
1+2,0140,2581,0,0,0,0,0
1+2,0140,2560,0,0,0,0,0
1+2,0140,2514,0,0,0,0,0
1+2,0160,2580,14,11,15,14,15
1+2,0160,2582,11,6,3,3,8
1+2,0160,2581,6,3,3,3,0
1+2,0160,2560,0,0,0,0,0
1+2,0160,2514,0,0,0,0,0
1+2,0162,2580,10,12,10,6,6
1+2,0162,2582,3,3,0,0,0
1+2,0162,2581,3,0,0,0,0
1+2,0162,2560,0,0,0,0,0
1+2,0162,2514,0,0,0,0,0
1+2,0163,2580,5,9,8,13,14
1+2,0163,2582,3,3,0,0,3
1+2,0163,2581,3,11,5,5,5
1+2,0163,2560,0,0,0,0,0
1+2,0163,2514,0,0,0,0,0
1+2,0180,2580,164,180,196,189,249
1+2,0180,2582,32,43,37,29,41
1+2,0180,2581,83,97,79,61,52
1+2,0180,2560,4,0,3,6,6
1+2,0180,2514,5,9,7,8,7
1+2,0181,2580,10,3,5,11,11
1+2,0181,2582,0,0,0,0,3
1+2,0181,2581,0,3,3,4,7
1+2,0181,2560,0,0,0,0,3
1+2,0181,2514,0,0,0,0,0
1+2,0182,2580,11,12,24,22,29
1+2,0182,2582,7,8,8,4,4
1+2,0182,2581,10,9,10,10,8
1+2,0182,2560,0,3,0,0,0
1+2,0182,2514,0,3,0,0,0
1+2,0183,2580,14,11,18,12,9
1+2,0183,2582,3,3,0,0,6
1+2,0183,2581,3,4,3,5,0
1+2,0183,2560,0,0,0,0,0
1+2,0183,2514,0,0,0,0,0
1+2,0184,2580,19,14,21,22,24
1+2,0184,2582,3,4,4,0,3
1+2,0184,2581,7,6,7,3,3
1+2,0184,2560,3,0,0,3,3
1+2,0184,2514,0,0,0,0,0
1+2,0186,2580,5,3,7,8,7
1+2,0186,2582,0,4,3,3,6
1+2,0186,2581,3,3,3,0,0
1+2,0186,2560,0,0,0,0,0
1+2,0186,2514,0,0,0,0,0
1+2,0187,2580,3,7,3,3,7
1+2,0187,2582,0,0,3,3,0
1+2,0187,2581,3,3,3,3,0
1+2,0187,2560,0,0,0,0,0
1+2,0187,2514,0,0,0,0,0
1+2,0188,2580,3,9,5,7,11
1+2,0188,2582,3,5,3,0,3
1+2,0188,2581,3,0,0,3,0
1+2,0188,2560,0,0,0,0,0
1+2,0188,2514,0,0,3,0,0
1+2,0191,2580,7,3,8,10,8
1+2,0191,2582,4,3,4,3,4
1+2,0191,2581,8,5,7,5,3
1+2,0191,2560,0,0,0,0,0
1+2,0191,2514,4,3,3,3,4
1+2,0192,2580,0,0,3,5,3
1+2,0192,2582,0,0,4,3,0
1+2,0192,2581,4,3,3,0,4
1+2,0192,2560,0,0,0,0,0
1+2,0192,2514,0,0,0,0,0
1+2,0305,2580,0,0,0,3,0
1+2,0305,2582,3,0,0,5,0
1+2,0305,2581,0,0,3,0,3
1+2,0305,2560,0,0,0,0,0
1+2,0305,2514,0,0,0,0,0
1+2,0319,2580,0,0,0,0,0
1+2,0319,2582,0,0,0,0,0
1+2,0319,2581,0,0,0,0,0
1+2,0319,2560,0,0,0,0,0
1+2,0319,2514,0,0,0,0,0
1+2,0330,2580,4,8,5,6,11
1+2,0330,2582,0,0,0,3,0
1+2,0330,2581,6,0,0,3,3
1+2,0330,2560,0,0,3,0,0
1+2,0330,2514,0,0,0,0,0
1+2,0331,2580,3,3,4,3,4
1+2,0331,2582,0,0,0,0,0
1+2,0331,2581,0,3,0,3,0
1+2,0331,2560,0,0,0,0,0
1+2,0331,2514,0,0,0,0,0
1+2,0360,2580,3,3,0,0,0
1+2,0360,2582,0,0,0,3,0
1+2,0360,2581,0,3,0,0,3
1+2,0360,2560,0,0,0,0,0
1+2,0360,2514,0,0,0,0,3
1+2,0380,2580,36,32,46,62,63
1+2,0380,2582,9,9,15,11,18
1+2,0380,2581,12,15,9,9,9
1+2,0380,2560,4,0,0,0,4
1+2,0380,2514,3,0,4,6,3
1+2,0381,2580,3,3,5,3,3
1+2,0381,2582,5,4,4,3,4
1+2,0381,2581,0,0,6,3,3
1+2,0381,2560,0,0,0,0,0
1+2,0381,2514,3,0,0,0,0
1+2,0382,2580,3,4,3,3,7
1+2,0382,2582,0,3,3,0,5
1+2,0382,2581,0,0,0,0,0
1+2,0382,2560,0,0,0,0,0
1+2,0382,2514,0,3,0,0,0
1+2,0428,2580,0,0,0,0,0
1+2,0428,2582,0,0,0,0,3
1+2,0428,2581,0,0,0,0,0
1+2,0428,2560,0,0,0,0,0
1+2,0428,2514,0,0,0,0,0
1+2,0461,2580,0,0,0,0,0
1+2,0461,2582,0,0,0,0,0
1+2,0461,2581,0,0,0,0,0
1+2,0461,2560,0,0,0,0,0
1+2,0461,2514,3,0,0,0,0
1+2,0480,2580,3,4,4,8,6
1+2,0480,2582,0,3,0,3,3
1+2,0480,2581,3,0,3,0,0
1+2,0480,2560,0,0,0,0,0
1+2,0480,2514,0,0,0,0,0
1+2,0481,2580,0,0,0,3,3
1+2,0481,2582,0,0,0,0,0
1+2,0481,2581,0,0,0,0,0
1+2,0481,2560,0,0,0,0,0
1+2,0481,2514,0,0,0,0,0
1+2,0482,2580,3,3,0,3,0
1+2,0482,2582,0,0,0,0,0
1+2,0482,2581,0,0,0,0,0
1+2,0482,2560,0,0,0,0,0
1+2,0482,2514,0,0,0,0,0
1+2,0483,2580,3,3,3,4,3
1+2,0483,2582,0,0,0,4,3
1+2,0483,2581,0,0,0,3,3
1+2,0483,2560,0,0,0,0,0
1+2,0483,2514,0,0,0,3,0
1+2,0484,2580,4,7,12,9,9
1+2,0484,2582,3,6,4,4,4
1+2,0484,2581,3,3,0,0,0
1+2,0484,2560,0,0,0,0,0
1+2,0484,2514,0,3,0,0,3
1+2,0486,2580,3,0,5,3,5
1+2,0486,2582,0,0,3,0,3
1+2,0486,2581,3,3,3,3,0
1+2,0486,2560,0,0,0,0,0
1+2,0486,2514,0,0,0,0,0
1+2,0488,2580,0,0,0,0,0
1+2,0488,2582,0,0,0,0,3
1+2,0488,2581,0,0,0,0,0
1+2,0488,2560,0,0,0,0,0
1+2,0488,2514,3,0,0,0,0
1+2,0509,2580,0,0,0,0,0
1+2,0509,2582,0,0,0,0,0
1+2,0509,2581,0,0,0,0,0
1+2,0509,2560,0,0,0,0,0
1+2,0509,2514,0,0,0,0,0
1+2,0512,2580,0,0,0,0,0
1+2,0512,2582,0,0,0,0,0
1+2,0512,2581,0,0,0,0,0
1+2,0512,2560,0,0,0,0,0
1+2,0512,2514,0,0,0,0,0
1+2,0513,2580,0,0,0,0,3
1+2,0513,2582,0,0,0,0,0
1+2,0513,2581,0,0,0,0,0
1+2,0513,2560,0,0,0,0,0
1+2,0513,2514,0,0,0,0,0
1+2,0560,2580,0,0,3,0,0
1+2,0560,2582,0,0,3,0,0
1+2,0560,2581,0,0,0,0,0
1+2,0560,2560,0,0,0,0,0
1+2,0560,2514,0,0,0,0,0
1+2,0561,2580,3,0,3,3,3
1+2,0561,2582,0,0,0,0,0
1+2,0561,2581,0,0,0,0,0
1+2,0561,2560,0,0,0,0,0
1+2,0561,2514,0,0,0,0,0
1+2,0562,2580,3,0,0,3,0
1+2,0562,2582,0,0,0,3,0
1+2,0562,2581,0,0,0,0,0
1+2,0562,2560,0,0,0,0,0
1+2,0562,2514,0,0,0,0,0
1+2,0563,2580,0,0,0,0,0
1+2,0563,2582,0,0,0,0,0
1+2,0563,2581,0,0,0,0,0
1+2,0563,2560,0,0,0,0,0
1+2,0563,2514,0,0,0,0,0
1+2,0580,2580,18,20,13,19,15
1+2,0580,2582,0,10,12,0,9
1+2,0580,2581,8,3,5,3,6
1+2,0580,2560,0,0,0,3,0
1+2,0580,2514,0,0,0,0,0
1+2,0581,2580,10,5,7,14,14
1+2,0581,2582,0,0,3,5,0
1+2,0581,2581,3,0,4,3,3
1+2,0581,2560,0,0,0,0,0
1+2,0581,2514,0,3,3,3,0
1+2,0582,2580,0,0,0,0,0
1+2,0582,2582,0,0,3,0,0
1+2,0582,2581,0,0,0,0,0
1+2,0582,2560,0,0,0,0,0
1+2,0582,2514,0,3,0,0,0
1+2,0583,2580,0,0,0,0,3
1+2,0583,2582,3,0,3,0,0
1+2,0583,2581,0,0,0,0,3
1+2,0583,2560,0,0,0,0,0
1+2,0583,2514,3,0,0,3,0
1+2,0584,2580,0,0,0,0,0
1+2,0584,2582,0,0,3,0,0
1+2,0584,2581,0,3,3,0,0
1+2,0584,2560,0,0,0,0,0
1+2,0584,2514,0,0,0,0,0
1+2,0586,2580,3,0,0,0,0
1+2,0586,2582,0,0,0,0,0
1+2,0586,2581,3,3,3,3,3
1+2,0586,2560,0,0,0,0,0
1+2,0586,2514,0,0,0,0,0
1+2,0604,2580,0,0,0,0,0
1+2,0604,2582,0,0,0,0,0
1+2,0604,2581,0,0,0,0,0
1+2,0604,2560,0,0,0,0,0
1+2,0604,2514,0,0,0,0,0
1+2,0617,2580,0,0,0,0,0
1+2,0617,2582,0,0,0,0,0
1+2,0617,2581,0,0,0,0,0
1+2,0617,2560,0,0,0,0,0
1+2,0617,2514,0,0,0,0,0
1+2,0642,2580,0,0,0,0,3
1+2,0642,2582,0,0,0,0,0
1+2,0642,2581,0,0,0,0,0
1+2,0642,2560,0,0,0,0,0
1+2,0642,2514,0,0,0,0,0
1+2,0643,2580,3,3,3,3,3
1+2,0643,2582,0,0,0,0,0
1+2,0643,2581,0,0,3,3,3
1+2,0643,2560,0,0,0,0,0
1+2,0643,2514,0,0,0,0,0
1+2,0662,2580,0,0,0,0,3
1+2,0662,2582,0,0,0,0,0
1+2,0662,2581,0,0,0,0,0
1+2,0662,2560,0,0,0,0,0
1+2,0662,2514,0,0,0,3,0
1+2,0665,2580,0,0,0,0,3
1+2,0665,2582,0,0,0,0,0
1+2,0665,2581,0,0,0,0,0
1+2,0665,2560,0,0,0,0,0
1+2,0665,2514,0,0,0,0,0
1+2,0680,2580,8,8,9,16,9
1+2,0680,2582,0,3,0,0,6
1+2,0680,2581,5,3,3,3,0
1+2,0680,2560,0,0,0,0,0
1+2,0680,2514,0,0,0,0,0
1+2,0682,2580,0,3,3,3,4
1+2,0682,2582,3,0,0,0,0
1+2,0682,2581,0,0,0,0,0
1+2,0682,2560,0,0,0,0,0
1+2,0682,2514,0,0,0,0,0
1+2,0683,2580,0,3,0,0,0
1+2,0683,2582,0,0,0,0,0
1+2,0683,2581,0,0,0,0,0
1+2,0683,2560,0,0,0,0,0
1+2,0683,2514,0,0,0,0,0
1+2,0684,2580,0,0,0,0,0
1+2,0684,2582,0,0,0,0,0
1+2,0684,2581,0,0,0,0,0
1+2,0684,2560,0,0,0,0,0
1+2,0684,2514,0,0,0,0,0
1+2,0685,2580,3,3,3,0,0
1+2,0685,2582,0,0,0,0,0
1+2,0685,2581,0,0,0,0,0
1+2,0685,2560,0,0,0,0,0
1+2,0685,2514,0,0,0,0,0
1+2,0686,2580,0,0,3,0,0
1+2,0686,2582,0,0,0,0,0
1+2,0686,2581,0,0,0,0,0
1+2,0686,2560,0,0,0,0,0
1+2,0686,2514,0,0,0,0,0
1+2,0687,2580,0,0,0,0,3
1+2,0687,2582,0,0,0,0,0
1+2,0687,2581,0,0,0,0,3
1+2,0687,2560,0,0,0,0,0
1+2,0687,2514,0,0,0,0,0
1+2,0760,2580,0,0,0,0,0
1+2,0760,2582,3,3,0,0,0
1+2,0760,2581,0,3,0,0,0
1+2,0760,2560,0,0,0,0,0
1+2,0760,2514,0,0,0,0,0
1+2,0761,2580,0,0,0,0,0
1+2,0761,2582,0,0,0,0,0
1+2,0761,2581,0,0,0,0,0
1+2,0761,2560,0,0,0,0,0
1+2,0761,2514,0,0,0,0,0
1+2,0763,2580,0,0,0,0,0
1+2,0763,2582,0,0,0,0,0
1+2,0763,2581,0,0,3,3,3
1+2,0763,2560,0,0,0,0,0
1+2,0763,2514,0,0,0,0,0
1+2,0764,2580,0,0,0,0,0
1+2,0764,2582,0,0,0,0,0
1+2,0764,2581,0,0,0,0,0
1+2,0764,2560,0,0,0,0,0
1+2,0764,2514,0,0,0,0,0
1+2,0765,2580,0,0,0,0,0
1+2,0765,2582,0,0,0,0,0
1+2,0765,2581,0,0,3,0,0
1+2,0765,2560,0,0,0,0,0
1+2,0765,2514,0,0,0,0,0
1+2,0767,2580,0,0,0,0,0
1+2,0767,2582,3,3,3,0,0
1+2,0767,2581,0,0,0,0,0
1+2,0767,2560,0,0,0,0,0
1+2,0767,2514,0,0,0,0,0
1+2,0780,2580,3,5,7,10,3
1+2,0780,2582,0,0,0,0,0
1+2,0780,2581,4,3,0,0,3
1+2,0780,2560,0,0,0,0,0
1+2,0780,2514,0,0,0,0,0
1+2,0781,2580,0,0,0,0,0
1+2,0781,2582,3,3,0,0,0
1+2,0781,2581,4,4,4,3,4
1+2,0781,2560,0,0,0,0,0
1+2,0781,2514,0,0,0,0,0
1+2,0821,2580,0,0,0,0,0
1+2,0821,2582,0,0,0,0,0
1+2,0821,2581,0,0,0,0,0
1+2,0821,2560,0,0,0,0,0
1+2,0821,2514,0,0,0,0,0
1+2,0834,2580,0,0,0,0,0
1+2,0834,2582,0,0,0,0,0
1+2,0834,2581,0,0,0,0,0
1+2,0834,2560,0,0,0,0,0
1+2,0834,2514,0,0,0,0,0
1+2,0840,2580,0,0,5,4,6
1+2,0840,2582,0,0,0,0,0
1+2,0840,2581,3,3,3,0,0
1+2,0840,2560,0,0,0,0,0
1+2,0840,2514,0,0,0,0,0
1+2,0860,2580,0,0,0,0,4
1+2,0860,2582,0,0,0,0,0
1+2,0860,2581,0,0,0,0,0
1+2,0860,2560,0,0,0,0,0
1+2,0860,2514,0,0,0,0,0
1+2,0861,2580,0,0,0,3,0
1+2,0861,2582,0,0,0,0,0
1+2,0861,2581,0,3,0,0,3
1+2,0861,2560,0,0,0,0,0
1+2,0861,2514,0,0,0,0,0
1+2,0862,2580,0,0,0,0,0
1+2,0862,2582,0,0,0,0,0
1+2,0862,2581,0,0,0,0,0
1+2,0862,2560,0,0,0,0,0
1+2,0862,2514,0,0,0,0,0
1+2,0880,2580,4,5,16,13,7
1+2,0880,2582,0,0,0,0,6
1+2,0880,2581,0,3,4,5,0
1+2,0880,2560,0,0,0,0,0
1+2,0880,2514,0,0,5,0,0
1+2,0881,2580,0,0,3,3,3
1+2,0881,2582,0,0,0,0,0
1+2,0881,2581,0,0,0,0,0
1+2,0881,2560,0,0,0,0,0
1+2,0881,2514,0,0,0,0,0
1+2,0882,2580,0,4,0,0,0
1+2,0882,2582,0,0,0,0,3
1+2,0882,2581,0,0,0,0,4
1+2,0882,2560,0,0,0,0,0
1+2,0882,2514,0,0,0,0,0
1+2,0883,2580,0,0,0,0,3
1+2,0883,2582,0,0,0,0,0
1+2,0883,2581,3,3,0,0,3
1+2,0883,2560,0,0,0,0,0
1+2,0883,2514,0,0,0,0,0
1+2,0884,2580,0,0,0,0,0
1+2,0884,2582,0,0,0,0,0
1+2,0884,2581,0,0,0,0,0
1+2,0884,2560,0,0,0,0,0
1+2,0884,2514,0,0,0,0,3
1+2,0885,2580,0,0,5,3,0
1+2,0885,2582,0,0,0,0,0
1+2,0885,2581,0,0,0,0,0
1+2,0885,2560,0,0,0,0,0
1+2,0885,2514,0,0,0,0,0
1+2,0980,2580,10,6,6,4,6
1+2,0980,2582,3,5,4,6,5
1+2,0980,2581,0,3,0,0,0
1+2,0980,2560,0,0,0,0,0
1+2,0980,2514,0,0,0,0,0
1+2,1060,2580,0,0,0,3,0
1+2,1060,2582,0,0,0,0,0
1+2,1060,2581,0,0,0,0,0
1+2,1060,2560,0,0,0,0,0
1+2,1060,2514,0,0,0,0,0
1+2,1080,2580,6,3,3,3,6
1+2,1080,2582,0,0,0,0,0
1+2,1080,2581,0,0,0,0,3
1+2,1080,2560,0,0,0,0,0
1+2,1080,2514,0,3,0,0,6
1+2,1081,2580,3,0,0,0,3
1+2,1081,2582,0,3,0,0,0
1+2,1081,2581,0,0,0,0,0
1+2,1081,2560,0,0,0,0,0
1+2,1081,2514,0,0,0,0,0
1+2,1082,2580,0,0,0,0,0
1+2,1082,2582,0,0,3,0,0
1+2,1082,2581,3,0,0,0,0
1+2,1082,2560,0,0,0,0,0
1+2,1082,2514,0,0,0,0,0
1+2,1083,2580,0,0,4,4,4
1+2,1083,2582,3,3,0,0,0
1+2,1083,2581,0,0,0,0,0
1+2,1083,2560,0,0,0,0,0
1+2,1083,2514,0,0,0,0,0
1+2,1214,2580,0,0,0,0,0
1+2,1214,2582,0,0,0,0,0
1+2,1214,2581,0,0,0,0,0
1+2,1214,2560,0,0,0,0,0
1+2,1214,2514,0,0,0,0,0
1+2,1230,2580,0,0,0,0,3
1+2,1230,2582,0,0,3,0,0
1+2,1230,2581,3,3,0,0,0
1+2,1230,2560,0,0,0,0,0
1+2,1230,2514,0,0,0,0,0
1+2,1231,2580,0,0,0,0,0
1+2,1231,2582,0,0,0,0,0
1+2,1231,2581,0,0,0,0,0
1+2,1231,2560,0,0,0,0,0
1+2,1231,2514,0,0,0,0,0
1+2,1233,2580,3,3,0,0,0
1+2,1233,2582,0,0,0,0,0
1+2,1233,2581,0,0,0,0,0
1+2,1233,2560,0,0,0,0,0
1+2,1233,2514,0,0,0,0,0
1+2,1256,2580,0,0,0,0,0
1+2,1256,2582,0,0,0,0,0
1+2,1256,2581,0,0,0,0,0
1+2,1256,2560,0,0,0,0,0
1+2,1256,2514,0,0,0,0,3
1+2,1257,2580,0,0,0,0,0
1+2,1257,2582,0,0,0,0,0
1+2,1257,2581,0,0,3,3,0
1+2,1257,2560,0,0,0,0,0
1+2,1257,2514,0,0,0,0,0
1+2,1260,2580,0,0,0,0,0
1+2,1260,2582,0,0,0,0,0
1+2,1260,2581,0,3,3,3,3
1+2,1260,2560,0,0,0,0,0
1+2,1260,2514,0,0,0,0,0
1+2,1261,2580,3,0,0,0,0
1+2,1261,2582,0,0,0,0,0
1+2,1261,2581,0,0,0,0,0
1+2,1261,2560,0,0,0,0,0
1+2,1261,2514,0,0,0,0,0
1+2,1262,2580,0,0,3,4,5
1+2,1262,2582,0,0,0,0,0
1+2,1262,2581,0,0,0,0,0
1+2,1262,2560,0,0,0,0,0
1+2,1262,2514,0,0,0,0,0
1+2,1263,2580,0,0,0,0,0
1+2,1263,2582,0,0,0,0,0
1+2,1263,2581,0,0,0,0,0
1+2,1263,2560,0,0,0,0,0
1+2,1263,2514,0,0,0,0,0
1+2,1264,2580,0,0,0,0,0
1+2,1264,2582,0,0,3,3,0
1+2,1264,2581,0,0,0,0,0
1+2,1264,2560,0,0,0,0,0
1+2,1264,2514,0,0,0,0,0
1+2,1265,2580,3,3,0,0,3
1+2,1265,2582,3,0,0,0,0
1+2,1265,2581,0,0,0,0,0
1+2,1265,2560,0,0,0,0,0
1+2,1265,2514,0,0,0,0,0
1+2,1266,2580,3,3,3,0,4
1+2,1266,2582,3,0,0,0,0
1+2,1266,2581,0,0,0,0,0
1+2,1266,2560,0,0,0,0,0
1+2,1266,2514,0,0,0,0,0
1+2,1267,2580,0,3,0,3,0
1+2,1267,2582,0,3,0,0,0
1+2,1267,2581,3,0,0,0,0
1+2,1267,2560,0,0,0,0,0
1+2,1267,2514,0,0,0,0,0
1+2,1270,2580,0,0,0,0,3
1+2,1270,2582,0,0,0,0,0
1+2,1270,2581,0,0,0,3,3
1+2,1270,2560,0,0,0,0,0
1+2,1270,2514,0,0,0,0,0
1+2,1272,2580,0,0,0,0,0
1+2,1272,2582,0,0,0,0,0
1+2,1272,2581,0,0,0,3,3
1+2,1272,2560,0,0,0,0,0
1+2,1272,2514,0,0,0,0,0
1+2,1273,2580,0,0,0,0,0
1+2,1273,2582,0,0,0,0,0
1+2,1273,2581,0,0,0,0,0
1+2,1273,2560,0,0,0,0,0
1+2,1273,2514,0,0,0,0,0
1+2,1275,2580,0,0,0,0,0
1+2,1275,2582,0,0,0,0,3
1+2,1275,2581,0,0,0,0,0
1+2,1275,2560,0,0,0,0,0
1+2,1275,2514,0,0,0,0,0
1+2,1276,2580,6,6,3,3,3
1+2,1276,2582,0,0,0,0,0
1+2,1276,2581,0,0,0,0,0
1+2,1276,2560,0,0,0,0,0
1+2,1276,2514,0,0,0,0,0
1+2,1277,2580,0,0,0,0,0
1+2,1277,2582,0,0,0,0,0
1+2,1277,2581,0,0,0,0,0
1+2,1277,2560,0,0,0,0,0
1+2,1277,2514,0,0,0,0,0
1+2,1278,2580,0,0,0,0,0
1+2,1278,2582,0,0,0,0,0
1+2,1278,2581,0,0,0,0,0
1+2,1278,2560,0,0,0,3,3
1+2,1278,2514,0,0,0,0,0
1+2,1280,2580,21,25,22,40,25
1+2,1280,2582,3,5,9,3,0
1+2,1280,2581,3,8,9,11,7
1+2,1280,2560,0,3,3,3,3
1+2,1280,2514,3,0,0,3,7
1+2,1281,2580,10,9,8,11,12
1+2,1281,2582,0,0,3,3,5
1+2,1281,2581,3,3,0,0,0
1+2,1281,2560,0,0,0,0,0
1+2,1281,2514,0,0,0,0,3
1+2,1282,2580,0,0,3,3,0
1+2,1282,2582,0,4,0,0,0
1+2,1282,2581,5,0,0,0,0
1+2,1282,2560,0,0,0,0,0
1+2,1282,2514,0,4,0,0,0
1+2,1283,2580,5,8,10,4,3
1+2,1283,2582,3,3,0,0,0
1+2,1283,2581,7,0,0,0,4
1+2,1283,2560,0,0,0,0,0
1+2,1283,2514,0,0,0,4,0
1+2,1284,2580,3,0,0,4,0
1+2,1284,2582,0,0,0,0,0
1+2,1284,2581,0,0,0,0,0
1+2,1284,2560,0,0,0,0,0
1+2,1284,2514,0,0,0,0,0
1+2,1285,2580,0,3,3,3,4
1+2,1285,2582,0,3,3,0,0
1+2,1285,2581,0,0,0,0,0
1+2,1285,2560,0,0,0,0,0
1+2,1285,2514,0,0,0,0,0
1+2,1286,2580,3,4,0,0,0
1+2,1286,2582,0,0,0,0,0
1+2,1286,2581,0,0,0,0,0
1+2,1286,2560,0,0,0,0,0
1+2,1286,2514,0,0,0,0,0
1+2,1287,2580,8,6,7,7,3
1+2,1287,2582,0,3,3,0,0
1+2,1287,2581,0,0,3,0,0
1+2,1287,2560,0,0,0,0,0
1+2,1287,2514,0,0,0,0,0
1+2,1290,2580,0,3,3,3,3
1+2,1290,2582,0,3,4,0,3
1+2,1290,2581,0,0,3,3,0
1+2,1290,2560,0,0,0,0,0
1+2,1290,2514,3,0,0,0,3
1+2,1291,2580,3,5,3,4,3
1+2,1291,2582,0,0,0,0,0
1+2,1291,2581,0,0,0,0,0
1+2,1291,2560,0,0,0,0,0
1+2,1291,2514,0,0,0,0,0
1+2,1292,2580,4,3,4,4,3
1+2,1292,2582,0,0,0,3,0
1+2,1292,2581,0,0,0,0,0
1+2,1292,2560,0,0,0,0,0
1+2,1292,2514,0,0,0,0,0
1+2,1293,2580,0,3,3,3,0
1+2,1293,2582,0,0,3,0,3
1+2,1293,2581,3,3,3,0,3
1+2,1293,2560,0,0,0,0,0
1+2,1293,2514,0,0,0,3,0
1+2,1315,2580,0,0,0,0,3
1+2,1315,2582,0,3,0,0,0
1+2,1315,2581,0,0,0,0,0
1+2,1315,2560,0,0,0,0,0
1+2,1315,2514,0,0,0,0,0
1+2,1380,2580,3,9,3,4,4
1+2,1380,2582,3,0,0,0,0
1+2,1380,2581,0,0,0,0,3
1+2,1380,2560,0,0,0,0,0
1+2,1380,2514,0,0,0,0,0
1+2,1381,2580,0,3,0,0,0
1+2,1381,2582,0,0,0,0,0
1+2,1381,2581,0,3,0,3,3
1+2,1381,2560,0,0,0,0,0
1+2,1381,2514,0,0,0,0,0
1+2,1382,2580,5,0,0,0,0
1+2,1382,2582,3,0,0,0,0
1+2,1382,2581,0,0,0,0,0
1+2,1382,2560,0,0,0,0,0
1+2,1382,2514,0,0,0,0,0
1+2,1383,2580,3,3,5,4,0
1+2,1383,2582,0,0,3,0,0
1+2,1383,2581,0,0,0,0,3
1+2,1383,2560,0,0,0,0,0
1+2,1383,2514,0,0,0,0,0
1+2,1384,2580,4,3,3,3,0
1+2,1384,2582,0,0,0,0,0
1+2,1384,2581,0,0,0,3,0
1+2,1384,2560,0,0,0,3,0
1+2,1384,2514,0,0,0,0,0
1+2,1401,2580,0,3,0,3,3
1+2,1401,2582,0,0,0,0,0
1+2,1401,2581,0,0,0,0,0
1+2,1401,2560,0,0,0,0,0
1+2,1401,2514,0,0,0,0,0
1+2,1402,2580,4,0,0,3,3
1+2,1402,2582,3,0,0,0,0
1+2,1402,2581,0,0,0,0,0
1+2,1402,2560,0,0,0,0,0
1+2,1402,2514,0,0,0,0,0
1+2,1407,2580,0,0,0,3,3
1+2,1407,2582,0,0,0,0,0
1+2,1407,2581,0,0,0,0,0
1+2,1407,2560,0,0,0,0,0
1+2,1407,2514,0,0,0,0,0
1+2,1415,2580,0,0,0,0,3
1+2,1415,2582,0,0,0,0,0
1+2,1415,2581,0,0,0,0,0
1+2,1415,2560,0,0,0,0,0
1+2,1415,2514,0,0,0,0,0
1+2,1419,2580,0,0,0,3,4
1+2,1419,2582,0,0,0,0,0
1+2,1419,2581,0,0,0,0,0
1+2,1419,2560,0,0,0,0,0
1+2,1419,2514,0,0,0,0,0
1+2,1421,2580,0,0,0,0,3
1+2,1421,2582,0,0,0,0,0
1+2,1421,2581,0,0,0,0,0
1+2,1421,2560,0,0,0,0,0
1+2,1421,2514,0,0,0,0,0
1+2,1427,2580,0,0,0,3,3
1+2,1427,2582,0,0,0,0,0
1+2,1427,2581,0,0,0,0,0
1+2,1427,2560,0,0,0,0,0
1+2,1427,2514,0,0,0,0,0
1+2,1430,2580,0,0,0,0,0
1+2,1430,2582,0,0,0,0,0
1+2,1430,2581,0,0,0,3,3
1+2,1430,2560,0,0,0,0,0
1+2,1430,2514,0,0,0,0,0
1+2,1435,2580,3,0,0,0,0
1+2,1435,2582,0,0,0,0,0
1+2,1435,2581,0,0,0,0,0
1+2,1435,2560,0,0,0,0,0
1+2,1435,2514,0,0,0,0,0
1+2,1438,2580,0,0,0,0,0
1+2,1438,2582,0,0,0,0,0
1+2,1438,2581,0,0,0,0,0
1+2,1438,2560,0,0,0,0,0
1+2,1438,2514,0,0,0,0,0
1+2,1439,2580,0,3,3,0,0
1+2,1439,2582,0,0,0,0,0
1+2,1439,2581,0,0,0,0,0
1+2,1439,2560,0,0,0,0,0
1+2,1439,2514,0,0,0,0,0
1+2,1440,2580,0,0,0,0,0
1+2,1440,2582,0,0,0,0,0
1+2,1440,2581,0,0,0,0,0
1+2,1440,2560,0,0,0,0,0
1+2,1440,2514,0,0,0,0,0
1+2,1441,2580,3,0,5,0,3
1+2,1441,2582,0,0,0,0,0
1+2,1441,2581,0,0,0,0,0
1+2,1441,2560,0,0,0,0,0
1+2,1441,2514,0,0,0,0,0
1+2,1442,2580,3,0,0,0,0
1+2,1442,2582,0,0,0,0,0
1+2,1442,2581,0,0,0,0,0
1+2,1442,2560,0,0,0,0,0
1+2,1442,2514,0,0,0,0,0
1+2,1443,2580,0,0,0,0,0
1+2,1443,2582,0,0,0,0,0
1+2,1443,2581,0,0,0,0,0
1+2,1443,2560,0,0,0,0,0
1+2,1443,2514,0,0,0,0,0
1+2,1444,2580,0,0,0,0,0
1+2,1444,2582,0,0,0,0,0
1+2,1444,2581,0,3,0,0,0
1+2,1444,2560,0,0,0,0,0
1+2,1444,2514,0,0,0,0,0
1+2,1445,2580,0,0,0,0,0
1+2,1445,2582,0,0,0,0,0
1+2,1445,2581,0,0,0,0,0
1+2,1445,2560,0,0,0,0,0
1+2,1445,2514,0,0,0,0,0
1+2,1446,2580,0,0,0,0,0
1+2,1446,2582,0,0,0,0,0
1+2,1446,2581,0,0,0,0,0
1+2,1446,2560,0,0,0,0,0
1+2,1446,2514,0,0,0,0,0
1+2,1447,2580,0,0,0,0,0
1+2,1447,2582,0,0,0,0,0
1+2,1447,2581,0,0,0,3,0
1+2,1447,2560,0,0,0,0,0
1+2,1447,2514,0,0,0,0,3
1+2,1452,2580,0,0,0,0,0
1+2,1452,2582,0,0,0,0,0
1+2,1452,2581,0,0,0,0,3
1+2,1452,2560,0,0,0,0,0
1+2,1452,2514,0,0,0,0,0
1+2,1460,2580,4,0,0,0,0
1+2,1460,2582,0,0,0,0,0
1+2,1460,2581,0,0,0,0,0
1+2,1460,2560,0,0,0,0,0
1+2,1460,2514,0,0,0,0,0
1+2,1461,2580,0,0,0,0,0
1+2,1461,2582,0,0,0,0,0
1+2,1461,2581,0,0,0,0,0
1+2,1461,2560,0,0,0,0,0
1+2,1461,2514,0,0,0,0,0
1+2,1462,2580,0,3,0,0,0
1+2,1462,2582,0,3,0,0,0
1+2,1462,2581,0,0,0,0,0
1+2,1462,2560,0,0,0,0,0
1+2,1462,2514,0,0,0,0,0
1+2,1463,2580,0,3,0,0,0
1+2,1463,2582,3,0,0,0,0
1+2,1463,2581,0,0,0,5,5
1+2,1463,2560,0,0,0,0,0
1+2,1463,2514,0,0,0,0,0
1+2,1465,2580,0,0,0,0,0
1+2,1465,2582,0,0,0,0,0
1+2,1465,2581,0,0,0,0,0
1+2,1465,2560,0,0,0,0,0
1+2,1465,2514,0,0,0,0,0
1+2,1466,2580,0,0,0,0,3
1+2,1466,2582,0,0,0,0,0
1+2,1466,2581,3,0,0,0,0
1+2,1466,2560,0,0,0,0,0
1+2,1466,2514,0,0,0,0,0
1+2,1470,2580,0,0,0,0,0
1+2,1470,2582,0,0,0,0,3
1+2,1470,2581,5,0,0,0,0
1+2,1470,2560,0,0,0,0,0
1+2,1470,2514,0,0,0,0,0
1+2,1471,2580,0,0,0,0,0
1+2,1471,2582,0,0,0,0,0
1+2,1471,2581,0,0,0,0,0
1+2,1471,2560,0,0,0,0,0
1+2,1471,2514,0,0,0,0,0
1+2,1472,2580,0,4,4,0,0
1+2,1472,2582,0,0,0,0,0
1+2,1472,2581,0,0,0,0,0
1+2,1472,2560,0,0,0,0,0
1+2,1472,2514,0,0,0,0,0
1+2,1473,2580,0,0,0,0,0
1+2,1473,2582,0,0,0,0,0
1+2,1473,2581,0,0,0,0,0
1+2,1473,2560,0,0,0,0,0
1+2,1473,2514,0,0,0,0,0
1+2,1480,2580,38,45,51,49,59
1+2,1480,2582,11,10,3,3,3
1+2,1480,2581,14,12,9,14,12
1+2,1480,2560,0,0,0,0,0
1+2,1480,2514,3,3,0,0,3
1+2,1481,2580,3,4,3,7,6
1+2,1481,2582,0,3,0,0,0
1+2,1481,2581,0,0,0,0,3
1+2,1481,2560,0,0,0,0,0
1+2,1481,2514,0,0,0,3,0
1+2,1482,2580,4,3,3,3,0
1+2,1482,2582,0,0,0,0,0
1+2,1482,2581,0,0,0,0,0
1+2,1482,2560,0,0,0,0,0
1+2,1482,2514,0,0,0,0,0
1+2,1484,2580,0,0,0,0,0
1+2,1484,2582,0,0,0,0,0
1+2,1484,2581,0,0,0,0,0
1+2,1484,2560,0,0,0,0,0
1+2,1484,2514,0,0,0,0,0
1+2,1485,2580,3,3,3,3,4
1+2,1485,2582,0,0,0,0,0
1+2,1485,2581,0,0,0,0,3
1+2,1485,2560,0,0,0,0,0
1+2,1485,2514,0,0,0,0,0
1+2,1486,2580,3,3,4,3,3
1+2,1486,2582,0,0,0,0,0
1+2,1486,2581,0,0,0,0,0
1+2,1486,2560,0,0,0,0,0
1+2,1486,2514,0,0,0,0,0
1+2,1487,2580,0,0,0,3,3
1+2,1487,2582,0,0,4,0,0
1+2,1487,2581,0,0,0,0,0
1+2,1487,2560,0,0,0,3,0
1+2,1487,2514,0,0,0,0,0
1+2,1488,2580,3,3,4,6,4
1+2,1488,2582,0,0,0,0,0
1+2,1488,2581,0,0,0,0,4
1+2,1488,2560,0,0,0,0,0
1+2,1488,2514,0,0,0,0,0
1+2,1489,2580,3,3,3,3,3
1+2,1489,2582,0,0,0,0,0
1+2,1489,2581,0,0,0,0,0
1+2,1489,2560,0,0,0,0,0
1+2,1489,2514,0,0,0,0,0
1+2,1490,2580,3,7,6,5,8
1+2,1490,2582,0,0,4,3,3
1+2,1490,2581,0,0,0,0,3
1+2,1490,2560,0,0,0,0,0
1+2,1490,2514,0,3,0,3,0
1+2,1491,2580,0,0,0,0,0
1+2,1491,2582,0,0,0,0,0
1+2,1491,2581,0,0,0,0,0
1+2,1491,2560,0,0,0,0,0
1+2,1491,2514,0,0,0,0,0
1+2,1492,2580,3,0,0,0,0
1+2,1492,2582,0,0,0,0,0
1+2,1492,2581,0,0,0,0,0
1+2,1492,2560,0,0,0,0,0
1+2,1492,2514,0,0,0,0,0
1+2,1493,2580,0,3,3,4,0
1+2,1493,2582,0,0,0,0,0
1+2,1493,2581,0,0,0,0,0
1+2,1493,2560,0,0,0,0,0
1+2,1493,2514,0,0,0,0,0
1+2,1494,2580,0,3,3,4,5
1+2,1494,2582,0,0,0,0,0
1+2,1494,2581,0,0,0,0,0
1+2,1494,2560,0,0,0,0,0
1+2,1494,2514,0,0,0,0,0
1+2,1495,2580,0,0,0,3,0
1+2,1495,2582,3,3,3,3,3
1+2,1495,2581,0,0,0,0,0
1+2,1495,2560,0,0,0,0,0
1+2,1495,2514,0,0,0,0,0
1+2,1496,2580,0,0,0,0,0
1+2,1496,2582,0,5,0,0,3
1+2,1496,2581,0,0,4,0,3
1+2,1496,2560,0,0,0,0,0
1+2,1496,2514,0,0,0,0,0
1+2,1497,2580,3,0,3,0,0
1+2,1497,2582,0,0,0,0,0
1+2,1497,2581,3,3,3,3,3
1+2,1497,2560,0,0,0,0,0
1+2,1497,2514,0,0,0,0,0
1+2,1498,2580,0,4,0,3,0
1+2,1498,2582,0,0,0,0,3
1+2,1498,2581,0,0,0,0,0
1+2,1498,2560,0,0,0,0,0
1+2,1498,2514,0,0,0,0,0
1+2,1499,2580,3,0,0,0,0
1+2,1499,2582,0,0,0,0,0
1+2,1499,2581,0,0,0,0,0
1+2,1499,2560,3,3,0,0,0
1+2,1499,2514,0,0,0,0,0
1+2,1715,2580,0,0,0,0,0
1+2,1715,2582,0,0,3,0,0
1+2,1715,2581,0,0,0,0,0
1+2,1715,2560,0,0,0,0,0
1+2,1715,2514,0,0,0,0,0
1+2,1730,2580,0,0,0,0,0
1+2,1730,2582,0,0,0,0,0
1+2,1730,2581,0,0,0,0,0
1+2,1730,2560,0,0,0,0,0
1+2,1730,2514,0,0,0,0,0
1+2,1737,2580,0,0,0,0,3
1+2,1737,2582,0,0,0,0,0
1+2,1737,2581,0,0,0,0,0
1+2,1737,2560,0,0,0,0,0
1+2,1737,2514,0,0,0,0,0
1+2,1760,2580,0,0,0,0,0
1+2,1760,2582,0,0,0,0,0
1+2,1760,2581,0,0,0,0,0
1+2,1760,2560,0,0,0,0,0
1+2,1760,2514,0,0,0,0,0
1+2,1761,2580,0,3,0,0,0
1+2,1761,2582,0,0,0,0,0
1+2,1761,2581,3,0,0,0,0
1+2,1761,2560,0,0,0,0,0
1+2,1761,2514,0,0,0,0,0
1+2,1762,2580,0,0,0,0,0
1+2,1762,2582,0,0,0,0,0
1+2,1762,2581,0,0,0,0,0
1+2,1762,2560,0,0,0,0,0
1+2,1762,2514,0,0,0,0,0
1+2,1763,2580,0,0,0,0,3
1+2,1763,2582,0,0,0,3,3
1+2,1763,2581,0,0,0,0,0
1+2,1763,2560,0,0,0,0,0
1+2,1763,2514,0,0,0,0,0
1+2,1764,2580,0,0,0,0,0
1+2,1764,2582,0,0,0,0,0
1+2,1764,2581,0,0,0,0,0
1+2,1764,2560,0,0,0,0,0
1+2,1764,2514,0,0,0,0,0
1+2,1765,2580,0,0,0,0,0
1+2,1765,2582,0,0,0,0,0
1+2,1765,2581,0,0,0,0,0
1+2,1765,2560,0,0,0,0,0
1+2,1765,2514,0,0,0,0,0
1+2,1766,2580,0,0,0,3,0
1+2,1766,2582,0,0,0,0,0
1+2,1766,2581,0,0,0,0,0
1+2,1766,2560,0,0,0,0,0
1+2,1766,2514,0,0,0,0,3
1+2,1780,2580,3,3,0,4,21
1+2,1780,2582,0,3,4,6,6
1+2,1780,2581,0,0,0,0,0
1+2,1780,2560,3,0,0,0,0
1+2,1780,2514,0,0,0,4,3
1+2,1781,2580,3,0,0,0,3
1+2,1781,2582,0,0,4,0,0
1+2,1781,2581,0,0,0,3,0
1+2,1781,2560,0,0,0,0,0
1+2,1781,2514,0,0,0,0,0
1+2,1782,2580,0,8,4,4,0
1+2,1782,2582,0,0,0,0,0
1+2,1782,2581,0,0,0,0,0
1+2,1782,2560,0,0,0,0,0
1+2,1782,2514,0,0,0,0,0
1+2,1783,2580,0,0,0,0,0
1+2,1783,2582,0,0,0,0,0
1+2,1783,2581,0,0,0,0,0
1+2,1783,2560,0,0,0,0,0
1+2,1783,2514,0,0,0,0,0
1+2,1784,2580,0,0,0,0,3
1+2,1784,2582,0,0,0,0,0
1+2,1784,2581,0,0,0,0,0
1+2,1784,2560,0,0,0,0,0
1+2,1784,2514,0,0,0,0,0
1+2,1785,2580,0,0,0,0,0
1+2,1785,2582,0,0,0,0,0
1+2,1785,2581,0,0,3,3,3
1+2,1785,2560,0,0,0,0,0
1+2,1785,2514,3,3,0,0,0
1+2,1814,2580,4,0,3,3,3
1+2,1814,2582,0,0,0,0,0
1+2,1814,2581,0,0,0,0,0
1+2,1814,2560,0,0,0,0,0
1+2,1814,2514,0,0,0,0,0
1+2,1860,2580,0,0,0,0,0
1+2,1860,2582,0,0,3,0,0
1+2,1860,2581,0,0,0,0,0
1+2,1860,2560,0,0,0,0,0
1+2,1860,2514,0,0,0,0,0
1+2,1861,2580,3,0,3,3,0
1+2,1861,2582,0,0,0,0,0
1+2,1861,2581,0,0,0,0,0
1+2,1861,2560,0,0,0,0,0
1+2,1861,2514,0,0,0,0,0
1+2,1862,2580,0,0,0,0,0
1+2,1862,2582,0,0,0,0,0
1+2,1862,2581,0,0,0,0,0
1+2,1862,2560,0,0,0,0,0
1+2,1862,2514,0,0,0,3,0
1+2,1863,2580,0,3,0,0,3
1+2,1863,2582,0,0,3,0,0
1+2,1863,2581,0,0,0,0,0
1+2,1863,2560,0,0,0,0,0
1+2,1863,2514,0,0,0,0,0
1+2,1864,2580,0,3,3,3,3
1+2,1864,2582,0,0,0,0,0
1+2,1864,2581,0,0,0,0,0
1+2,1864,2560,0,0,0,0,0
1+2,1864,2514,0,0,0,0,0
1+2,1880,2580,9,6,19,18,26
1+2,1880,2582,0,3,3,0,3
1+2,1880,2581,3,3,6,0,3
1+2,1880,2560,0,0,0,0,0
1+2,1880,2514,4,0,0,0,0
1+2,1881,2580,0,3,0,0,3
1+2,1881,2582,0,0,0,0,0
1+2,1881,2581,0,0,0,0,0
1+2,1881,2560,0,0,0,0,0
1+2,1881,2514,0,0,0,0,0
1+2,1882,2580,0,0,0,0,0
1+2,1882,2582,0,0,0,0,0
1+2,1882,2581,0,0,0,0,0
1+2,1882,2560,0,0,0,0,0
1+2,1882,2514,0,0,0,3,0
1+2,1883,2580,0,0,0,0,3
1+2,1883,2582,0,0,0,0,0
1+2,1883,2581,0,0,0,0,0
1+2,1883,2560,0,0,0,0,0
1+2,1883,2514,0,0,0,0,0
1+2,1884,2580,0,0,0,0,0
1+2,1884,2582,0,3,4,0,0
1+2,1884,2581,0,0,0,0,0
1+2,1884,2560,0,0,0,0,0
1+2,1884,2514,0,0,0,0,0
1+2,1885,2580,0,0,0,3,3
1+2,1885,2582,0,0,0,0,3
1+2,1885,2581,0,0,0,0,0
1+2,1885,2560,0,0,0,0,0
1+2,1885,2514,0,0,0,0,0
1+2,1904,2580,3,0,0,0,0
1+2,1904,2582,3,0,0,0,0
1+2,1904,2581,0,0,0,0,0
1+2,1904,2560,0,0,0,0,0
1+2,1904,2514,0,3,3,3,0
1+2,1907,2580,0,0,3,0,0
1+2,1907,2582,0,0,0,0,0
1+2,1907,2581,0,0,0,0,0
1+2,1907,2560,0,0,0,0,0
1+2,1907,2514,0,0,0,0,0
1+2,1960,2580,3,0,3,3,0
1+2,1960,2582,0,0,0,0,0
1+2,1960,2581,0,0,0,0,0
1+2,1960,2560,0,0,0,0,0
1+2,1960,2514,0,0,0,0,0
1+2,1961,2580,3,0,0,3,3
1+2,1961,2582,5,5,15,8,9
1+2,1961,2581,0,0,0,0,0
1+2,1961,2560,0,0,0,0,0
1+2,1961,2514,0,0,0,0,0
1+2,1962,2580,0,0,0,0,0
1+2,1962,2582,0,0,0,0,0
1+2,1962,2581,0,0,0,0,0
1+2,1962,2560,0,0,0,0,0
1+2,1962,2514,0,0,0,0,0
1+2,1980,2580,16,18,18,17,17
1+2,1980,2582,10,5,4,9,8
1+2,1980,2581,4,3,6,3,5
1+2,1980,2560,0,0,0,0,0
1+2,1980,2514,3,3,3,0,3
1+2,1981,2580,0,0,0,0,4
1+2,1981,2582,0,0,0,0,0
1+2,1981,2581,0,0,0,0,0
1+2,1981,2560,0,0,0,0,0
1+2,1981,2514,0,0,0,0,0
1+2,1982,2580,0,0,0,0,0
1+2,1982,2582,0,0,0,0,0
1+2,1982,2581,0,0,0,0,0
1+2,1982,2560,0,0,0,0,0
1+2,1982,2514,0,0,0,0,0
1+2,1983,2580,0,3,3,0,0
1+2,1983,2582,0,0,3,0,3
1+2,1983,2581,0,0,0,0,0
1+2,1983,2560,0,0,0,0,0
1+2,1983,2514,0,0,0,0,0
1+2,1984,2580,3,3,0,3,3
1+2,1984,2582,0,0,0,0,0
1+2,1984,2581,0,0,0,0,0
1+2,1984,2560,0,0,0,0,0
1+2,1984,2514,0,0,0,0,0
1+2,2021,2580,0,0,0,0,0
1+2,2021,2582,0,0,0,0,0
1+2,2021,2581,0,0,0,0,0
1+2,2021,2560,0,0,0,0,0
1+2,2021,2514,0,0,0,0,0
1+2,2023,2580,0,0,0,3,3
1+2,2023,2582,0,0,0,0,0
1+2,2023,2581,0,0,0,0,0
1+2,2023,2560,0,0,0,0,0
1+2,2023,2514,0,0,0,0,0
1+2,2026,2580,0,3,6,0,3
1+2,2026,2582,0,0,0,0,0
1+2,2026,2581,0,0,0,0,0
1+2,2026,2560,0,0,0,0,0
1+2,2026,2514,0,0,0,0,0
1+2,2029,2580,4,5,7,0,3
1+2,2029,2582,0,0,0,0,0
1+2,2029,2581,0,0,0,0,0
1+2,2029,2560,0,0,0,0,0
1+2,2029,2514,0,0,0,0,0
1+2,2031,2580,0,0,4,0,0
1+2,2031,2582,0,0,0,0,0
1+2,2031,2581,3,3,0,0,0
1+2,2031,2560,0,0,0,0,0
1+2,2031,2514,0,0,0,0,0
1+2,2034,2580,0,4,0,0,0
1+2,2034,2582,0,0,0,0,0
1+2,2034,2581,0,0,0,5,0
1+2,2034,2560,0,0,0,0,0
1+2,2034,2514,0,0,0,0,0
1+2,2039,2580,0,0,4,4,0
1+2,2039,2582,0,0,0,0,0
1+2,2039,2581,0,0,0,0,0
1+2,2039,2560,0,0,0,0,0
1+2,2039,2514,3,0,0,3,3
1+2,2061,2580,0,0,0,3,3
1+2,2061,2582,0,0,0,0,0
1+2,2061,2581,0,0,0,0,0
1+2,2061,2560,0,0,0,0,0
1+2,2061,2514,0,0,0,0,0
1+2,2062,2580,3,12,0,0,0
1+2,2062,2582,0,3,0,0,0
1+2,2062,2581,0,0,0,0,0
1+2,2062,2560,0,0,0,0,0
1+2,2062,2514,0,0,0,0,7
1+2,2080,2580,3,3,10,3,15
1+2,2080,2582,0,4,3,3,0
1+2,2080,2581,3,3,3,0,0
1+2,2080,2560,0,0,0,0,0
1+2,2080,2514,0,3,0,0,0
1+2,2081,2580,6,8,9,3,16
1+2,2081,2582,3,0,0,3,0
1+2,2081,2581,3,3,3,0,3
1+2,2081,2560,0,0,0,0,0
1+2,2081,2514,0,0,0,0,0
1+2,2082,2580,0,0,0,0,0
1+2,2082,2582,0,0,0,0,0
1+2,2082,2581,0,0,0,0,0
1+2,2082,2560,0,0,0,0,0
1+2,2082,2514,0,0,0,0,0
1+2,2083,2580,0,0,0,0,0
1+2,2083,2582,0,3,0,0,0
1+2,2083,2581,0,0,0,0,0
1+2,2083,2560,0,0,0,0,3
1+2,2083,2514,0,0,0,0,0
1+2,2084,2580,4,3,4,3,0
1+2,2084,2582,0,0,3,0,0
1+2,2084,2581,0,0,0,0,0
1+2,2084,2560,0,0,0,0,0
1+2,2084,2514,0,0,0,0,0
1+2,2085,2580,0,3,3,3,5
1+2,2085,2582,3,0,0,0,0
1+2,2085,2581,0,0,4,0,0
1+2,2085,2560,0,0,0,0,0
1+2,2085,2514,0,0,0,0,0
1+2,2101,2580,0,3,0,0,3
1+2,2101,2582,0,0,0,0,0
1+2,2101,2581,0,0,0,0,0
1+2,2101,2560,0,0,0,0,0
1+2,2101,2514,0,0,0,0,0
1+2,2104,2580,0,0,0,7,7
1+2,2104,2582,0,0,3,0,0
1+2,2104,2581,0,0,0,0,0
1+2,2104,2560,0,0,0,0,0
1+2,2104,2514,0,0,0,0,0
1+2,2121,2580,0,0,0,0,0
1+2,2121,2582,0,3,3,0,0
1+2,2121,2581,0,0,0,0,0
1+2,2121,2560,0,0,0,0,0
1+2,2121,2514,0,3,0,0,0
1+2,2132,2580,0,0,0,0,0
1+2,2132,2582,0,0,0,3,0
1+2,2132,2581,0,0,0,0,0
1+2,2132,2560,3,0,0,0,0
1+2,2132,2514,0,0,0,3,0
1+2,2161,2580,5,4,0,3,0
1+2,2161,2582,0,3,3,0,3
1+2,2161,2581,3,0,3,3,3
1+2,2161,2560,0,4,4,0,0
1+2,2161,2514,0,4,0,0,0
1+2,2180,2580,7,8,12,27,18
1+2,2180,2582,4,4,3,4,5
1+2,2180,2581,8,9,9,13,17
1+2,2180,2560,0,0,3,0,0
1+2,2180,2514,0,0,0,0,4
1+2,2181,2580,3,0,15,18,24
1+2,2181,2582,0,3,6,0,3
1+2,2181,2581,3,3,0,0,0
1+2,2181,2560,0,0,0,0,0
1+2,2181,2514,0,0,0,0,0
1+2,2182,2580,4,0,3,4,5
1+2,2182,2582,0,0,0,3,0
1+2,2182,2581,0,0,0,0,0
1+2,2182,2560,0,0,0,0,0
1+2,2182,2514,0,0,0,0,0
1+2,2183,2580,6,6,3,3,4
1+2,2183,2582,0,0,0,0,0
1+2,2183,2581,0,0,0,0,0
1+2,2183,2560,0,0,0,0,0
1+2,2183,2514,0,0,0,0,0
1+2,2184,2580,6,10,12,16,11
1+2,2184,2582,3,5,5,3,6
1+2,2184,2581,0,0,3,0,4
1+2,2184,2560,0,3,5,0,0
1+2,2184,2514,3,0,0,4,0
1+2,2260,2580,0,0,0,0,3
1+2,2260,2582,0,0,4,0,0
1+2,2260,2581,0,0,0,3,0
1+2,2260,2560,0,0,0,0,0
1+2,2260,2514,0,0,0,0,0
1+2,2262,2580,5,0,7,3,4
1+2,2262,2582,4,8,6,7,7
1+2,2262,2581,3,0,0,0,0
1+2,2262,2560,3,0,0,0,0
1+2,2262,2514,0,0,0,0,0
1+2,2280,2580,3,4,10,9,6
1+2,2280,2582,22,27,30,25,28
1+2,2280,2581,6,3,5,0,0
1+2,2280,2560,3,0,0,0,0
1+2,2280,2514,0,0,0,0,0
1+2,2281,2580,26,21,35,31,36
1+2,2281,2582,10,18,13,19,17
1+2,2281,2581,14,9,7,14,9
1+2,2281,2560,0,0,0,0,0
1+2,2281,2514,0,5,3,3,5
1+2,2282,2580,5,3,5,7,8
1+2,2282,2582,8,4,7,9,6
1+2,2282,2581,7,0,3,4,0
1+2,2282,2560,0,0,3,0,0
1+2,2282,2514,0,0,0,0,0
1+2,2283,2580,3,3,0,7,3
1+2,2283,2582,6,11,18,25,28
1+2,2283,2581,17,0,0,3,0
1+2,2283,2560,0,3,0,0,0
1+2,2283,2514,0,0,0,0,0
1+2,2284,2580,19,24,21,32,27
1+2,2284,2582,9,12,11,15,11
1+2,2284,2581,8,5,3,3,5
1+2,2284,2560,3,6,3,0,0
1+2,2284,2514,3,3,3,3,5
1+2,2303,2580,3,3,0,0,0
1+2,2303,2582,5,3,5,4,4
1+2,2303,2581,0,0,0,0,0
1+2,2303,2560,0,0,0,3,3
1+2,2303,2514,0,0,0,0,0
1+2,2305,2580,0,3,0,0,0
1+2,2305,2582,0,0,3,0,0
1+2,2305,2581,0,0,0,0,0
1+2,2305,2560,0,0,0,0,0
1+2,2305,2514,0,0,0,0,0
1+2,2309,2580,3,3,0,3,4
1+2,2309,2582,9,10,7,8,8
1+2,2309,2581,3,5,4,4,3
1+2,2309,2560,3,3,3,3,0
1+2,2309,2514,3,0,0,0,0
1+2,2313,2580,0,4,0,0,0
1+2,2313,2582,3,6,4,0,0
1+2,2313,2581,0,0,4,4,0
1+2,2313,2560,4,3,3,3,3
1+2,2313,2514,0,0,0,0,3
1+2,2321,2580,4,5,8,3,3
1+2,2321,2582,7,11,4,4,0
1+2,2321,2581,0,0,0,3,3
1+2,2321,2560,3,0,3,3,3
1+2,2321,2514,0,0,0,0,0
1+2,2326,2580,3,0,0,0,0
1+2,2326,2582,3,3,0,0,3
1+2,2326,2581,0,0,0,0,0
1+2,2326,2560,0,0,0,0,0
1+2,2326,2514,0,0,0,0,0
1+2,2361,2580,4,0,4,6,3
1+2,2361,2582,3,3,0,3,0
1+2,2361,2581,0,0,0,0,0
1+2,2361,2560,0,0,0,0,0
1+2,2361,2514,0,0,0,0,3
1+2,2380,2580,12,11,7,8,15
1+2,2380,2582,30,42,42,57,40
1+2,2380,2581,3,3,3,5,12
1+2,2380,2560,0,0,0,3,0
1+2,2380,2514,3,0,3,0,0
1+2,2401,2580,7,3,3,4,4
1+2,2401,2582,3,0,3,0,0
1+2,2401,2581,0,4,3,6,3
1+2,2401,2560,0,0,0,0,0
1+2,2401,2514,4,3,4,0,0
1+2,2403,2580,3,3,3,3,3
1+2,2403,2582,0,0,0,0,0
1+2,2403,2581,0,0,0,0,3
1+2,2403,2560,0,0,0,0,0
1+2,2403,2514,0,0,0,0,0
1+2,2404,2580,3,3,0,0,0
1+2,2404,2582,0,0,0,0,0
1+2,2404,2581,0,0,3,3,0
1+2,2404,2560,0,0,0,0,0
1+2,2404,2514,0,0,0,0,0
1+2,2409,2580,0,7,4,3,4
1+2,2409,2582,0,0,0,0,0
1+2,2409,2581,3,3,4,5,5
1+2,2409,2560,3,3,0,0,0
1+2,2409,2514,0,0,0,0,0
1+2,2417,2580,4,5,5,6,8
1+2,2417,2582,0,10,7,4,11
1+2,2417,2581,9,10,10,11,12
1+2,2417,2560,0,0,0,0,3
1+2,2417,2514,0,0,0,0,3
1+2,2418,2580,5,7,4,6,3
1+2,2418,2582,0,0,0,0,0
1+2,2418,2581,7,8,5,6,10
1+2,2418,2560,0,0,3,3,3
1+2,2418,2514,4,0,3,3,3
1+2,2421,2580,8,4,4,3,4
1+2,2421,2582,3,0,4,3,4
1+2,2421,2581,0,3,0,0,0
1+2,2421,2560,0,0,3,0,0
1+2,2421,2514,0,0,0,0,0
1+2,2422,2580,4,7,10,7,7
1+2,2422,2582,0,0,0,0,0
1+2,2422,2581,0,4,0,4,0
1+2,2422,2560,3,3,0,0,0
1+2,2422,2514,0,0,3,0,0
1+2,2425,2580,0,3,0,0,0
1+2,2425,2582,0,0,0,0,0
1+2,2425,2581,0,3,3,0,0
1+2,2425,2560,0,4,0,0,0
1+2,2425,2514,0,0,0,0,0
1+2,2460,2580,4,10,9,3,11
1+2,2460,2582,0,4,0,0,3
1+2,2460,2581,3,3,3,0,0
1+2,2460,2560,0,5,0,0,5
1+2,2460,2514,0,0,3,0,0
1+2,2462,2580,6,3,5,6,6
1+2,2462,2582,3,4,4,0,3
1+2,2462,2581,4,9,6,6,4
1+2,2462,2560,6,7,0,0,3
1+2,2462,2514,0,0,0,4,4
1+2,2463,2580,8,6,7,9,9
1+2,2463,2582,0,0,0,0,0
1+2,2463,2581,0,3,3,3,3
1+2,2463,2560,0,3,0,0,0
1+2,2463,2514,0,0,0,0,0
1+2,2480,2580,185,148,218,205,250
1+2,2480,2582,44,51,50,62,74
1+2,2480,2581,59,69,82,71,68
1+2,2480,2560,4,5,0,7,14
1+2,2480,2514,8,10,13,11,18
1+2,2481,2580,5,10,8,8,9
1+2,2481,2582,3,4,0,6,4
1+2,2481,2581,3,0,5,3,6
1+2,2481,2560,0,0,4,3,0
1+2,2481,2514,0,0,7,0,0
1+2,2482,2580,184,185,184,204,210
1+2,2482,2582,29,25,19,18,20
1+2,2482,2581,234,307,247,226,258
1+2,2482,2560,7,6,10,8,7
1+2,2482,2514,21,19,13,11,11
1+2,2505,2580,28,26,45,40,37
1+2,2505,2582,147,171,47,37,40
1+2,2505,2581,50,63,45,43,53
1+2,2505,2560,23,31,32,46,45
1+2,2505,2514,3,9,7,12,10
1+2,2506,2580,18,25,17,13,17
1+2,2506,2582,3,3,0,0,0
1+2,2506,2581,11,7,7,15,11
1+2,2506,2560,0,0,5,5,6
1+2,2506,2514,0,0,0,0,0
1+2,2510,2580,64,62,57,63,61
1+2,2510,2582,45,42,36,38,31
1+2,2510,2581,19,15,15,19,16
1+2,2510,2560,10,5,10,5,3
1+2,2510,2514,0,0,4,0,3
1+2,2513,2580,66,77,69,62,69
1+2,2513,2582,5,7,13,14,11
1+2,2513,2581,13,15,12,12,13
1+2,2513,2560,6,7,9,9,13
1+2,2513,2514,28,25,20,60,44
1+2,2514,2580,661,699,653,651,691
1+2,2514,2582,79,86,90,86,105
1+2,2514,2581,25,26,35,48,44
1+2,2514,2560,20,16,16,24,44
1+2,2514,2514,6078,6127,6263,6183,6042
1+2,2518,2580,63,62,64,55,58
1+2,2518,2582,0,5,8,9,13
1+2,2518,2581,6,3,6,3,4
1+2,2518,2560,3,3,3,5,0
1+2,2518,2514,34,32,35,20,17
1+2,2521,2580,50,46,42,41,37
1+2,2521,2582,7,17,17,22,18
1+2,2521,2581,7,3,4,4,4
1+2,2521,2560,0,3,3,0,4
1+2,2521,2514,3,3,3,6,6
1+2,2523,2580,166,163,173,161,133
1+2,2523,2582,25,27,35,40,37
1+2,2523,2581,13,28,21,18,13
1+2,2523,2560,0,0,0,3,3
1+2,2523,2514,15,21,13,11,16
1+2,2560,2580,358,394,398,403,396
1+2,2560,2582,104,124,132,125,135
1+2,2560,2581,340,376,366,297,330
1+2,2560,2560,2677,2622,2711,2738,2659
1+2,2560,2514,10,12,10,4,7
1+2,2580,2580,35025,35467,36382,37088,37443
1+2,2580,2582,1114,1103,1151,1173,1286
1+2,2580,2581,557,574,547,510,492
1+2,2580,2560,103,107,112,138,153
1+2,2580,2514,233,234,232,210,200
1+2,2581,2580,2324,2395,2395,2488,2586
1+2,2581,2582,140,142,155,173,188
1+2,2581,2581,16985,17151,17403,17403,17471
1+2,2581,2560,207,191,192,196,211
1+2,2581,2514,36,36,47,25,29
1+2,2582,2580,3409,3462,3544,3458,3456
1+2,2582,2582,9257,9375,9432,9559,9533
1+2,2582,2581,84,84,116,103,105
1+2,2582,2560,66,72,72,71,61
1+2,2582,2514,59,59,50,33,40
1+2,2583,2580,105,106,102,142,137
1+2,2583,2582,13,14,21,13,20
1+2,2583,2581,9,10,3,8,6
1+2,2583,2560,4,5,3,6,16
1+2,2583,2514,207,219,210,182,179
1+2,2584,2580,139,139,125,137,122
1+2,2584,2582,31,29,41,35,40
1+2,2584,2581,18,22,17,8,11
1+2,2584,2560,0,0,0,0,0
1+2,2584,2514,9,3,5,4,6
