Region,Alder,Kon,000008FN 2025
2580,0,1,0
2580,0,2,0
2580,1,1,0
2580,1,2,0
2580,2,1,0
2580,2,2,0
2580,3,1,0
2580,3,2,0
2580,4,1,0
2580,4,2,0
2580,5,1,0
2580,5,2,0
2580,6,1,0
2580,6,2,0
2580,7,1,0
2580,7,2,0
2580,8,1,0
2580,8,2,0
2580,9,1,0
2580,9,2,0
2580,10,1,0
2580,10,2,0
2580,11,1,0
2580,11,2,0
2580,12,1,0
2580,12,2,0
2580,13,1,0
2580,13,2,3
2580,14,1,0
2580,14,2,0
2580,15,1,0
2580,15,2,0
2580,16,1,0
2580,16,2,0
2580,17,1,0
2580,17,2,0
2580,18,1,0
2580,18,2,0
2580,19,1,0
2580,19,2,0
2580,20,1,0
2580,20,2,0
2580,21,1,0
2580,21,2,0
2580,22,1,3
2580,22,2,0
2580,23,1,0
2580,23,2,0
2580,24,1,0
2580,24,2,0
2580,25,1,0
2580,25,2,0
2580,26,1,4
2580,26,2,0
2580,27,1,0
2580,27,2,0
2580,28,1,0
2580,28,2,0
2580,29,1,0
2580,29,2,0
2580,30,1,0
2580,30,2,0
2580,31,1,0
2580,31,2,0
2580,32,1,0
2580,32,2,0
2580,33,1,0
2580,33,2,0
2580,34,1,0
2580,34,2,0
2580,35,1,0
2580,35,2,0
2580,36,1,0
2580,36,2,0
2580,37,1,0
2580,37,2,0
2580,38,1,0
2580,38,2,0
2580,39,1,3
2580,39,2,0
2580,40,1,0
2580,40,2,0
2580,41,1,0
2580,41,2,0
2580,42,1,0
2580,42,2,3
2580,43,1,0
2580,43,2,3
2580,44,1,3
2580,44,2,0
2580,45,1,0
2580,45,2,0
2580,46,1,0
2580,46,2,3
2580,47,1,0
2580,47,2,0
2580,48,1,3
2580,48,2,0
2580,49,1,0
2580,49,2,0
2580,50,1,3
2580,50,2,3
2580,51,1,0
2580,51,2,0
2580,52,1,0
2580,52,2,0
2580,53,1,0
2580,53,2,3
2580,54,1,0
2580,54,2,0
2580,55,1,3
2580,55,2,0
2580,56,1,3
2580,56,2,0
2580,57,1,0
2580,57,2,0
2580,58,1,5
2580,58,2,0
2580,59,1,3
2580,59,2,0
2580,60,1,4
2580,60,2,3
2580,61,1,3
2580,61,2,3
2580,62,1,4
2580,62,2,0
2580,63,1,3
2580,63,2,0
2580,64,1,7
2580,64,2,3
2580,65,1,7
2580,65,2,4
2580,66,1,5
2580,66,2,3
2580,67,1,0
2580,67,2,3
2580,68,1,9
2580,68,2,4
2580,69,1,4
2580,69,2,0
2580,70,1,4
2580,70,2,5
2580,71,1,4
2580,71,2,5
2580,72,1,7
2580,72,2,5
2580,73,1,12
2580,73,2,8
2580,74,1,16
2580,74,2,8
2580,75,1,7
2580,75,2,4
2580,76,1,16
2580,76,2,6
2580,77,1,5
2580,77,2,10
2580,78,1,12
2580,78,2,9
2580,79,1,14
2580,79,2,10
2582,0,1,0
2582,0,2,0
2582,1,1,0
2582,1,2,0
2582,2,1,0
2582,2,2,0
2582,3,1,0
2582,3,2,0
2582,4,1,0
2582,4,2,0
2582,5,1,0
2582,5,2,0
2582,6,1,0
2582,6,2,0
2582,7,1,0
2582,7,2,0
2582,8,1,0
2582,8,2,0
2582,9,1,0
2582,9,2,0
2582,10,1,0
2582,10,2,0
2582,11,1,0
2582,11,2,0
2582,12,1,0
2582,12,2,0
2582,13,1,0
2582,13,2,0
2582,14,1,0
2582,14,2,0
2582,15,1,0
2582,15,2,0
2582,16,1,0
2582,16,2,0
2582,17,1,0
2582,17,2,0
2582,18,1,0
2582,18,2,0
2582,19,1,0
2582,19,2,0
2582,20,1,0
2582,20,2,0
2582,21,1,0
2582,21,2,0
2582,22,1,0
2582,22,2,0
2582,23,1,0
2582,23,2,0
2582,24,1,0
2582,24,2,0
2582,25,1,0
2582,25,2,0
2582,26,1,4
2582,26,2,0
2582,27,1,0
2582,27,2,0
2582,28,1,0
2582,28,2,0
2582,29,1,0
2582,29,2,0
2582,30,1,0
2582,30,2,0
2582,31,1,0
2582,31,2,0
2582,32,1,0
2582,32,2,0
2582,33,1,0
2582,33,2,0
2582,34,1,0
2582,34,2,0
2582,35,1,3
2582,35,2,0
2582,36,1,0
2582,36,2,0
2582,37,1,0
2582,37,2,0
2582,38,1,0
2582,38,2,0
2582,39,1,0
2582,39,2,0
2582,40,1,0
2582,40,2,0
2582,41,1,0
2582,41,2,0
2582,42,1,3
2582,42,2,3
2582,43,1,0
2582,43,2,0
2582,44,1,3
2582,44,2,0
2582,45,1,0
2582,45,2,0
2582,46,1,0
2582,46,2,3
2582,47,1,0
2582,47,2,0
2582,48,1,0
2582,48,2,0
2582,49,1,0
2582,49,2,0
2582,50,1,0
2582,50,2,0
2582,51,1,0
2582,51,2,0
2582,52,1,0
2582,52,2,0
2582,53,1,0
2582,53,2,0
2582,54,1,0
2582,54,2,0
2582,55,1,0
2582,55,2,0
2582,56,1,0
2582,56,2,0
2582,57,1,0
2582,57,2,0
2582,58,1,4
2582,58,2,0
2582,59,1,3
2582,59,2,0
2582,60,1,0
2582,60,2,0
2582,61,1,0
2582,61,2,3
2582,62,1,0
2582,62,2,3
2582,63,1,3
2582,63,2,4
2582,64,1,0
2582,64,2,0
2582,65,1,3
2582,65,2,0
2582,66,1,0
2582,66,2,0
2582,67,1,0
2582,67,2,3
2582,68,1,3
2582,68,2,3
2582,69,1,9
2582,69,2,0
2582,70,1,3
2582,70,2,3
2582,71,1,8
2582,71,2,3
2582,72,1,4
2582,72,2,3
2582,73,1,3
2582,73,2,3
2582,74,1,9
2582,74,2,6
2582,75,1,7
2582,75,2,0
2582,76,1,4
2582,76,2,7
2582,77,1,3
2582,77,2,5
2582,78,1,6
2582,78,2,3
2582,79,1,4
2582,79,2,3
2581,0,1,4
2581,0,2,3
2581,1,1,0
2581,1,2,0
2581,2,1,0
2581,2,2,0
2581,3,1,0
2581,3,2,0
2581,4,1,0
2581,4,2,0
2581,5,1,0
2581,5,2,0
2581,6,1,0
2581,6,2,0
2581,7,1,0
2581,7,2,0
2581,8,1,0
2581,8,2,0
2581,9,1,0
2581,9,2,0
2581,10,1,0
2581,10,2,0
2581,11,1,0
2581,11,2,0
2581,12,1,0
2581,12,2,0
2581,13,1,0
2581,13,2,0
2581,14,1,0
2581,14,2,0
2581,15,1,0
2581,15,2,0
2581,16,1,0
2581,16,2,0
2581,17,1,0
2581,17,2,0
2581,18,1,0
2581,18,2,0
2581,19,1,0
2581,19,2,0
2581,20,1,0
2581,20,2,0
2581,21,1,0
2581,21,2,0
2581,22,1,0
2581,22,2,0
2581,23,1,0
2581,23,2,0
2581,24,1,0
2581,24,2,0
2581,25,1,0
2581,25,2,0
2581,26,1,0
2581,26,2,0
2581,27,1,3
2581,27,2,0
2581,28,1,0
2581,28,2,0
2581,29,1,0
2581,29,2,0
2581,30,1,0
2581,30,2,0
2581,31,1,0
2581,31,2,0
2581,32,1,0
2581,32,2,0
2581,33,1,0
2581,33,2,3
2581,34,1,0
2581,34,2,3
2581,35,1,0
2581,35,2,0
2581,36,1,0
2581,36,2,0
2581,37,1,0
2581,37,2,0
2581,38,1,0
2581,38,2,0
2581,39,1,0
2581,39,2,0
2581,40,1,0
2581,40,2,0
2581,41,1,0
2581,41,2,0
2581,42,1,0
2581,42,2,0
2581,43,1,0
2581,43,2,3
2581,44,1,0
2581,44,2,0
2581,45,1,0
2581,45,2,3
2581,46,1,0
2581,46,2,0
2581,47,1,0
2581,47,2,0
2581,48,1,0
2581,48,2,3
2581,49,1,0
2581,49,2,0
2581,50,1,0
2581,50,2,0
2581,51,1,3
2581,51,2,3
2581,52,1,0
2581,52,2,0
2581,53,1,0
2581,53,2,0
2581,54,1,3
2581,54,2,0
2581,55,1,0
2581,55,2,0
2581,56,1,0
2581,56,2,0
2581,57,1,0
2581,57,2,3
2581,58,1,0
2581,58,2,0
2581,59,1,0
2581,59,2,3
2581,60,1,0
2581,60,2,3
2581,61,1,0
2581,61,2,5
2581,62,1,4
2581,62,2,0
2581,63,1,0
2581,63,2,0
2581,64,1,5
2581,64,2,3
2581,65,1,3
2581,65,2,0
2581,66,1,3
2581,66,2,0
2581,67,1,3
2581,67,2,0
2581,68,1,0
2581,68,2,0
2581,69,1,3
2581,69,2,4
2581,70,1,5
2581,70,2,3
2581,71,1,3
2581,71,2,5
2581,72,1,5
2581,72,2,0
2581,73,1,3
2581,73,2,3
2581,74,1,6
2581,74,2,4
2581,75,1,10
2581,75,2,7
2581,76,1,11
2581,76,2,9
2581,77,1,6
2581,77,2,7
2581,78,1,8
2581,78,2,12
2581,79,1,13
2581,79,2,7
2560,0,1,0
2560,0,2,0
2560,1,1,0
2560,1,2,0
2560,2,1,0
2560,2,2,0
2560,3,1,0
2560,3,2,0
2560,4,1,0
2560,4,2,0
2560,5,1,0
2560,5,2,0
2560,6,1,0
2560,6,2,0
2560,7,1,0
2560,7,2,0
2560,8,1,0
2560,8,2,0
2560,9,1,0
2560,9,2,0
2560,10,1,0
2560,10,2,0
2560,11,1,0
2560,11,2,0
2560,12,1,0
2560,12,2,0
2560,13,1,0
2560,13,2,0
2560,14,1,0
2560,14,2,0
2560,15,1,0
2560,15,2,0
2560,16,1,0
2560,16,2,0
2560,17,1,0
2560,17,2,0
2560,18,1,0
2560,18,2,0
2560,19,1,0
2560,19,2,0
2560,20,1,0
2560,20,2,0
2560,21,1,0
2560,21,2,0
2560,22,1,0
2560,22,2,0
2560,23,1,0
2560,23,2,0
2560,24,1,0
2560,24,2,0
2560,25,1,0
2560,25,2,0
2560,26,1,0
2560,26,2,0
2560,27,1,0
2560,27,2,0
2560,28,1,0
2560,28,2,0
2560,29,1,0
2560,29,2,0
2560,30,1,0
2560,30,2,0
2560,31,1,0
2560,31,2,0
2560,32,1,3
2560,32,2,0
2560,33,1,0
2560,33,2,0
2560,34,1,0
2560,34,2,0
2560,35,1,0
2560,35,2,0
2560,36,1,0
2560,36,2,0
2560,37,1,0
2560,37,2,0
2560,38,1,0
2560,38,2,0
2560,39,1,0
2560,39,2,0
2560,40,1,0
2560,40,2,0
2560,41,1,0
2560,41,2,0
2560,42,1,0
2560,42,2,0
2560,43,1,0
2560,43,2,0
2560,44,1,0
2560,44,2,0
2560,45,1,0
2560,45,2,0
2560,46,1,0
2560,46,2,0
2560,47,1,0
2560,47,2,0
2560,48,1,0
2560,48,2,0
2560,49,1,0
2560,49,2,0
2560,50,1,0
2560,50,2,0
2560,51,1,3
2560,51,2,0
2560,52,1,0
2560,52,2,0
2560,53,1,0
2560,53,2,0
2560,54,1,0
2560,54,2,0
2560,55,1,0
2560,55,2,0
2560,56,1,0
2560,56,2,0
2560,57,1,0
2560,57,2,0
2560,58,1,0
2560,58,2,0
2560,59,1,0
2560,59,2,0
2560,60,1,0
2560,60,2,0
2560,61,1,0
2560,61,2,0
2560,62,1,0
2560,62,2,0
2560,63,1,0
2560,63,2,0
2560,64,1,0
2560,64,2,0
2560,65,1,0
2560,65,2,0
2560,66,1,3
2560,66,2,0
2560,67,1,0
2560,67,2,0
2560,68,1,3
2560,68,2,0
2560,69,1,0
2560,69,2,0
2560,70,1,3
2560,70,2,0
2560,71,1,0
2560,71,2,0
2560,72,1,0
2560,72,2,3
2560,73,1,0
2560,73,2,0
2560,74,1,0
2560,74,2,0
2560,75,1,0
2560,75,2,0
2560,76,1,0
2560,76,2,0
2560,77,1,4
2560,77,2,0
2560,78,1,0
2560,78,2,3
2560,79,1,3
2560,79,2,4
2514,0,1,0
2514,0,2,0
2514,1,1,0
2514,1,2,0
2514,2,1,0
2514,2,2,0
2514,3,1,0
2514,3,2,0
2514,4,1,0
2514,4,2,0
2514,5,1,0
2514,5,2,0
2514,6,1,0
2514,6,2,0
2514,7,1,0
2514,7,2,0
2514,8,1,0
2514,8,2,0
2514,9,1,0
2514,9,2,0
2514,10,1,0
2514,10,2,0
2514,11,1,0
2514,11,2,0
2514,12,1,0
2514,12,2,0
2514,13,1,0
2514,13,2,0
2514,14,1,0
2514,14,2,0
2514,15,1,0
2514,15,2,0
2514,16,1,0
2514,16,2,0
2514,17,1,0
2514,17,2,0
2514,18,1,0
2514,18,2,0
2514,19,1,0
2514,19,2,0
2514,20,1,0
2514,20,2,0
2514,21,1,0
2514,21,2,0
2514,22,1,0
2514,22,2,0
2514,23,1,0
2514,23,2,0
2514,24,1,0
2514,24,2,0
2514,25,1,0
2514,25,2,0
2514,26,1,0
2514,26,2,0
2514,27,1,0
2514,27,2,0
2514,28,1,0
2514,28,2,0
2514,29,1,0
2514,29,2,0
2514,30,1,0
2514,30,2,0
2514,31,1,0
2514,31,2,0
2514,32,1,0
2514,32,2,0
2514,33,1,0
2514,33,2,0
2514,34,1,0
2514,34,2,0
2514,35,1,0
2514,35,2,0
2514,36,1,0
2514,36,2,0
2514,37,1,0
2514,37,2,0
2514,38,1,0
2514,38,2,0
2514,39,1,0
2514,39,2,0
2514,40,1,0
2514,40,2,0
2514,41,1,0
2514,41,2,0
2514,42,1,0
2514,42,2,0
2514,43,1,0
2514,43,2,0
2514,44,1,0
2514,44,2,0
2514,45,1,0
2514,45,2,0
2514,46,1,3
2514,46,2,0
2514,47,1,0
2514,47,2,0
2514,48,1,0
2514,48,2,0
2514,49,1,0
2514,49,2,3
2514,50,1,0
2514,50,2,3
2514,51,1,0
2514,51,2,0
2514,52,1,0
2514,52,2,0
2514,53,1,0
2514,53,2,0
2514,54,1,0
2514,54,2,0
2514,55,1,0
2514,55,2,0
2514,56,1,0
2514,56,2,3
2514,57,1,3
2514,57,2,0
2514,58,1,0
2514,58,2,0
2514,59,1,0
2514,59,2,0
2514,60,1,3
2514,60,2,0
2514,61,1,0
2514,61,2,0
2514,62,1,3
2514,62,2,0
2514,63,1,3
2514,63,2,3
2514,64,1,0
2514,64,2,0
2514,65,1,3
2514,65,2,0
2514,66,1,3
2514,66,2,0
2514,67,1,3
2514,67,2,3
2514,68,1,0
2514,68,2,3
2514,69,1,4
2514,69,2,3
2514,70,1,3
2514,70,2,3
2514,71,1,5
2514,71,2,3
2514,72,1,0
2514,72,2,3
2514,73,1,8
2514,73,2,3
2514,74,1,4
2514,74,2,0
2514,75,1,3
2514,75,2,3
2514,76,1,5
2514,76,2,0
2514,77,1,0
2514,77,2,0
2514,78,1,4
2514,78,2,6
2514,79,1,7
2514,79,2,3
2580,80,1,22
2580,80,2,13
2580,81,1,9
2580,81,2,7
2580,82,1,19
2580,82,2,13
2580,83,1,12
2580,83,2,11
2580,84,1,20
2580,84,2,14
2580,85,1,19
2580,85,2,8
2580,86,1,9
2580,86,2,23
2580,87,1,11
2580,87,2,14
2580,88,1,10
2580,88,2,20
2580,89,1,19
2580,89,2,16
2580,90,1,16
2580,90,2,16
2580,91,1,12
2580,91,2,12
2580,92,1,13
2580,92,2,17
2580,93,1,3
2580,93,2,18
2580,94,1,7
2580,94,2,15
2580,95,1,7
2580,95,2,16
2580,96,1,3
2580,96,2,13
2580,97,1,3
2580,97,2,6
2580,98,1,0
2580,98,2,4
2580,99,1,0
2580,99,2,3
2580,100+1,1,3
2580,100+1,2,8
2582,80,1,8
2582,80,2,3
2582,81,1,13
2582,81,2,7
2582,82,1,3
2582,82,2,7
2582,83,1,7
2582,83,2,11
2582,84,1,7
2582,84,2,8
2582,85,1,6
2582,85,2,6
2582,86,1,5
2582,86,2,8
2582,87,1,6
2582,87,2,4
2582,88,1,8
2582,88,2,16
2582,89,1,7
2582,89,2,6
2582,90,1,12
2582,90,2,3
2582,91,1,8
2582,91,2,4
2582,92,1,4
2582,92,2,5
2582,93,1,0
2582,93,2,3
2582,94,1,3
2582,94,2,3
2582,95,1,3
2582,95,2,8
2582,96,1,0
2582,96,2,10
2582,97,1,0
2582,97,2,3
2582,98,1,3
2582,98,2,0
2582,99,1,0
2582,99,2,0
2582,100+1,1,3
2582,100+1,2,3
2581,80,1,8
2581,80,2,16
2581,81,1,9
2581,81,2,14
2581,82,1,13
2581,82,2,4
2581,83,1,12
2581,83,2,10
2581,84,1,16
2581,84,2,8
2581,85,1,10
2581,85,2,12
2581,86,1,5
2581,86,2,16
2581,87,1,13
2581,87,2,16
2581,88,1,0
2581,88,2,14
2581,89,1,4
2581,89,2,9
2581,90,1,7
2581,90,2,7
2581,91,1,9
2581,91,2,18
2581,92,1,13
2581,92,2,14
2581,93,1,8
2581,93,2,6
2581,94,1,3
2581,94,2,6
2581,95,1,8
2581,95,2,9
2581,96,1,3
2581,96,2,6
2581,97,1,4
2581,97,2,8
2581,98,1,3
2581,98,2,3
2581,99,1,4
2581,99,2,0
2581,100+1,1,0
2581,100+1,2,3
2560,80,1,0
2560,80,2,5
2560,81,1,4
2560,81,2,3
2560,82,1,0
2560,82,2,0
2560,83,1,3
2560,83,2,3
2560,84,1,0
2560,84,2,3
2560,85,1,0
2560,85,2,5
2560,86,1,3
2560,86,2,3
2560,87,1,3
2560,87,2,0
2560,88,1,0
2560,88,2,7
2560,89,1,5
2560,89,2,3
2560,90,1,3
2560,90,2,3
2560,91,1,4
2560,91,2,4
2560,92,1,0
2560,92,2,3
2560,93,1,0
2560,93,2,4
2560,94,1,3
2560,94,2,3
2560,95,1,0
2560,95,2,3
2560,96,1,0
2560,96,2,5
2560,97,1,3
2560,97,2,0
2560,98,1,0
2560,98,2,3
2560,99,1,0
2560,99,2,0
2560,100+1,1,0
2560,100+1,2,0
2514,80,1,3
2514,80,2,4
2514,81,1,8
2514,81,2,3
2514,82,1,8
2514,82,2,5
2514,83,1,6
2514,83,2,4
2514,84,1,5
2514,84,2,3
2514,85,1,5
2514,85,2,9
2514,86,1,7
2514,86,2,0
2514,87,1,3
2514,87,2,4
2514,88,1,3
2514,88,2,3
2514,89,1,4
2514,89,2,3
2514,90,1,5
2514,90,2,11
2514,91,1,3
2514,91,2,6
2514,92,1,7
2514,92,2,0
2514,93,1,0
2514,93,2,5
2514,94,1,3
2514,94,2,3
2514,95,1,3
2514,95,2,4
2514,96,1,0
2514,96,2,3
2514,97,1,0
2514,97,2,0
2514,98,1,0
2514,98,2,3
2514,99,1,0
2514,99,2,0
2514,100+1,1,3
2514,100+1,2,4
