"Region","Alder","Kon","BE0101D8 2006","BE0101D8 2007","BE0101D8 2008","BE0101D8 2009","BE0101D8 2010","BE0101D8 2011","BE0101D8 2012","BE0101D8 2013","BE0101D8 2014","BE0101D8 2015","BE0101D8 2016","BE0101D8 2017","BE0101D8 2018","BE0101D8 2019","BE0101D8 2020","BE0101D8 2021","BE0101D8 2022","BE0101D8 2023","BE0101D8 2024"
"2580","0","1",0,1,1,1,3,0,2,1,1,1,1,0,1,0,0,0,0,0,0
"2580","0","2",1,1,0,0,1,0,0,0,0,2,1,1,0,1,0,3,1,0,0
"2580","1","1",0,0,0,0,0,1,0,0,1,0,2,0,0,0,0,0,0,0,0
"2580","1","2",1,1,0,0,0,0,0,0,0,0,0,2,0,0,0,0,0,0,0
"2580","2","1",0,1,0,0,0,0,1,0,0,0,0,0,0,0,0,0,0,0,0
"2580","2","2",0,0,0,0,0,0,0,0,0,0,0,0,0,0,0,0,0,1,0
"2580","3","1",0,0,1,0,0,0,0,0,0,0,0,0,0,0,0,0,0,0,0
"2580","3","2",0,0,0,0,0,0,0,0,0,0,0,0,0,0,0,0,0,1,0
"2580","4","1",0,0,0,0,0,0,0,0,1,0,0,0,0,0,0,0,0,0,0
"2580","4","2",0,0,0,0,0,0,0,0,0,0,0,1,0,0,0,0,0,0,0
"2580","5","1",0,0,0,0,0,0,0,0,0,0,0,0,0,0,0,0,0,0,0
"2580","5","2",0,0,0,0,0,0,0,0,0,0,0,0,0,0,1,0,0,0,0
"2580","6","1",0,0,0,0,0,1,0,0,0,0,0,0,0,0,0,0,0,0,0
"2580","6","2",0,0,0,0,0,0,0,0,0,0,0,0,0,0,0,0,0,0,0
"2580","7","1",0,1,0,0,0,0,0,0,0,0,0,0,0,0,0,0,0,0,0
"2580","7","2",0,1,0,0,0,0,0,0,0,0,0,0,0,0,0,0,0,0,0
"2580","8","1",0,0,0,0,1,0,0,0,0,0,0,0,0,0,0,0,0,0,0
"2580","8","2",1,0,0,0,0,0,0,0,0,0,0,0,0,0,0,0,0,0,0
"2580","9","1",0,0,0,0,0,0,0,0,0,0,0,0,0,0,0,0,0,1,0
"2580","9","2",0,0,0,0,0,0,0,0,0,0,0,0,0,0,0,0,0,0,0
"2580","10","1",0,0,0,0,0,0,0,0,0,0,0,0,0,0,0,0,0,0,0
"2580","10","2",0,0,0,0,0,0,0,0,0,0,0,0,0,0,0,0,0,0,0
"2580","11","1",1,0,0,0,0,0,0,0,0,0,0,0,0,0,0,0,0,0,0
"2580","11","2",0,0,0,0,0,0,0,0,0,0,0,0,0,0,0,1,0,0,0
"2580","12","1",0,0,0,0,0,0,0,0,0,0,0,0,0,0,0,0,0,0,0
"2580","12","2",0,0,0,0,0,0,0,0,0,0,0,0,0,0,0,0,0,1,0
"2580","13","1",0,0,0,0,0,0,0,0,0,0,0,0,0,0,0,0,0,0,0
"2580","13","2",0,0,0,0,0,0,0,0,0,0,1,0,0,0,0,0,0,0,0
"2580","14","1",0,0,0,0,0,0,0,0,0,1,0,0,0,0,0,0,0,0,0
"2580","14","2",0,0,0,0,0,0,0,0,1,0,0,0,0,0,0,0,0,1,0
"2580","15","1",0,0,0,0,0,0,0,0,0,0,0,1,0,0,0,0,0,0,0
"2580","15","2",0,0,1,0,0,0,0,0,0,0,1,0,0,0,0,0,0,0,0
"2580","16","1",0,0,0,0,0,0,0,0,1,0,0,0,0,0,0,0,0,0,1
"2580","16","2",0,0,0,0,0,2,0,0,0,0,0,0,0,0,0,0,0,0,0
"2580","17","1",0,0,0,0,0,0,0,0,0,0,0,1,0,1,1,0,0,0,0
"2580","17","2",0,0,0,0,0,0,2,0,0,0,0,0,0,0,0,0,0,0,0
"2580","18","1",0,0,1,0,0,1,1,1,1,1,0,0,0,0,0,0,1,0,4
"2580","18","2",0,0,1,0,0,0,0,0,0,0,0,0,0,0,0,0,0,0,0
"2580","19","1",0,0,0,1,0,0,1,0,2,0,0,0,0,0,1,0,0,0,0
"2580","19","2",0,0,0,0,0,0,0,0,0,1,0,0,0,0,0,0,1,0,0
"2580","20","1",0,1,0,0,0,0,0,0,1,1,0,0,0,0,1,0,0,0,0
"2580","20","2",0,0,0,0,0,0,0,0,0,0,0,0,0,0,0,0,0,0,0
"2580","21","1",0,0,1,0,2,3,0,2,0,0,0,3,0,0,1,1,0,1,0
"2580","21","2",0,0,0,0,1,0,0,1,0,0,0,0,0,0,0,0,0,0,0
"2580","22","1",0,1,0,0,2,1,1,0,0,0,1,0,0,0,1,0,0,1,0
"2580","22","2",0,0,0,0,0,0,0,0,1,0,0,0,0,0,0,1,0,0,0
"2580","23","1",0,0,0,0,1,0,1,3,2,2,0,2,1,1,0,0,1,0,0
"2580","23","2",0,0,0,0,0,1,0,0,0,0,0,1,1,0,0,0,0,0,1
"2580","24","1",0,0,0,0,1,0,0,0,1,0,0,0,0,0,2,0,0,0,0
"2580","24","2",0,0,0,1,0,0,0,0,0,0,0,0,1,0,0,0,0,0,0
"2580","25","1",0,1,0,0,2,0,0,2,0,1,0,1,0,1,0,1,0,0,0
"2580","25","2",0,0,0,0,0,0,0,1,0,0,0,0,0,0,0,1,0,0,0
"2580","26","1",0,0,0,0,0,1,2,0,1,0,1,2,1,0,1,0,0,1,1
"2580","26","2",0,0,0,2,0,0,1,0,0,0,1,0,0,0,0,0,1,1,0
"2580","27","1",0,1,0,1,1,0,0,0,0,0,1,2,0,0,0,0,1,1,1
"2580","27","2",0,1,0,0,1,0,0,0,0,0,0,0,1,0,0,0,1,0,0
"2580","28","1",0,1,0,0,1,2,0,1,2,1,0,0,2,0,0,0,0,0,0
"2580","28","2",0,0,0,0,0,1,0,0,0,0,0,0,0,1,0,1,1,0,0
"2580","29","1",1,0,0,0,1,0,0,0,0,1,0,0,2,1,1,0,0,1,1
"2580","29","2",0,1,0,0,0,0,0,0,0,0,0,0,0,1,0,0,1,0,2
"2580","30","1",1,1,0,0,0,0,0,0,0,0,1,1,1,0,1,1,1,1,0
"2580","30","2",0,0,0,0,0,0,0,0,1,0,0,0,0,0,0,0,0,0,0
"2580","31","1",0,0,0,0,1,0,1,1,1,0,1,1,0,1,0,0,2,1,1
"2580","31","2",0,1,0,0,0,0,1,0,0,1,0,1,0,0,0,1,1,0,0
"2580","32","1",0,0,1,0,1,0,0,0,2,0,0,1,0,0,0,1,0,2,1
"2580","32","2",0,0,0,0,0,1,1,0,0,0,0,0,0,0,0,0,0,0,0
"2580","33","1",0,0,2,1,0,1,1,0,0,1,0,0,0,0,0,1,1,1,1
"2580","33","2",0,0,0,1,0,0,1,0,0,0,0,0,0,0,0,0,1,0,0
"2580","34","1",0,0,0,0,0,0,0,0,1,0,0,0,1,0,0,1,0,0,0
"2580","34","2",1,0,0,0,0,0,0,0,0,0,0,0,1,1,0,0,1,0,0
"2580","35","1",0,1,0,1,0,0,0,0,1,1,0,1,0,0,1,1,0,1,0
"2580","35","2",0,0,0,0,0,0,1,0,1,0,0,0,0,0,0,1,0,0,0
"2580","36","1",0,0,0,1,0,0,1,0,0,0,1,1,1,1,0,0,0,2,0
"2580","36","2",0,0,0,0,0,0,0,0,0,0,0,0,1,0,0,0,0,0,0
"2580","37","1",0,0,1,0,0,1,0,1,0,1,0,0,1,1,1,0,0,1,1
"2580","37","2",0,0,0,0,0,0,0,0,0,0,0,0,0,0,1,0,0,0,0
"2580","38","1",0,1,2,0,1,0,0,0,1,1,0,0,0,1,0,0,0,0,1
"2580","38","2",2,0,0,0,0,0,0,0,1,0,0,0,0,1,0,0,0,1,0
"2580","39","1",1,0,1,0,0,0,0,1,0,0,1,0,0,0,0,0,1,0,1
"2580","39","2",1,0,0,0,1,0,0,1,0,0,0,0,0,1,1,0,1,1,0
"2580","40","1",0,0,0,0,1,0,0,0,0,0,1,0,1,0,0,2,2,2,2
"2580","40","2",0,0,1,0,0,0,0,0,1,1,0,0,1,1,1,0,1,0,0
"2580","41","1",0,1,0,1,3,0,0,1,2,0,1,1,0,0,1,1,0,1,0
"2580","41","2",0,0,0,0,0,0,0,0,0,0,1,1,1,0,0,0,1,0,0
"2580","42","1",1,1,0,1,0,0,1,2,1,1,1,0,1,0,0,0,0,0,0
"2580","42","2",0,2,0,0,0,0,0,0,1,0,0,0,0,1,0,1,0,0,0
"2580","43","1",1,0,0,2,2,0,0,0,0,0,0,0,0,0,0,1,0,0,1
"2580","43","2",0,0,0,0,0,0,0,0,1,0,0,1,0,0,2,0,1,0,1
"2580","44","1",1,0,0,1,0,1,1,1,0,1,0,0,1,0,0,1,1,0,2
"2580","44","2",0,0,0,0,1,0,0,1,0,0,0,0,0,1,1,0,0,0,0
"2580","45","1",0,1,0,0,0,0,0,2,0,0,2,1,3,0,0,0,0,1,0
"2580","45","2",1,0,1,2,0,1,0,1,0,0,0,0,0,0,0,1,0,0,0
"2580","46","1",1,1,0,1,0,0,0,2,1,0,1,1,0,0,0,1,0,1,1
"2580","46","2",2,0,0,1,1,0,0,0,0,0,0,1,0,2,1,0,0,1,1
"2580","47","1",1,1,0,0,1,2,1,1,1,0,2,2,2,2,1,1,1,0,1
"2580","47","2",2,0,0,1,0,1,0,0,1,0,0,1,0,0,1,0,0,1,0
"2580","48","1",0,1,0,0,2,2,1,0,0,0,2,1,4,1,1,2,2,4,2
"2580","48","2",0,1,1,0,1,0,0,0,1,0,2,1,0,0,1,1,1,1,0
"2580","49","1",2,1,0,1,3,1,1,3,1,1,1,2,2,0,0,0,0,3,0
"2580","49","2",0,0,1,0,0,0,0,1,0,0,0,0,0,0,0,0,0,1,0
"2580","50","1",0,0,2,0,2,1,0,1,0,3,3,1,1,0,0,2,1,0,2
"2580","50","2",1,0,0,3,1,2,0,0,1,0,0,1,1,0,2,0,0,0,2
"2580","51","1",1,1,1,1,0,3,4,2,1,1,0,0,1,0,2,0,0,0,1
"2580","51","2",0,2,2,0,0,3,1,0,1,0,1,1,0,0,2,1,0,0,0
"2580","52","1",2,1,3,2,2,1,2,1,3,2,0,0,1,1,0,1,3,0,1
"2580","52","2",0,1,0,1,1,3,0,1,2,1,0,0,0,2,0,0,2,0,0
"2580","53","1",1,3,1,1,2,3,5,2,2,2,1,2,6,2,4,2,0,1,2
"2580","53","2",1,1,0,3,1,1,2,2,0,1,3,1,1,1,0,0,0,0,1
"2580","54","1",1,4,1,2,0,6,1,4,2,3,2,2,1,3,1,1,2,1,0
"2580","54","2",0,0,0,2,0,2,1,1,0,2,1,2,0,2,1,2,2,2,0
"2580","55","1",3,3,0,2,3,1,2,2,1,1,1,2,2,2,2,1,0,1,4
"2580","55","2",0,3,1,0,1,1,1,1,2,2,1,1,2,0,1,0,0,0,2
"2580","56","1",2,3,3,1,1,2,2,2,1,2,1,2,0,1,3,4,2,3,0
"2580","56","2",1,0,2,1,0,1,2,2,0,0,1,1,1,0,2,0,2,1,0
"2580","57","1",1,1,6,1,0,1,5,5,1,2,2,3,1,2,6,4,0,2,3
"2580","57","2",6,2,1,1,2,2,1,0,1,0,0,0,3,1,1,1,2,0,0
"2580","58","1",8,3,0,2,3,6,1,2,2,3,1,1,1,1,5,1,1,1,1
"2580","58","2",2,1,1,0,2,3,0,3,1,1,1,2,3,3,1,1,1,1,1
"2580","59","1",4,2,5,6,2,3,2,4,5,2,1,2,3,1,1,1,1,2,5
"2580","59","2",2,2,4,1,2,0,0,1,3,3,2,3,0,2,1,0,0,0,3
"2580","60","1",3,3,6,6,6,6,3,4,4,2,3,4,4,2,1,1,3,2,2
"2580","60","2",1,5,2,1,3,0,4,3,3,5,3,2,1,2,2,1,4,4,0
"2580","61","1",4,4,2,2,5,1,5,4,4,1,3,5,6,3,4,3,2,3,2
"2580","61","2",7,2,2,1,2,0,1,2,1,0,3,2,1,0,3,3,1,0,1
"2580","62","1",5,6,4,3,2,4,2,1,8,1,5,5,2,5,7,0,5,1,2
"2580","62","2",2,1,4,3,5,3,2,2,3,1,1,0,0,2,3,0,2,4,1
"2580","63","1",4,6,3,2,6,3,4,4,4,5,4,6,1,4,3,3,2,7,1
"2580","63","2",0,2,5,0,2,1,4,5,2,1,6,2,2,2,2,2,2,2,2
"2580","64","1",1,9,11,5,3,1,8,4,7,1,7,6,3,2,8,4,3,5,4
"2580","64","2",3,3,5,1,3,6,6,2,2,4,0,3,0,2,7,2,3,3,1
"2580","65","1",4,7,1,5,6,5,5,3,4,6,3,3,4,2,5,4,2,6,4
"2580","65","2",2,1,7,3,9,6,1,2,5,4,2,3,1,0,0,2,1,2,4
"2580","66","1",4,5,2,3,2,4,7,1,6,7,4,5,7,9,5,4,5,5,4
"2580","66","2",4,4,2,1,6,2,1,3,2,3,3,7,1,1,3,4,3,4,1
"2580","67","1",4,5,2,6,8,4,0,6,8,5,3,5,3,5,4,6,3,7,5
"2580","67","2",4,1,1,1,0,2,4,4,3,3,5,5,4,2,5,4,2,3,5
"2580","68","1",6,5,3,3,3,5,10,7,7,5,9,4,4,8,6,5,3,8,5
"2580","68","2",6,1,2,4,3,3,2,1,3,2,3,4,9,2,5,2,4,1,4
"2580","69","1",6,8,2,6,5,6,8,5,5,6,4,9,4,7,7,6,5,10,2
"2580","69","2",2,6,3,0,1,3,4,6,5,7,3,4,6,3,7,2,3,5,4
"2580","70","1",6,5,5,5,5,8,5,7,14,7,8,8,3,4,2,4,4,8,5
"2580","70","2",4,6,6,2,4,4,0,3,5,0,5,4,7,2,6,6,5,3,1
"2580","71","1",5,6,7,6,5,3,5,7,5,6,3,3,9,3,9,7,7,4,5
"2580","71","2",7,0,5,3,3,4,2,3,3,5,5,11,4,6,12,8,11,2,3
"2580","72","1",9,3,8,6,11,3,7,5,7,10,9,9,7,5,8,13,9,11,7
"2580","72","2",3,2,4,0,5,0,10,5,4,3,6,5,10,5,4,4,7,6,5
"2580","73","1",9,11,8,1,9,10,8,7,8,5,3,8,9,10,7,6,5,9,11
"2580","73","2",9,3,4,2,8,4,8,3,8,3,9,7,3,8,6,7,13,9,3
"2580","74","1",5,9,8,6,5,7,8,10,10,5,2,3,10,11,9,9,10,6,11
"2580","74","2",6,7,5,2,2,5,9,5,9,3,4,7,8,5,7,12,5,8,7
"2580","75","1",8,5,12,7,8,9,8,8,9,5,7,9,6,8,18,15,10,7,13
"2580","75","2",5,5,6,5,4,7,8,6,8,8,6,7,4,5,8,6,10,7,8
"2580","76","1",9,9,11,3,9,6,5,8,9,8,14,6,8,6,7,16,11,9,11
"2580","76","2",6,4,8,4,5,7,2,7,6,8,8,7,9,9,3,13,6,6,7
"2580","77","1",6,12,10,7,3,2,9,12,7,7,8,8,7,6,5,11,10,20,12
"2580","77","2",5,9,8,9,9,11,4,8,11,7,6,6,3,9,4,11,10,9,6
"2580","78","1",14,8,13,13,7,11,8,15,12,7,10,13,13,10,6,11,7,13,7
"2580","78","2",12,4,8,7,6,4,6,8,7,9,8,13,6,9,5,15,10,17,12
"2580","79","1",9,12,9,14,11,9,14,13,12,10,7,7,8,10,10,14,8,15,14
"2580","79","2",8,11,10,10,9,8,9,10,8,8,12,11,8,15,15,12,15,17,12
"2580","80","1",5,7,15,17,11,19,11,5,11,12,10,9,13,13,13,14,16,11,11
"2580","80","2",5,7,11,8,11,12,8,10,10,9,13,13,9,10,11,11,9,9,9
"2580","81","1",11,8,11,5,12,7,11,11,9,15,15,17,19,18,12,11,15,11,15
"2580","81","2",8,10,17,17,8,9,15,14,5,9,10,10,10,11,14,14,16,12,9
"2580","82","1",10,12,13,13,8,14,17,7,12,11,15,8,12,15,14,14,15,17,19
"2580","82","2",6,12,9,9,10,17,10,5,18,4,9,16,11,18,12,12,12,10,12
"2580","83","1",11,15,10,11,8,12,14,10,9,15,11,15,18,14,19,18,12,19,13
"2580","83","2",8,5,7,14,14,9,14,16,13,7,10,11,7,11,11,7,20,14,11
"2580","84","1",11,12,13,16,21,12,11,15,9,18,10,16,14,16,14,13,18,17,15
"2580","84","2",10,13,14,13,17,11,15,13,19,14,14,16,14,15,14,12,16,17,17
"2580","85","1",9,14,16,10,12,13,12,12,15,18,10,9,9,12,20,14,7,10,21
"2580","85","2",17,18,13,9,11,12,11,15,18,19,16,19,16,12,17,6,14,17,18
"2580","86","1",11,7,6,5,17,14,18,15,11,26,13,18,13,8,18,11,19,11,18
"2580","86","2",12,10,19,16,14,23,14,13,15,16,23,7,18,17,15,13,12,9,20
"2580","87","1",10,13,11,12,14,11,11,8,10,9,14,17,15,11,9,13,12,12,10
"2580","87","2",13,11,12,11,12,20,17,17,18,15,17,18,11,13,25,19,17,18,21
"2580","88","1",9,12,15,10,11,16,14,11,14,13,11,13,10,14,12,13,9,8,15
"2580","88","2",21,12,14,11,18,15,16,9,19,13,10,15,20,18,15,14,16,19,22
"2580","89","1",6,6,11,7,7,3,9,13,14,10,11,16,12,11,11,10,15,14,12
"2580","89","2",23,6,8,21,12,16,12,7,15,18,14,17,11,25,19,11,17,17,18
"2580","90","1",3,8,6,5,8,15,14,11,14,8,13,7,12,9,10,8,16,13,18
"2580","90","2",8,11,10,12,14,11,17,23,11,14,19,15,12,12,20,16,12,9,10
"2580","91","1",6,6,8,6,3,12,9,5,13,9,5,13,14,10,5,12,12,20,8
"2580","91","2",15,11,12,5,13,17,18,13,8,16,20,20,11,7,14,19,19,21,19
"2580","92","1",8,7,2,11,5,6,7,12,6,13,5,11,7,9,4,8,12,13,10
"2580","92","2",7,11,13,7,15,10,13,11,13,9,17,9,13,15,24,14,20,18,17
"2580","93","1",6,3,7,5,3,2,10,5,8,8,9,5,8,6,10,6,11,9,11
"2580","93","2",5,12,5,11,12,7,12,12,12,13,11,7,11,9,15,15,12,11,11
"2580","94","1",3,2,2,0,2,1,4,5,2,10,1,5,8,5,5,5,7,8,5
"2580","94","2",4,8,9,8,6,8,16,8,12,8,10,10,14,12,16,11,11,12,13
"2580","95","1",1,4,1,4,1,3,3,1,3,3,7,4,8,4,3,6,3,9,2
"2580","95","2",7,6,5,8,5,9,12,5,4,9,2,12,6,13,11,12,14,19,18
"2580","96","1",2,0,2,3,4,1,1,2,3,2,2,4,4,3,1,6,5,7,8
"2580","96","2",7,5,5,5,5,6,3,2,5,7,3,7,9,8,11,12,7,3,14
"2580","97","1",2,1,2,1,1,0,1,1,3,1,0,0,1,2,4,4,2,4,1
"2580","97","2",1,5,7,3,7,4,4,3,5,6,5,5,8,8,5,4,5,5,8
"2580","98","1",1,1,1,0,1,2,3,1,1,1,0,3,4,2,2,5,3,4,1
"2580","98","2",3,5,3,2,3,4,8,1,5,1,3,3,4,2,4,5,7,4,6
"2580","99","1",1,2,2,1,1,0,1,0,0,0,1,0,1,1,1,0,1,0,2
"2580","99","2",1,3,0,1,1,4,6,0,2,2,6,2,4,1,6,2,6,5,5
"2580","100+","1",0,0,0,3,1,1,0,0,1,0,2,2,0,3,4,1,3,2,3
"2580","100+","2",2,0,10,5,4,7,8,1,5,5,3,4,4,8,6,4,5,5,8
"2582","0","1",0,0,0,1,0,0,0,0,0,0,0,1,1,0,0,0,0,0,0
"2582","0","2",0,0,0,0,0,0,0,1,0,1,0,1,0,0,0,0,0,0,0
"2582","1","1",2,0,0,1,0,0,0,0,0,0,0,0,0,0,0,0,0,0,0
"2582","1","2",0,0,0,0,0,0,0,0,0,0,0,0,0,1,0,0,0,1,0
"2582","2","1",0,0,0,0,0,0,0,0,0,0,0,0,0,0,0,0,0,0,0
"2582","2","2",0,0,0,0,0,0,0,0,0,0,0,0,0,0,0,0,0,0,0
"2582","3","1",0,0,0,0,0,0,0,0,0,0,0,0,0,0,0,0,0,0,0
"2582","3","2",0,1,0,0,0,0,0,0,0,0,0,0,0,0,0,0,0,0,0
"2582","4","1",0,0,0,0,0,0,0,0,0,0,0,0,0,0,0,0,0,0,0
"2582","4","2",0,0,0,0,0,0,0,0,0,0,0,0,0,0,0,0,0,0,0
"2582","5","1",0,0,0,0,0,0,0,0,0,0,0,0,0,0,0,0,0,0,0
"2582","5","2",0,0,0,0,0,0,0,0,0,0,0,0,0,0,0,0,0,0,0
"2582","6","1",0,0,0,0,0,0,0,0,0,0,0,0,0,0,0,0,0,0,0
"2582","6","2",0,0,0,0,0,0,0,0,0,0,0,0,0,0,0,0,0,0,0
"2582","7","1",0,0,0,0,0,0,0,0,0,0,0,0,0,0,0,0,0,0,0
"2582","7","2",0,0,0,0,0,0,0,0,0,0,0,0,0,0,0,0,0,0,0
"2582","8","1",0,0,0,0,0,0,0,0,0,0,0,0,0,0,0,0,0,0,0
"2582","8","2",0,0,0,0,0,0,0,0,1,0,0,0,0,0,0,0,0,0,0
"2582","9","1",0,0,0,0,0,0,0,0,0,0,0,0,0,0,0,0,0,0,0
"2582","9","2",0,0,0,0,0,0,0,0,0,0,0,0,0,0,0,0,0,0,0
"2582","10","1",0,0,0,0,0,0,0,0,0,0,0,0,0,0,0,0,0,0,0
"2582","10","2",0,0,0,0,0,0,0,0,0,0,0,0,0,0,0,0,0,0,0
"2582","11","1",0,0,0,0,0,0,0,0,0,0,0,0,0,0,0,0,0,0,0
"2582","11","2",0,0,0,0,0,0,0,0,0,0,0,0,0,0,0,0,0,0,1
"2582","12","1",0,0,0,0,0,0,0,0,0,0,0,0,0,0,0,0,0,0,0
"2582","12","2",0,0,0,0,0,0,0,0,0,0,0,0,0,0,0,0,0,0,0
"2582","13","1",0,0,0,0,0,0,0,0,0,0,0,1,0,0,0,1,0,0,0
"2582","13","2",0,0,0,0,0,0,0,0,0,0,0,0,0,0,0,0,0,0,0
"2582","14","1",0,0,0,0,0,0,0,0,0,0,0,0,0,0,0,0,1,0,0
"2582","14","2",0,0,0,0,0,0,0,0,0,0,0,0,0,0,0,0,0,0,0
"2582","15","1",0,0,0,0,0,0,0,0,0,0,0,0,0,0,0,0,0,0,0
"2582","15","2",0,0,0,0,0,0,0,0,0,0,0,0,0,0,0,0,0,0,0
"2582","16","1",0,0,0,0,0,0,0,0,0,0,0,0,0,0,0,0,0,0,1
"2582","16","2",0,0,0,0,0,0,0,0,0,0,0,0,0,0,0,0,0,0,0
"2582","17","1",0,0,0,0,0,1,0,0,0,0,0,0,0,0,0,0,0,0,0
"2582","17","2",0,0,0,0,0,0,0,0,0,0,0,0,0,0,0,0,0,0,0
"2582","18","1",0,0,0,0,1,1,0,1,0,0,0,0,0,0,0,1,0,0,0
"2582","18","2",0,0,0,0,0,0,0,0,0,0,0,0,0,0,0,0,1,0,0
"2582","19","1",0,0,0,0,0,0,0,0,0,0,0,0,0,1,0,1,0,0,0
"2582","19","2",0,0,0,0,0,0,0,0,0,0,0,0,0,0,0,0,0,0,0
"2582","20","1",0,1,0,0,0,0,0,1,0,0,0,0,0,0,2,0,0,0,0
"2582","20","2",0,0,0,0,0,0,0,1,0,0,0,0,0,0,0,1,0,0,0
"2582","21","1",0,0,0,0,0,0,1,0,0,0,0,0,0,1,0,1,0,0,0
"2582","21","2",0,1,0,0,0,0,0,1,0,0,0,0,0,0,0,0,0,0,0
"2582","22","1",0,0,0,0,0,1,0,0,0,1,1,0,0,0,0,0,0,0,0
"2582","22","2",1,0,0,0,0,0,0,0,0,0,0,0,0,0,0,0,0,0,0
"2582","23","1",0,0,0,0,0,0,1,0,0,0,0,0,0,0,0,1,0,0,1
"2582","23","2",0,0,0,0,0,0,0,0,1,0,0,0,0,0,0,0,0,0,0
"2582","24","1",0,1,1,0,0,1,0,0,0,1,0,0,0,0,0,0,0,0,0
"2582","24","2",0,0,0,0,0,0,0,0,1,0,0,0,0,0,0,0,0,0,0
"2582","25","1",0,0,0,1,0,0,0,0,1,0,0,0,1,0,1,0,0,0,0
"2582","25","2",0,0,0,0,0,0,0,0,0,0,0,0,0,0,0,0,0,0,0
"2582","26","1",0,1,0,0,0,0,0,0,0,0,0,0,0,0,0,0,0,0,0
"2582","26","2",0,0,0,0,0,0,0,0,1,0,0,0,0,0,0,0,0,0,0
"2582","27","1",0,0,0,0,0,1,0,1,0,0,0,0,0,0,0,0,0,0,0
"2582","27","2",0,0,0,1,0,0,0,0,0,0,0,0,0,0,0,0,0,0,0
"2582","28","1",0,0,0,1,2,0,0,0,0,0,0,0,0,0,0,0,0,1,0
"2582","28","2",0,0,0,0,0,0,0,0,0,0,0,0,0,0,1,0,0,1,0
"2582","29","1",0,0,0,0,0,0,0,1,0,0,0,0,1,0,0,0,0,0,0
"2582","29","2",0,0,0,0,0,0,0,0,0,0,0,0,0,0,0,0,0,0,0
"2582","30","1",0,0,0,0,0,0,1,0,1,0,0,0,0,0,0,0,0,0,0
"2582","30","2",0,0,0,0,1,1,0,0,0,0,0,0,0,0,0,0,1,0,0
"2582","31","1",0,0,0,0,0,0,0,0,0,0,0,0,0,0,0,0,0,1,0
"2582","31","2",0,0,0,0,0,1,0,0,0,0,0,1,0,0,0,0,0,0,0
"2582","32","1",0,0,0,0,0,0,0,0,0,1,0,0,0,0,0,0,1,0,0
"2582","32","2",0,0,0,0,0,0,0,0,0,0,0,0,0,0,0,0,0,0,0
"2582","33","1",0,0,0,1,0,0,0,0,0,0,1,1,0,2,0,0,0,0,0
"2582","33","2",0,0,0,0,0,0,1,0,0,0,0,0,0,0,0,0,0,0,0
"2582","34","1",0,1,0,0,0,0,0,0,0,0,0,1,0,0,0,0,0,0,1
"2582","34","2",0,0,0,0,0,0,0,0,0,0,0,0,0,0,0,0,0,0,0
"2582","35","1",0,0,0,0,0,0,0,1,0,0,0,0,0,0,2,0,0,0,0
"2582","35","2",0,0,0,0,0,0,0,0,0,0,0,0,0,1,0,0,0,1,0
"2582","36","1",0,0,0,0,0,0,0,0,0,0,0,1,1,0,0,0,0,0,0
"2582","36","2",1,0,0,0,0,0,0,1,0,0,0,0,0,0,0,0,0,0,0
"2582","37","1",0,0,0,1,0,0,0,0,0,1,0,0,0,0,0,0,0,0,0
"2582","37","2",0,0,0,0,0,1,0,0,0,0,0,0,0,0,1,0,0,0,1
"2582","38","1",0,0,0,0,0,0,0,0,0,0,1,0,0,0,0,0,1,0,1
"2582","38","2",0,0,0,2,0,0,0,0,0,0,0,1,0,1,0,0,0,0,0
"2582","39","1",0,1,0,0,0,0,0,0,0,0,0,0,0,0,0,0,0,0,0
"2582","39","2",0,0,0,0,0,0,0,0,0,0,0,0,0,0,0,0,0,0,0
"2582","40","1",0,0,0,0,0,0,0,0,0,0,0,0,0,1,1,0,1,1,0
"2582","40","2",0,1,0,0,0,1,0,1,0,0,0,0,0,0,1,0,1,0,1
"2582","41","1",0,0,0,0,0,0,0,2,0,0,0,0,0,0,0,0,1,0,0
"2582","41","2",0,0,0,0,0,0,0,0,0,0,0,0,0,0,0,0,0,0,0
"2582","42","1",0,0,1,0,0,0,0,0,0,0,0,0,0,0,0,0,0,0,0
"2582","42","2",0,0,0,0,0,0,0,0,0,0,0,0,0,0,0,0,0,0,0
"2582","43","1",0,0,0,1,0,0,0,0,0,1,0,0,1,0,1,1,0,0,1
"2582","43","2",0,0,0,0,1,0,1,0,0,0,0,0,0,0,0,1,0,0,0
"2582","44","1",0,0,0,0,1,0,0,0,1,0,0,0,0,0,0,0,0,0,1
"2582","44","2",1,0,0,0,0,0,0,0,0,0,0,0,0,0,0,0,0,0,0
"2582","45","1",0,0,1,0,0,0,0,0,0,0,0,0,1,1,0,0,0,0,0
"2582","45","2",0,0,0,1,0,1,0,0,0,0,1,0,1,0,0,0,0,0,0
"2582","46","1",1,0,1,0,0,0,0,1,0,0,0,0,0,1,1,0,0,0,0
"2582","46","2",0,1,0,0,0,1,0,0,0,0,0,0,0,0,0,0,0,0,0
"2582","47","1",0,1,1,0,0,1,0,0,0,0,0,0,0,0,0,2,0,0,1
"2582","47","2",0,0,1,0,0,0,0,1,0,0,0,0,0,0,0,0,0,0,0
"2582","48","1",0,0,0,0,0,0,0,0,1,0,1,0,0,1,0,0,0,1,0
"2582","48","2",0,1,0,0,2,0,0,2,1,0,0,0,0,0,0,0,0,0,0
"2582","49","1",0,1,0,0,1,0,0,1,1,0,0,0,0,1,2,0,1,0,0
"2582","49","2",0,0,0,0,0,0,0,0,1,0,0,1,0,0,0,0,0,0,0
"2582","50","1",1,0,2,0,0,1,1,0,0,1,1,0,1,1,0,0,1,0,0
"2582","50","2",0,0,1,0,1,0,0,0,0,1,0,0,0,1,0,0,0,0,1
"2582","51","1",0,2,2,1,0,0,1,1,0,0,2,1,1,1,0,0,1,1,0
"2582","51","2",1,0,1,0,1,0,1,1,0,1,2,0,1,0,0,0,0,0,1
"2582","52","1",0,0,0,0,0,0,1,0,0,1,2,0,3,0,0,0,1,1,0
"2582","52","2",1,1,1,0,0,0,0,0,0,0,0,0,1,1,0,0,0,0,0
"2582","53","1",0,0,0,1,0,1,1,1,1,0,0,0,0,1,1,0,0,0,1
"2582","53","2",1,0,1,0,1,0,1,0,0,0,0,1,0,1,1,0,0,0,1
"2582","54","1",0,1,3,0,1,0,2,0,1,2,0,0,0,0,1,1,1,1,0
"2582","54","2",0,0,0,1,0,0,0,1,0,0,1,0,1,1,1,0,1,0,0
"2582","55","1",1,1,2,0,4,0,1,0,0,0,0,1,0,0,1,0,1,0,0
"2582","55","2",0,1,1,0,1,0,2,0,0,0,0,0,0,0,0,1,0,0,0
"2582","56","1",2,4,3,0,1,0,0,0,1,0,0,1,0,2,0,0,1,1,0
"2582","56","2",0,0,0,1,1,1,0,1,0,0,0,1,0,0,0,0,3,1,1
"2582","57","1",2,2,1,1,1,1,1,1,0,0,0,1,0,0,0,1,1,1,1
"2582","57","2",3,0,0,2,0,0,1,0,1,0,0,1,0,1,0,1,0,1,1
"2582","58","1",2,1,2,1,2,0,4,1,0,1,0,1,1,1,0,0,0,1,0
"2582","58","2",1,1,2,1,0,1,0,0,0,0,0,1,0,0,1,0,0,0,3
"2582","59","1",3,0,1,2,2,3,3,1,1,0,0,0,0,2,0,2,3,1,1
"2582","59","2",1,2,0,1,3,0,1,1,1,1,1,1,0,0,1,2,0,0,0
"2582","60","1",5,1,2,1,1,1,0,2,2,0,0,4,1,0,1,0,1,4,1
"2582","60","2",2,0,1,2,0,3,0,1,0,1,1,1,0,3,0,0,1,2,1
"2582","61","1",3,3,3,1,0,1,4,4,1,2,1,0,0,1,0,1,3,0,1
"2582","61","2",4,3,3,0,4,2,1,0,1,2,0,2,1,0,0,0,0,0,3
"2582","62","1",1,2,2,6,3,1,0,2,0,2,1,1,0,3,0,0,4,2,3
"2582","62","2",1,1,0,3,0,0,0,1,2,1,2,0,0,0,2,1,1,1,0
"2582","63","1",2,5,3,5,3,2,2,3,2,0,2,4,3,1,2,2,3,3,1
"2582","63","2",2,4,1,0,2,0,1,0,0,1,1,1,0,3,0,0,2,2,0
"2582","64","1",1,2,1,2,1,1,3,3,2,1,0,1,4,4,2,0,3,5,1
"2582","64","2",0,1,0,1,3,2,1,0,2,0,1,0,0,1,2,0,1,0,2
"2582","65","1",5,1,6,3,1,1,3,3,1,2,2,6,1,2,1,1,3,2,1
"2582","65","2",0,2,1,1,2,4,0,2,2,1,3,0,0,3,0,3,1,1,2
"2582","66","1",0,2,3,2,1,3,0,0,3,1,2,1,1,1,3,3,1,3,1
"2582","66","2",1,0,0,3,1,2,2,1,2,3,2,3,4,1,0,1,1,1,3
"2582","67","1",2,3,2,5,1,7,1,3,4,3,1,5,3,0,0,2,2,2,2
"2582","67","2",1,2,0,2,0,0,3,0,2,3,1,4,1,2,3,3,2,2,0
"2582","68","1",1,1,1,1,2,3,4,6,4,4,5,4,3,1,3,6,2,3,1
"2582","68","2",0,1,2,2,1,4,0,5,1,2,1,2,3,1,0,0,0,1,1
"2582","69","1",4,2,1,2,2,5,4,1,1,1,5,3,1,1,2,0,2,3,0
"2582","69","2",1,2,1,1,2,2,1,1,2,0,4,3,3,1,1,2,1,1,1
"2582","70","1",2,4,1,1,0,4,3,4,5,11,3,5,1,0,3,3,3,2,2
"2582","70","2",1,0,3,1,1,1,1,5,5,3,2,2,0,0,2,1,0,5,1
"2582","71","1",1,2,1,3,0,0,6,2,4,5,4,6,3,4,2,5,2,3,3
"2582","71","2",0,2,1,1,2,0,2,2,2,1,3,3,9,1,3,4,1,1,2
"2582","72","1",0,2,1,3,4,2,4,1,2,1,3,4,5,4,3,1,5,5,1
"2582","72","2",1,0,4,2,1,1,3,3,0,2,1,1,4,4,3,5,1,3,2
"2582","73","1",3,3,6,2,2,3,4,1,3,4,3,4,4,5,5,3,5,3,5
"2582","73","2",3,3,2,4,2,5,2,0,1,5,1,1,1,3,6,5,3,3,1
"2582","74","1",2,4,7,1,2,6,6,4,1,3,2,3,2,9,4,3,4,3,5
"2582","74","2",2,2,3,2,4,2,2,4,2,1,0,5,3,1,7,8,4,1,8
"2582","75","1",4,6,8,5,3,2,6,3,3,0,6,5,6,6,4,3,1,8,3
"2582","75","2",1,2,3,3,3,3,1,2,1,2,3,0,8,4,3,3,1,6,1
"2582","76","1",5,7,4,2,3,3,5,4,3,2,4,4,2,10,7,4,3,4,1
"2582","76","2",2,0,4,5,5,5,6,1,5,3,5,1,0,6,4,4,2,2,3
"2582","77","1",0,2,3,5,5,5,4,4,2,5,1,3,4,2,6,10,3,6,6
"2582","77","2",1,2,2,4,2,1,3,4,0,4,4,3,2,1,6,4,4,10,1
"2582","78","1",3,4,9,6,9,5,6,3,0,8,3,6,5,3,6,5,7,8,10
"2582","78","2",5,4,7,4,5,2,0,0,4,4,0,6,1,2,6,4,5,5,5
"2582","79","1",5,3,6,4,2,5,2,4,4,11,4,6,1,6,6,10,7,3,6
"2582","79","2",5,4,3,6,6,5,3,5,2,4,6,3,2,1,2,2,6,5,1
"2582","80","1",4,5,3,6,4,6,3,4,4,1,5,5,3,3,5,9,5,3,5
"2582","80","2",4,4,4,3,4,3,4,2,6,2,3,5,5,2,6,3,1,2,2
"2582","81","1",6,2,7,7,5,6,6,3,6,2,4,6,2,2,7,4,6,3,9
"2582","81","2",9,5,3,4,6,4,4,6,5,3,5,4,8,5,5,4,1,7,9
"2582","82","1",6,8,10,5,1,3,5,5,8,4,2,6,3,13,5,7,7,2,9
"2582","82","2",10,6,5,6,5,5,6,4,5,3,4,9,2,8,6,9,5,6,3
"2582","83","1",7,8,14,7,4,6,4,6,5,3,2,6,10,4,7,5,7,13,7
"2582","83","2",5,6,6,7,7,5,7,3,3,6,8,5,7,3,5,2,8,2,12
"2582","84","1",6,11,3,1,5,7,7,6,4,7,6,5,8,2,11,2,9,8,0
"2582","84","2",8,7,4,5,7,5,8,7,6,6,6,5,4,6,7,9,6,8,5
"2582","85","1",11,6,8,6,8,6,5,8,6,6,5,3,2,7,5,5,3,5,10
"2582","85","2",12,10,14,11,7,8,7,9,3,7,3,4,0,7,7,4,7,8,2
"2582","86","1",14,6,8,3,5,4,5,6,9,8,4,4,6,9,5,4,4,7,5
"2582","86","2",10,7,7,7,9,13,7,7,4,10,8,5,10,4,11,9,5,10,5
"2582","87","1",4,2,7,8,0,12,5,3,2,8,2,7,5,6,6,10,4,9,4
"2582","87","2",10,10,9,6,7,7,7,8,7,11,5,6,1,7,8,1,8,7,8
"2582","88","1",7,5,7,3,1,7,4,3,7,7,5,5,6,6,9,6,11,7,6
"2582","88","2",5,5,13,13,9,6,3,6,8,5,9,8,13,8,5,8,7,9,7
"2582","89","1",4,6,5,5,2,2,10,5,4,4,2,4,7,6,6,4,3,5,5
"2582","89","2",3,6,6,13,11,7,9,9,8,9,7,7,12,10,7,7,9,9,8
"2582","90","1",3,3,2,4,3,4,6,10,4,6,1,4,7,5,9,5,8,8,5
"2582","90","2",4,11,11,4,6,12,10,6,2,10,5,7,8,4,9,11,7,8,6
"2582","91","1",0,3,4,3,1,4,4,5,4,1,5,4,2,0,5,5,4,2,7
"2582","91","2",9,3,7,4,9,6,5,5,9,13,9,6,2,5,6,6,5,5,7
"2582","92","1",6,3,4,5,5,2,5,4,2,7,2,4,2,6,3,2,5,3,6
"2582","92","2",9,6,8,9,3,4,6,6,4,9,10,10,11,6,5,6,5,5,7
"2582","93","1",0,2,3,2,4,3,1,4,4,4,4,2,4,4,2,3,3,2,3
"2582","93","2",7,6,5,10,3,7,2,11,6,5,5,7,5,3,5,9,9,8,7
"2582","94","1",1,0,1,3,2,1,3,3,4,2,8,3,3,2,1,3,0,5,4
"2582","94","2",8,9,6,4,5,5,5,5,4,3,5,4,5,5,5,4,4,8,2
"2582","95","1",0,1,1,0,1,1,0,2,4,0,1,2,3,3,0,4,2,2,3
"2582","95","2",5,6,3,4,3,3,3,5,0,2,3,3,5,3,7,4,5,6,3
"2582","96","1",1,1,1,1,1,0,2,1,2,3,2,2,0,0,1,1,2,4,4
"2582","96","2",1,3,2,1,2,2,1,2,0,7,3,6,4,6,7,5,7,2,5
"2582","97","1",1,1,1,1,1,1,0,0,0,2,0,2,0,0,2,0,1,0,2
"2582","97","2",3,3,0,1,2,2,6,3,4,7,3,3,3,4,5,6,4,1,3
"2582","98","1",1,0,0,1,0,0,1,1,1,1,1,0,1,1,0,0,2,0,1
"2582","98","2",2,2,1,2,1,1,0,2,0,0,2,1,3,4,1,0,5,3,1
"2582","99","1",0,0,0,0,0,0,0,2,0,1,1,0,0,0,1,0,0,0,0
"2582","99","2",0,1,1,2,3,0,1,2,0,0,2,2,0,1,4,5,1,2,3
"2582","100+","1",1,1,1,2,0,0,1,0,0,0,0,0,0,2,0,1,1,1,0
"2582","100+","2",1,2,3,0,2,0,2,2,3,5,5,3,1,4,1,2,2,4,10
"2581","0","1",1,1,0,0,0,2,1,1,1,0,0,1,2,0,1,1,0,2,0
"2581","0","2",0,0,0,0,1,0,0,0,0,1,0,0,1,1,0,1,0,0,0
"2581","1","1",0,0,0,0,0,0,0,0,1,0,0,0,0,0,0,0,2,0,0
"2581","1","2",0,0,0,0,0,0,0,0,0,0,0,0,0,0,0,0,0,0,0
"2581","2","1",0,0,0,0,1,0,0,0,0,0,0,0,0,0,0,0,0,0,0
"2581","2","2",0,0,0,1,0,0,0,0,0,0,0,0,0,0,0,0,0,0,0
"2581","3","1",0,0,0,0,0,0,0,0,0,0,0,0,0,0,0,0,0,0,0
"2581","3","2",0,0,0,0,0,0,0,0,0,0,0,0,0,0,0,0,0,0,0
"2581","4","1",0,0,0,0,0,0,0,0,0,0,0,0,0,0,0,0,0,0,0
"2581","4","2",0,0,0,0,0,0,0,0,0,0,0,0,0,0,0,0,0,0,0
"2581","5","1",0,0,0,0,0,0,0,0,0,0,0,0,0,0,0,0,0,0,0
"2581","5","2",0,0,0,0,1,0,0,0,0,0,0,0,0,0,0,0,0,0,0
"2581","6","1",0,0,0,0,0,0,0,0,0,0,0,0,0,1,0,0,0,0,0
"2581","6","2",0,0,0,0,0,0,0,0,0,0,0,0,0,0,0,0,0,0,0
"2581","7","1",0,0,0,0,0,0,0,0,0,0,0,0,0,0,0,0,0,0,0
"2581","7","2",0,0,0,0,0,1,0,0,0,0,0,0,0,0,0,0,0,0,0
"2581","8","1",0,0,0,0,0,0,0,0,0,0,0,0,0,0,0,0,0,0,0
"2581","8","2",0,0,0,0,0,0,0,0,0,0,0,0,0,0,0,0,0,0,0
"2581","9","1",1,0,0,0,0,0,0,0,0,0,0,0,0,0,0,0,0,0,0
"2581","9","2",0,0,0,0,0,0,0,0,0,0,0,0,0,0,0,0,0,0,0
"2581","10","1",0,0,0,0,0,0,0,0,0,0,0,0,0,0,0,0,0,0,0
"2581","10","2",0,0,0,0,0,0,0,0,0,0,0,0,0,0,0,0,0,0,0
"2581","11","1",0,0,0,0,0,0,0,0,0,0,0,0,0,0,0,0,0,0,0
"2581","11","2",0,0,0,0,0,0,0,0,0,0,0,0,0,0,0,0,0,0,0
"2581","12","1",0,0,0,0,0,0,0,0,0,0,0,0,0,0,1,0,0,0,0
"2581","12","2",0,0,0,0,0,0,0,0,0,0,0,0,0,0,0,0,0,0,0
"2581","13","1",0,0,0,0,0,0,0,0,0,0,0,0,1,0,0,0,0,0,0
"2581","13","2",0,0,0,0,0,0,0,0,1,0,0,0,0,0,0,0,0,0,0
"2581","14","1",0,0,0,0,0,0,0,0,0,0,0,0,0,0,0,0,0,0,0
"2581","14","2",0,0,0,1,0,0,0,0,0,0,0,0,0,0,0,0,0,0,0
"2581","15","1",0,0,0,0,0,0,0,0,0,0,0,0,0,1,0,0,0,0,0
"2581","15","2",0,0,0,0,0,0,0,0,0,0,0,0,0,0,0,0,0,0,0
"2581","16","1",0,0,0,0,0,0,0,0,0,0,0,0,0,0,0,0,0,0,0
"2581","16","2",0,1,0,0,0,0,0,0,0,0,0,0,1,0,0,0,0,0,0
"2581","17","1",0,0,1,0,0,0,0,0,0,0,0,0,0,0,0,0,0,0,0
"2581","17","2",0,0,0,0,0,0,0,1,0,0,0,0,0,0,0,0,0,0,0
"2581","18","1",0,0,0,0,0,0,1,0,0,0,1,0,1,0,0,0,0,0,0
"2581","18","2",0,0,1,0,0,0,0,0,0,0,0,0,0,0,0,0,0,0,0
"2581","19","1",0,0,0,0,0,0,0,0,0,0,0,0,0,0,0,0,1,1,0
"2581","19","2",0,0,0,0,0,1,0,0,0,0,0,0,0,0,0,0,0,0,0
"2581","20","1",0,0,0,0,0,0,1,0,0,0,0,0,0,0,0,0,0,0,0
"2581","20","2",0,0,0,0,0,0,0,0,0,0,0,0,0,2,0,0,0,0,0
"2581","21","1",0,0,1,0,0,1,0,1,0,0,0,0,0,1,1,0,1,0,0
"2581","21","2",0,0,0,0,0,0,0,0,0,0,0,0,1,1,0,0,0,0,1
"2581","22","1",0,0,0,0,0,0,0,0,0,1,0,1,0,2,0,0,0,0,0
"2581","22","2",0,0,0,0,0,0,0,0,0,0,0,1,0,0,0,0,0,0,0
"2581","23","1",0,0,0,0,0,0,0,0,1,0,0,0,1,0,0,0,0,0,0
"2581","23","2",0,0,0,0,0,0,1,0,0,0,0,0,1,2,0,0,0,0,0
"2581","24","1",1,0,0,1,0,2,0,0,1,0,0,1,0,0,0,1,0,0,0
"2581","24","2",1,0,0,0,0,0,0,0,0,0,0,0,2,0,0,0,0,1,0
"2581","25","1",0,1,0,0,0,0,0,0,0,0,0,0,1,3,1,0,0,0,0
"2581","25","2",0,0,0,1,0,0,0,0,0,0,0,0,0,0,0,0,0,0,0
"2581","26","1",1,1,0,0,1,0,0,0,0,0,0,0,0,0,1,0,0,0,0
"2581","26","2",0,0,0,0,0,0,0,0,0,0,0,0,1,0,0,0,0,0,0
"2581","27","1",1,1,0,0,0,0,0,1,2,0,0,0,1,0,0,0,0,0,0
"2581","27","2",0,0,0,0,0,1,0,0,0,0,0,0,0,0,0,0,0,1,0
"2581","28","1",1,0,0,0,0,0,0,0,1,1,0,1,0,1,0,0,1,0,0
"2581","28","2",0,0,0,0,0,0,0,0,0,0,0,0,0,0,0,0,0,0,0
"2581","29","1",0,0,0,0,2,0,1,0,1,1,0,0,0,1,1,0,0,2,1
"2581","29","2",0,0,0,0,0,2,0,0,1,0,0,0,0,0,0,0,1,1,0
"2581","30","1",0,0,0,0,0,0,0,0,0,1,1,1,1,1,0,0,0,0,0
"2581","30","2",0,0,0,0,0,0,0,0,0,0,1,0,0,0,0,1,0,0,0
"2581","31","1",0,0,0,0,0,0,0,0,0,0,0,2,0,0,1,0,0,2,1
"2581","31","2",0,0,0,0,0,0,0,0,0,0,0,0,0,0,1,0,0,0,0
"2581","32","1",0,0,0,0,0,0,0,0,0,0,0,0,1,1,0,0,1,0,0
"2581","32","2",0,0,0,0,0,0,0,0,0,0,0,0,0,0,0,1,0,0,0
"2581","33","1",1,0,0,0,1,0,4,0,0,0,0,0,0,0,0,0,1,1,0
"2581","33","2",0,0,0,0,0,0,0,0,0,1,0,0,1,0,0,0,0,0,0
"2581","34","1",0,0,0,0,0,0,0,0,0,1,2,0,0,0,1,0,0,1,1
"2581","34","2",0,1,0,0,1,0,0,0,1,0,0,0,0,1,0,0,0,0,0
"2581","35","1",0,0,0,0,2,0,0,0,0,0,0,0,1,0,1,0,1,0,0
"2581","35","2",0,0,0,1,0,0,1,0,0,1,0,0,0,1,0,0,2,0,0
"2581","36","1",0,0,0,2,0,0,0,0,0,0,0,1,0,0,0,1,0,0,0
"2581","36","2",0,0,0,0,0,0,0,0,0,0,0,0,0,0,1,0,0,0,0
"2581","37","1",1,0,1,1,0,1,0,0,0,0,0,0,0,1,0,0,0,1,0
"2581","37","2",0,0,0,0,0,0,0,0,0,0,0,0,0,0,0,0,0,1,0
"2581","38","1",0,0,0,0,0,1,0,0,0,0,0,0,0,0,0,1,0,1,0
"2581","38","2",0,1,0,0,0,0,0,0,0,0,0,0,0,1,0,0,0,0,0
"2581","39","1",0,0,0,0,0,0,0,1,0,0,0,0,0,1,1,0,0,0,0
"2581","39","2",0,0,0,0,1,0,1,0,0,0,0,0,0,1,0,0,0,0,0
"2581","40","1",0,0,1,1,0,0,0,0,0,1,0,1,0,0,0,0,0,0,0
"2581","40","2",0,0,0,1,0,0,0,0,0,0,0,0,0,0,0,0,0,0,0
"2581","41","1",0,0,0,0,0,0,0,0,0,0,1,1,1,0,0,0,1,0,0
"2581","41","2",0,0,1,0,1,0,0,0,1,1,0,0,0,0,1,0,0,0,0
"2581","42","1",1,0,0,1,1,0,1,0,0,0,0,0,0,0,2,0,0,1,0
"2581","42","2",0,0,0,1,0,0,0,0,0,0,0,0,0,1,0,0,0,0,0
"2581","43","1",0,0,0,0,0,0,1,0,0,0,0,0,1,0,0,0,0,0,0
"2581","43","2",0,0,1,0,0,0,0,0,0,0,0,1,0,0,0,0,0,0,2
"2581","44","1",1,0,0,0,0,1,0,0,1,0,1,0,0,0,0,0,0,1,0
"2581","44","2",0,1,1,1,0,0,0,0,0,0,0,0,0,0,0,0,1,0,0
"2581","45","1",0,0,0,1,0,1,0,1,0,1,0,0,0,0,0,0,0,0,1
"2581","45","2",0,0,1,0,0,0,0,0,1,0,0,0,1,0,0,0,0,0,0
"2581","46","1",0,1,0,0,0,0,0,1,1,0,0,2,0,1,0,2,1,0,1
"2581","46","2",0,0,0,0,0,0,0,2,0,1,0,0,1,0,0,0,0,0,0
"2581","47","1",0,0,0,0,0,2,2,1,0,0,0,0,3,0,1,0,1,1,0
"2581","47","2",0,0,0,0,1,0,1,0,0,0,0,1,0,0,1,0,1,0,0
"2581","48","1",1,0,0,0,1,1,0,0,0,0,0,1,0,1,0,0,0,0,1
"2581","48","2",1,1,0,2,0,1,0,0,1,0,0,0,1,0,0,1,0,0,0
"2581","49","1",0,0,2,1,2,1,0,1,1,1,0,0,1,0,0,1,0,0,0
"2581","49","2",1,1,0,2,0,1,0,0,1,0,2,0,0,1,0,1,0,1,3
"2581","50","1",1,1,0,1,1,0,0,0,0,1,1,2,2,0,0,1,1,0,1
"2581","50","2",1,0,0,0,0,0,0,0,1,0,1,0,1,1,0,0,0,2,0
"2581","51","1",2,2,1,2,0,0,2,0,3,0,0,0,1,0,0,0,0,1,0
"2581","51","2",1,0,0,0,0,0,0,0,1,1,0,2,1,0,0,0,1,0,1
"2581","52","1",0,1,1,1,0,3,0,2,1,0,2,0,0,1,0,2,0,0,1
"2581","52","2",0,0,0,1,0,0,0,0,2,0,1,0,0,1,0,0,0,0,2
"2581","53","1",0,2,1,0,2,4,0,1,1,0,1,1,1,3,0,0,1,0,3
"2581","53","2",1,2,0,0,0,0,0,1,0,1,0,0,0,0,1,1,0,0,0
"2581","54","1",2,0,1,0,1,2,0,4,0,0,3,0,1,0,0,2,1,1,0
"2581","54","2",0,0,1,1,0,0,0,2,0,0,0,0,0,2,0,1,0,0,0
"2581","55","1",0,1,3,1,0,0,2,1,0,1,0,0,1,0,1,0,0,1,0
"2581","55","2",2,0,4,0,1,0,3,1,1,0,1,1,0,1,0,1,1,0,1
"2581","56","1",3,0,0,1,1,2,0,3,1,0,2,1,1,1,0,0,1,2,0
"2581","56","2",2,1,1,1,0,0,0,0,2,2,1,0,2,0,0,1,0,1,0
"2581","57","1",2,3,1,1,2,1,0,0,0,0,1,1,1,0,3,2,2,2,1
"2581","57","2",0,0,3,1,0,2,1,0,1,1,0,1,1,0,2,0,1,1,1
"2581","58","1",0,0,1,1,2,1,0,2,1,0,1,1,4,0,1,2,1,1,0
"2581","58","2",2,3,0,0,0,0,1,0,1,3,0,1,0,1,2,1,2,2,1
"2581","59","1",2,3,2,3,3,1,2,3,0,0,2,3,0,1,0,0,1,2,5
"2581","59","2",0,1,3,1,1,3,1,1,1,0,0,0,0,0,1,2,0,1,0
"2581","60","1",0,0,2,0,0,2,2,1,3,1,1,2,2,2,1,0,2,1,1
"2581","60","2",5,3,0,0,3,3,2,0,2,1,5,2,0,3,2,0,0,1,2
"2581","61","1",1,4,0,1,2,0,2,2,1,1,1,3,3,0,1,0,1,0,0
"2581","61","2",1,1,0,0,0,3,2,3,1,3,3,0,1,1,1,1,0,1,1
"2581","62","1",3,2,4,3,2,0,1,5,1,2,4,5,4,3,5,0,1,0,1
"2581","62","2",1,2,2,1,1,3,0,3,0,4,3,2,2,2,0,1,1,1,0
"2581","63","1",3,0,1,1,1,2,2,1,2,2,4,1,5,0,1,3,2,2,1
"2581","63","2",2,0,2,0,0,3,3,2,4,1,1,0,2,3,0,0,0,0,2
"2581","64","1",4,6,3,1,10,3,2,3,0,3,2,2,1,2,3,2,2,2,2
"2581","64","2",1,1,0,0,4,3,2,1,3,6,2,3,2,1,0,1,1,3,0
"2581","65","1",1,5,4,7,4,2,2,3,3,2,4,3,6,1,2,0,3,3,2
"2581","65","2",2,3,3,2,4,3,3,4,1,4,1,0,2,1,1,0,1,2,0
"2581","66","1",4,3,0,2,3,6,6,4,4,3,3,1,2,1,2,4,1,2,3
"2581","66","2",5,1,4,5,1,1,2,1,3,2,3,1,3,2,2,1,1,3,1
"2581","67","1",4,5,5,5,2,6,5,4,8,1,6,3,4,2,3,2,4,2,4
"2581","67","2",2,1,0,2,2,0,2,1,3,2,3,3,4,5,4,0,4,0,2
"2581","68","1",5,4,0,0,5,2,3,8,6,4,2,1,3,1,7,4,5,0,2
"2581","68","2",1,1,1,2,2,3,5,3,2,6,2,5,1,2,3,4,2,2,3
"2581","69","1",1,4,4,3,2,6,2,6,4,2,5,5,3,4,4,1,2,1,6
"2581","69","2",2,2,3,0,4,4,1,2,1,3,4,3,1,3,0,1,2,4,1
"2581","70","1",3,2,5,4,7,0,5,2,7,5,5,6,7,4,5,3,4,5,2
"2581","70","2",1,3,3,4,2,0,1,2,1,0,5,4,1,4,7,2,1,1,4
"2581","71","1",6,5,6,2,4,5,6,4,4,4,9,9,3,4,7,7,3,7,6
"2581","71","2",4,4,1,1,0,0,3,6,4,4,2,2,4,5,2,6,0,3,3
"2581","72","1",2,2,6,2,6,4,5,4,4,2,4,4,5,6,9,11,5,4,6
"2581","72","2",7,2,4,5,2,4,3,3,3,5,4,3,4,4,5,2,4,0,0
"2581","73","1",5,3,6,3,2,2,7,4,3,7,5,6,8,3,5,5,6,5,4
"2581","73","2",3,5,5,10,5,4,4,2,2,2,1,5,3,7,4,5,4,3,5
"2581","74","1",3,4,6,3,6,4,4,5,3,7,4,3,4,6,5,6,2,4,7
"2581","74","2",5,3,3,4,1,5,3,7,6,4,4,8,7,5,1,6,3,0,1
"2581","75","1",3,4,5,4,7,5,3,8,2,5,4,5,7,8,10,7,13,5,5
"2581","75","2",3,3,3,3,0,2,4,2,10,4,4,2,4,3,5,7,5,7,3
"2581","76","1",5,5,7,6,4,7,7,4,2,6,10,9,5,12,6,7,11,13,2
"2581","76","2",8,6,2,3,3,8,10,3,3,6,2,10,1,6,7,6,5,8,6
"2581","77","1",5,7,7,3,4,9,6,7,5,9,10,9,9,12,9,12,5,10,9
"2581","77","2",4,7,0,6,5,1,0,2,3,6,5,9,5,5,7,9,6,10,7
"2581","78","1",7,11,4,4,6,6,8,10,3,5,6,6,6,9,3,9,6,9,5
"2581","78","2",0,3,8,7,4,2,4,6,4,7,5,11,6,6,4,6,7,6,5
"2581","79","1",9,6,9,10,4,9,4,8,9,7,9,8,5,6,7,12,0,5,9
"2581","79","2",8,6,6,6,6,7,5,6,6,4,5,10,4,6,7,6,12,11,7
"2581","80","1",9,7,10,15,6,9,4,6,8,6,11,6,11,7,10,7,8,10,11
"2581","80","2",7,5,4,6,4,9,7,5,6,9,7,3,17,9,6,7,5,9,10
"2581","81","1",5,7,9,6,10,5,8,3,10,8,8,13,7,1,7,6,10,11,12
"2581","81","2",5,11,9,5,4,5,5,12,4,11,4,8,9,10,6,6,4,7,12
"2581","82","1",2,15,13,4,9,9,5,11,10,11,9,5,11,5,8,9,11,10,8
"2581","82","2",7,15,9,6,11,7,9,3,6,7,7,4,10,8,8,9,7,9,2
"2581","83","1",3,13,10,6,10,6,9,11,6,6,13,8,9,6,11,6,10,8,6
"2581","83","2",7,7,7,9,10,16,12,8,10,11,11,6,9,10,15,13,6,7,9
"2581","84","1",15,7,5,7,12,10,7,7,16,9,16,9,9,9,11,5,9,9,6
"2581","84","2",11,4,5,14,10,8,8,7,13,11,12,12,12,14,5,9,4,9,10
"2581","85","1",1,5,10,9,11,9,10,14,13,7,11,10,11,7,8,12,7,4,7
"2581","85","2",11,7,9,14,6,5,14,6,7,8,10,8,6,7,12,13,5,3,7
"2581","86","1",8,8,8,5,6,7,5,10,9,6,10,8,8,8,12,7,6,11,11
"2581","86","2",11,14,11,10,14,16,8,10,11,7,10,8,12,13,17,10,11,8,7
"2581","87","1",6,8,9,11,11,8,6,4,12,9,12,8,13,12,8,10,11,5,10
"2581","87","2",8,11,8,13,13,9,10,12,8,10,9,7,9,8,9,8,14,13,13
"2581","88","1",7,5,11,6,7,8,10,3,5,9,6,12,8,3,12,12,10,13,8
"2581","88","2",9,6,11,9,11,20,17,13,11,14,10,11,6,16,13,14,13,12,8
"2581","89","1",12,2,5,8,7,7,9,8,14,2,8,8,11,5,8,8,5,6,8
"2581","89","2",11,6,10,12,13,11,11,14,10,10,12,15,10,14,12,12,12,7,15
"2581","90","1",3,6,8,5,4,6,4,6,9,5,3,3,12,5,7,8,4,6,7
"2581","90","2",10,5,10,6,11,15,9,8,8,16,10,10,12,11,12,13,12,11,8
"2581","91","1",3,7,3,5,2,4,4,8,2,6,3,9,2,10,6,6,9,12,7
"2581","91","2",3,9,12,7,10,10,16,10,5,10,9,7,10,7,12,9,5,10,7
"2581","92","1",5,4,6,5,7,6,2,2,5,7,4,4,1,4,5,4,4,11,4
"2581","92","2",12,11,8,6,10,8,9,12,9,9,5,2,7,16,5,8,10,11,8
"2581","93","1",1,4,1,0,1,2,2,2,4,5,2,7,4,6,4,7,1,2,1
"2581","93","2",10,5,7,5,6,3,5,7,9,12,5,12,11,10,10,7,5,9,8
"2581","94","1",2,4,7,4,1,3,1,1,2,4,2,2,2,5,5,2,3,4,8
"2581","94","2",3,11,5,8,8,4,1,7,6,5,6,4,5,2,5,5,9,3,11
"2581","95","1",2,3,0,1,0,2,2,3,0,3,2,2,3,3,3,2,3,4,5
"2581","95","2",5,6,4,4,4,6,5,3,1,3,6,3,3,6,8,5,6,3,7
"2581","96","1",1,2,3,1,1,0,2,0,1,1,3,2,0,2,0,2,1,4,2
"2581","96","2",4,4,5,0,1,6,6,4,4,3,3,8,1,10,4,3,6,4,9
"2581","97","1",2,0,0,0,0,1,1,1,1,0,0,0,2,0,1,3,3,1,2
"2581","97","2",3,2,0,0,0,2,3,1,5,2,1,0,1,2,6,2,6,5,2
"2581","98","1",1,0,0,0,0,1,0,0,0,1,1,1,0,1,1,1,1,3,0
"2581","98","2",2,4,1,3,2,4,1,0,4,2,4,1,3,1,1,3,3,1,6
"2581","99","1",1,0,1,0,0,1,0,0,0,1,0,0,2,1,0,1,2,1,0
"2581","99","2",2,0,1,0,0,0,0,1,1,0,1,5,3,3,0,3,2,1,2
"2581","100+","1",0,0,0,1,0,2,2,2,0,0,0,0,0,0,1,1,0,1,1
"2581","100+","2",2,1,2,1,0,4,2,3,1,5,1,2,4,1,2,2,3,3,2
"2560","0","1",0,0,0,0,0,0,0,0,0,0,0,0,0,0,0,0,0,0,0
"2560","0","2",0,0,0,0,0,0,0,0,0,0,0,0,0,0,0,0,0,0,0
"2560","1","1",0,0,0,0,0,0,0,0,0,0,0,0,0,0,0,0,0,0,0
"2560","1","2",0,0,0,0,0,0,1,0,0,1,0,0,0,0,0,0,0,0,0
"2560","2","1",0,0,0,0,0,0,0,0,0,0,0,0,0,0,0,0,0,0,0
"2560","2","2",0,0,0,0,0,0,0,0,0,0,0,0,0,0,0,0,0,0,0
"2560","3","1",0,0,0,0,0,0,0,0,1,0,0,0,0,0,0,0,0,0,0
"2560","3","2",0,0,0,0,0,0,0,0,0,0,0,0,0,0,0,0,0,0,0
"2560","4","1",1,0,0,0,0,0,0,0,0,0,0,0,0,0,0,0,0,0,0
"2560","4","2",0,0,0,0,0,0,0,0,0,0,0,0,0,0,0,0,0,0,0
"2560","5","1",0,0,0,0,0,0,0,0,0,0,0,0,0,0,0,0,0,0,0
"2560","5","2",0,0,0,0,0,0,0,0,0,0,0,0,0,0,0,0,0,0,0
"2560","6","1",0,0,0,0,0,0,0,0,0,0,0,0,0,0,0,0,0,0,0
"2560","6","2",0,0,0,0,0,0,0,0,0,0,0,0,0,0,0,0,0,0,0
"2560","7","1",0,0,0,0,0,0,0,0,0,0,0,0,0,0,0,0,0,0,0
"2560","7","2",0,0,0,0,0,0,0,0,0,0,0,0,0,0,0,0,0,0,0
"2560","8","1",0,0,0,0,0,0,0,0,0,0,0,0,0,0,0,0,0,0,0
"2560","8","2",0,0,0,0,0,0,0,0,0,0,0,0,0,0,0,0,0,0,0
"2560","9","1",0,0,0,0,0,0,0,0,0,0,0,0,0,0,0,0,0,0,0
"2560","9","2",0,0,0,0,0,0,0,0,0,0,0,0,0,0,0,0,0,0,0
"2560","10","1",0,0,0,0,0,0,0,0,0,0,0,0,0,0,0,0,0,0,0
"2560","10","2",0,0,0,0,0,0,0,0,0,0,0,0,0,0,0,0,0,0,0
"2560","11","1",0,0,0,0,0,0,0,0,0,0,0,0,0,0,0,0,0,0,0
"2560","11","2",0,0,0,0,0,0,0,0,0,0,0,0,0,0,0,0,0,0,0
"2560","12","1",0,0,0,0,0,0,0,0,0,0,0,0,0,0,0,0,0,0,1
"2560","12","2",0,0,0,0,0,0,0,0,0,0,0,0,0,0,0,0,0,0,0
"2560","13","1",1,0,0,0,0,0,0,0,0,0,0,0,0,0,0,0,0,0,0
"2560","13","2",0,0,0,0,0,0,0,0,0,0,0,0,0,0,0,0,0,0,0
"2560","14","1",0,0,0,0,0,0,0,0,0,0,0,0,0,0,0,0,0,0,0
"2560","14","2",0,0,0,0,0,0,0,0,0,0,0,0,0,0,0,0,0,0,0
"2560","15","1",0,1,0,0,0,0,0,0,0,0,0,0,0,0,0,0,0,0,0
"2560","15","2",0,0,0,0,0,0,0,0,0,0,0,0,0,0,0,0,0,0,0
"2560","16","1",0,0,0,0,0,0,0,0,0,0,0,0,0,0,0,0,0,0,0
"2560","16","2",0,0,0,0,0,0,0,0,0,0,0,0,0,0,0,0,0,0,0
"2560","17","1",0,2,0,0,0,0,0,0,0,1,0,0,0,0,0,0,0,0,0
"2560","17","2",0,0,0,0,0,0,0,0,0,0,0,0,0,0,0,0,0,0,0
"2560","18","1",0,0,0,0,0,0,0,0,0,0,0,0,0,0,0,0,0,0,0
"2560","18","2",0,0,0,0,0,0,0,0,0,0,0,0,0,0,0,0,0,0,0
"2560","19","1",1,0,0,0,0,0,0,0,0,1,0,0,0,0,0,0,0,0,0
"2560","19","2",0,0,0,0,0,0,0,0,0,0,0,0,0,0,0,0,1,0,0
"2560","20","1",0,0,0,0,0,0,0,0,0,0,0,0,0,0,0,0,0,0,0
"2560","20","2",0,0,0,0,0,0,0,0,0,0,0,0,0,0,0,0,0,0,0
"2560","21","1",0,0,0,0,0,0,0,0,0,0,0,0,0,0,0,0,0,0,0
"2560","21","2",0,0,0,0,0,0,0,0,0,0,0,0,0,0,0,0,0,0,0
"2560","22","1",0,0,2,0,0,0,0,0,0,0,0,0,0,0,0,0,0,0,0
"2560","22","2",0,0,0,0,0,0,0,0,0,0,0,0,0,0,0,0,0,0,0
"2560","23","1",0,0,0,0,0,0,0,0,0,0,0,0,1,0,0,0,0,0,0
"2560","23","2",0,0,0,0,0,0,0,0,1,0,0,0,0,0,0,0,0,0,0
"2560","24","1",0,0,0,0,0,0,0,0,0,0,0,0,0,0,0,0,0,0,0
"2560","24","2",0,0,0,0,0,0,0,0,0,0,0,0,0,0,0,0,0,0,0
"2560","25","1",0,0,0,0,0,0,0,0,0,0,0,1,0,0,0,0,0,0,0
"2560","25","2",0,0,0,0,0,0,0,0,0,0,0,0,0,0,0,0,0,0,0
"2560","26","1",0,0,0,0,0,0,0,0,0,0,0,0,0,0,0,0,0,1,1
"2560","26","2",0,0,0,0,0,0,0,0,0,0,0,0,0,0,0,0,0,0,0
"2560","27","1",0,0,0,0,0,0,0,0,0,0,0,0,0,0,0,0,0,0,0
"2560","27","2",0,0,0,0,0,0,0,0,0,0,0,0,0,0,0,0,0,0,0
"2560","28","1",0,0,0,0,0,0,0,0,0,0,0,0,0,0,0,0,0,1,0
"2560","28","2",0,0,0,0,0,0,0,0,0,0,0,0,0,0,0,0,0,0,0
"2560","29","1",0,0,0,0,0,0,0,0,0,0,0,0,0,0,0,0,0,0,1
"2560","29","2",0,0,0,0,0,0,0,0,0,0,0,0,0,0,0,0,0,0,0
"2560","30","1",0,0,0,0,0,0,0,0,0,0,0,0,0,0,0,0,0,0,0
"2560","30","2",0,0,0,0,0,0,0,0,0,0,0,0,0,0,0,0,0,0,0
"2560","31","1",0,0,0,0,0,0,0,0,0,0,0,0,0,0,1,0,0,0,0
"2560","31","2",0,0,0,0,0,0,1,0,0,0,0,0,0,0,0,0,0,0,0
"2560","32","1",0,0,0,0,1,0,0,0,0,0,0,0,0,0,0,0,0,0,0
"2560","32","2",0,0,0,0,0,0,0,0,0,0,0,0,0,0,0,0,0,0,0
"2560","33","1",0,0,0,0,0,0,0,0,0,0,0,0,0,0,0,0,0,0,0
"2560","33","2",0,0,0,0,0,0,0,0,0,0,0,0,0,0,1,0,0,0,0
"2560","34","1",0,0,0,0,0,0,0,0,0,0,0,0,0,0,0,0,0,0,0
"2560","34","2",0,1,0,0,0,0,0,0,0,0,0,0,0,0,0,0,0,0,0
"2560","35","1",0,0,0,0,0,0,0,0,0,0,0,0,0,0,0,0,0,0,0
"2560","35","2",0,0,0,0,0,0,0,0,0,0,0,0,0,0,0,0,0,0,0
"2560","36","1",0,0,0,0,0,0,0,0,0,0,0,0,0,0,0,0,0,0,0
"2560","36","2",0,0,0,0,0,0,0,0,0,0,1,0,0,0,0,0,0,0,0
"2560","37","1",0,1,0,0,0,0,0,0,0,0,0,0,0,0,0,0,1,0,0
"2560","37","2",0,0,1,0,0,0,0,0,0,0,0,0,0,0,0,0,0,0,0
"2560","38","1",0,0,0,0,0,0,0,0,0,0,0,0,0,1,0,0,0,0,0
"2560","38","2",0,0,0,0,0,0,0,0,0,0,0,0,0,0,0,0,0,0,0
"2560","39","1",0,0,0,0,0,0,0,0,0,0,0,0,0,0,0,0,0,0,0
"2560","39","2",0,0,0,0,0,0,0,0,0,0,0,0,0,0,0,0,0,0,0
"2560","40","1",0,0,0,0,0,0,0,0,0,0,0,0,0,0,0,0,0,0,0
"2560","40","2",0,0,0,0,0,0,0,0,0,0,0,0,0,0,0,0,0,0,0
"2560","41","1",0,0,0,0,0,0,0,0,0,0,0,0,0,0,0,0,0,0,0
"2560","41","2",0,0,0,0,0,0,0,0,0,0,0,0,0,0,0,0,0,0,0
"2560","42","1",0,0,0,1,1,0,1,0,0,0,0,0,0,0,0,0,1,0,0
"2560","42","2",0,0,0,0,0,0,0,0,0,0,0,0,0,0,0,0,0,0,0
"2560","43","1",0,0,1,0,0,1,0,0,1,0,0,0,0,0,0,0,0,0,0
"2560","43","2",0,1,0,0,0,0,0,0,0,1,0,0,0,0,0,0,0,0,0
"2560","44","1",0,0,0,0,1,0,0,0,0,0,0,0,0,0,0,0,0,0,0
"2560","44","2",0,1,0,0,0,0,0,0,0,0,0,0,0,0,0,0,0,0,0
"2560","45","1",0,1,1,0,0,0,0,0,0,0,0,0,0,0,0,0,0,0,0
"2560","45","2",0,0,0,0,0,1,0,0,0,0,0,0,0,0,0,0,0,0,0
"2560","46","1",0,0,0,0,0,0,0,0,0,0,0,0,0,0,0,0,0,0,0
"2560","46","2",0,0,0,0,0,0,0,0,0,0,0,0,0,0,0,0,0,0,0
"2560","47","1",0,1,0,0,0,0,0,0,0,0,1,0,0,0,0,0,0,0,0
"2560","47","2",0,0,0,0,0,0,0,0,0,0,0,0,0,0,0,0,0,0,0
"2560","48","1",0,0,0,0,0,0,0,0,0,1,0,0,0,1,0,0,0,0,0
"2560","48","2",0,0,0,1,0,0,0,0,0,0,0,0,0,0,0,0,0,0,0
"2560","49","1",0,0,0,0,1,0,0,0,0,0,1,0,1,0,0,0,0,0,0
"2560","49","2",0,0,0,0,0,0,0,0,0,0,0,0,0,0,0,0,0,0,0
"2560","50","1",0,0,0,0,0,0,0,1,0,0,0,0,0,0,0,0,0,0,0
"2560","50","2",0,0,0,0,0,0,0,0,0,1,0,0,0,0,0,0,0,0,0
"2560","51","1",0,0,0,0,0,0,0,1,1,0,0,0,0,0,0,1,0,0,0
"2560","51","2",1,1,0,0,0,0,0,0,0,1,0,0,0,0,0,0,0,0,0
"2560","52","1",0,0,1,0,0,0,0,0,0,0,0,0,0,1,0,0,1,0,1
"2560","52","2",0,0,0,0,0,0,0,0,0,0,0,0,0,0,0,0,0,0,0
"2560","53","1",1,0,1,1,0,0,1,0,1,0,1,1,2,0,0,0,0,0,0
"2560","53","2",0,0,1,1,0,0,0,0,0,0,0,0,0,0,0,0,0,0,0
"2560","54","1",0,0,0,0,0,0,0,0,0,0,0,0,0,0,1,0,0,0,0
"2560","54","2",0,0,0,0,0,0,0,0,1,0,0,0,1,0,0,0,0,0,0
"2560","55","1",0,0,0,0,0,0,0,0,0,0,0,0,0,0,1,0,0,0,0
"2560","55","2",0,0,0,0,0,0,1,0,0,0,0,0,1,0,0,0,0,0,0
"2560","56","1",0,1,0,0,0,0,0,0,1,1,0,0,0,0,0,0,1,0,0
"2560","56","2",0,0,0,1,0,0,0,0,0,0,2,1,1,1,0,0,0,0,0
"2560","57","1",0,0,0,0,0,0,0,2,0,1,0,1,0,1,0,0,0,1,0
"2560","57","2",0,0,0,0,1,1,0,0,0,0,1,0,0,1,0,0,0,1,0
"2560","58","1",0,2,0,0,0,0,1,0,0,0,0,0,0,1,0,0,1,0,0
"2560","58","2",0,0,1,0,0,0,0,0,0,0,0,0,0,0,0,0,0,0,0
"2560","59","1",1,0,1,0,0,2,0,0,2,1,1,0,0,0,1,0,0,0,0
"2560","59","2",0,0,1,0,0,0,0,0,0,0,0,0,0,0,1,1,1,0,0
"2560","60","1",1,0,0,1,0,0,0,0,0,1,0,0,0,0,0,0,1,0,0
"2560","60","2",0,0,2,0,0,0,2,0,0,0,2,0,0,1,0,0,0,0,0
"2560","61","1",2,0,0,0,0,0,0,1,2,0,0,1,1,1,0,1,0,0,0
"2560","61","2",0,1,0,1,0,0,0,0,0,0,0,0,0,0,0,0,0,1,0
"2560","62","1",0,0,0,0,0,0,0,1,0,0,1,0,0,0,0,0,1,0,0
"2560","62","2",1,0,0,1,0,0,0,1,0,0,0,0,0,0,0,0,0,1,0
"2560","63","1",0,0,1,1,2,1,2,1,0,0,1,3,0,0,1,0,1,0,1
"2560","63","2",0,0,0,1,0,2,0,0,2,0,1,0,2,0,0,0,2,0,0
"2560","64","1",0,0,0,1,0,2,1,2,0,0,1,2,1,0,1,1,0,1,2
"2560","64","2",0,1,0,0,1,0,1,0,1,0,0,1,0,0,1,0,0,0,0
"2560","65","1",0,0,1,0,2,2,1,0,1,0,1,1,1,0,0,1,0,1,0
"2560","65","2",0,1,2,0,2,1,1,0,1,0,0,0,0,0,0,0,0,1,0
"2560","66","1",1,3,0,1,0,3,2,4,1,0,0,0,2,0,0,1,0,0,0
"2560","66","2",0,0,0,0,0,0,1,0,0,0,1,0,2,0,0,0,1,0,0
"2560","67","1",0,0,0,2,0,0,0,1,2,0,1,1,0,1,0,0,0,1,4
"2560","67","2",0,0,1,1,0,0,2,0,1,0,2,2,1,1,0,1,0,1,0
"2560","68","1",2,1,1,0,2,3,0,0,2,0,1,3,0,0,1,2,0,1,1
"2560","68","2",1,0,1,0,0,0,0,0,0,3,0,1,1,1,0,1,0,2,1
"2560","69","1",3,0,0,1,0,0,2,1,0,2,1,1,1,0,1,1,0,2,1
"2560","69","2",0,0,0,0,1,0,3,1,0,0,1,0,0,0,1,1,0,1,0
"2560","70","1",1,2,1,0,0,0,0,3,1,0,2,1,1,1,0,1,1,0,0
"2560","70","2",1,0,0,1,0,1,1,0,0,0,0,1,0,0,0,1,1,1,1
"2560","71","1",2,2,3,1,0,1,0,0,0,1,1,1,0,2,1,1,0,0,0
"2560","71","2",1,1,0,1,1,1,0,0,0,0,0,0,1,1,0,0,2,0,1
"2560","72","1",2,1,1,1,2,0,0,1,1,1,2,1,1,1,2,0,1,3,1
"2560","72","2",2,1,2,0,0,1,1,1,1,0,2,0,0,2,0,1,1,0,1
"2560","73","1",1,0,2,1,0,2,1,0,0,2,2,0,1,1,1,1,3,0,1
"2560","73","2",1,0,1,2,1,1,0,0,2,0,1,1,2,1,2,1,0,1,1
"2560","74","1",1,0,0,0,1,2,1,0,0,1,1,2,3,0,1,2,1,2,0
"2560","74","2",0,0,1,0,0,0,0,2,1,0,0,3,0,1,1,0,1,0,0
"2560","75","1",2,1,2,0,1,1,0,3,2,0,1,0,1,1,2,1,4,1,2
"2560","75","2",4,1,0,0,1,2,1,0,1,1,0,0,1,2,0,0,1,1,1
"2560","76","1",1,2,0,1,1,0,1,3,2,0,0,0,1,1,0,1,2,3,3
"2560","76","2",0,1,0,2,2,0,0,1,1,1,0,0,0,2,1,1,0,0,0
"2560","77","1",3,0,1,2,1,1,2,1,2,0,2,1,0,1,3,3,2,0,3
"2560","77","2",4,2,0,0,0,1,1,3,2,3,1,1,1,1,2,0,0,4,0
"2560","78","1",1,2,4,2,0,3,2,3,2,2,0,3,1,1,2,4,4,3,1
"2560","78","2",1,2,0,3,4,1,1,0,0,3,0,1,2,3,3,1,2,2,1
"2560","79","1",4,2,1,2,4,5,3,2,1,2,4,4,1,2,2,2,0,0,1
"2560","79","2",1,2,0,0,1,3,2,0,1,0,1,1,4,0,0,3,1,1,1
"2560","80","1",2,1,0,3,1,3,2,1,2,1,1,1,2,1,2,1,3,1,3
"2560","80","2",1,3,1,0,0,2,1,2,2,2,1,2,0,0,1,2,0,4,0
"2560","81","1",4,0,1,6,3,2,1,3,3,2,1,1,4,2,2,0,2,1,5
"2560","81","2",2,1,1,3,2,1,1,2,1,3,3,2,3,2,4,2,1,1,3
"2560","82","1",4,2,3,2,3,3,3,1,4,5,1,4,2,3,2,2,2,0,2
"2560","82","2",4,1,1,0,1,2,3,1,1,4,3,0,5,0,0,2,4,2,2
"2560","83","1",3,2,4,1,3,2,5,2,0,1,0,2,0,2,1,3,1,2,4
"2560","83","2",2,0,6,1,0,2,1,3,2,2,2,1,1,4,1,1,2,2,1
"2560","84","1",0,5,6,0,3,1,5,3,1,1,2,1,6,4,1,2,1,2,1
"2560","84","2",2,2,0,2,3,1,4,2,4,3,0,1,1,3,1,5,1,2,0
"2560","85","1",3,1,3,3,1,2,4,3,2,3,3,2,0,3,1,5,4,0,1
"2560","85","2",2,3,6,0,3,1,1,4,2,1,3,2,0,3,3,1,4,2,3
"2560","86","1",4,2,2,2,1,1,7,2,0,1,4,3,2,2,2,2,2,2,1
"2560","86","2",2,1,2,2,2,2,4,3,1,4,4,1,6,1,3,4,2,1,3
"2560","87","1",5,1,2,3,0,2,7,2,1,1,3,1,2,2,0,0,2,0,0
"2560","87","2",1,1,5,1,4,5,1,3,2,2,4,2,3,4,2,2,2,1,1
"2560","88","1",1,2,0,1,4,0,0,1,0,2,2,3,4,2,1,1,0,2,1
"2560","88","2",1,2,1,1,2,4,1,1,2,4,2,2,3,3,2,1,6,1,4
"2560","89","1",2,0,2,2,2,7,0,1,3,2,3,5,3,3,3,4,2,1,6
"2560","89","2",1,4,1,0,3,4,1,2,4,4,4,3,4,2,1,3,3,0,1
"2560","90","1",2,1,1,1,1,1,3,0,3,3,0,0,6,1,2,2,4,3,4
"2560","90","2",1,4,5,1,2,2,3,1,0,2,1,1,4,2,3,3,2,1,5
"2560","91","1",0,1,0,1,1,1,2,1,1,1,0,1,1,3,3,0,4,2,2
"2560","91","2",4,2,2,3,3,3,2,0,1,5,3,2,1,3,3,2,0,1,2
"2560","92","1",1,1,1,0,1,2,0,0,1,0,0,4,1,0,1,0,2,4,2
"2560","92","2",2,1,2,1,2,1,1,5,1,3,4,3,1,3,2,1,2,5,2
"2560","93","1",2,2,1,1,0,1,1,1,0,1,0,2,2,3,0,3,1,0,1
"2560","93","2",4,2,2,2,1,1,3,1,4,1,1,3,3,3,3,2,3,5,3
"2560","94","1",1,2,1,0,0,1,1,0,0,1,0,0,1,0,1,2,2,0,1
"2560","94","2",1,3,4,1,1,1,0,1,0,1,6,1,2,3,2,3,4,2,1
"2560","95","1",1,0,0,1,0,2,0,0,0,0,0,2,1,1,4,0,3,1,0
"2560","95","2",2,3,1,1,3,0,1,4,1,2,1,1,0,2,1,2,3,1,3
"2560","96","1",1,0,1,1,0,0,2,0,0,1,1,2,0,1,0,1,0,1,0
"2560","96","2",1,2,1,1,3,2,1,0,0,1,3,1,2,0,1,1,2,1,0
"2560","97","1",1,0,0,0,0,1,0,2,0,0,0,1,0,0,1,0,1,0,0
"2560","97","2",2,0,0,1,1,2,1,1,1,1,0,0,1,1,1,1,0,1,1
"2560","98","1",0,0,0,0,0,0,0,1,0,0,1,0,0,1,0,0,1,0,1
"2560","98","2",1,0,2,0,1,0,1,0,0,0,0,1,0,1,0,0,0,1,0
"2560","99","1",0,0,0,0,0,0,1,0,0,0,0,0,0,0,0,0,0,0,0
"2560","99","2",1,1,0,1,1,0,2,1,0,0,0,0,0,0,0,0,0,0,1
"2560","100+","1",0,0,0,0,1,1,0,0,0,3,0,1,0,0,0,0,0,1,0
"2560","100+","2",1,0,0,1,1,1,1,2,0,2,0,1,0,2,0,1,2,1,2
"2514","0","1",0,0,0,0,1,0,2,0,0,1,1,0,0,0,0,0,0,1,0
"2514","0","2",0,0,1,1,0,0,0,0,0,0,0,0,0,1,0,0,0,0,1
"2514","1","1",0,0,0,0,0,0,0,1,0,0,0,0,0,0,0,0,0,0,0
"2514","1","2",0,0,0,0,0,0,0,0,0,0,0,1,0,0,0,0,0,0,0
"2514","2","1",0,0,0,0,0,0,0,0,0,0,0,0,0,0,0,0,0,0,0
"2514","2","2",0,0,0,0,0,0,0,0,0,0,0,0,0,0,0,0,0,0,0
"2514","3","1",0,0,0,0,0,0,0,0,0,0,0,0,0,0,0,0,0,0,0
"2514","3","2",0,0,0,1,0,0,0,0,0,0,0,0,0,0,0,0,0,0,0
"2514","4","1",0,0,0,0,0,0,0,0,0,0,0,0,0,0,0,0,0,0,0
"2514","4","2",0,0,0,0,0,0,0,0,0,0,0,0,0,0,0,0,0,0,0
"2514","5","1",0,0,0,0,0,0,0,0,0,0,0,0,0,0,0,0,0,0,0
"2514","5","2",0,0,0,0,0,0,0,0,0,0,0,0,0,0,0,0,0,0,0
"2514","6","1",0,0,0,0,0,0,0,0,0,0,0,0,0,0,0,0,0,0,0
"2514","6","2",0,0,0,0,0,0,0,0,0,0,0,0,0,0,0,0,0,0,0
"2514","7","1",0,0,0,0,0,0,0,0,0,0,0,0,0,0,0,0,0,0,0
"2514","7","2",0,0,0,0,0,0,0,0,0,0,0,0,0,0,0,0,0,0,0
"2514","8","1",0,0,0,0,0,0,0,0,0,0,0,0,0,0,0,0,0,0,0
"2514","8","2",0,0,0,0,1,0,0,0,0,0,0,0,0,0,0,0,0,0,0
"2514","9","1",0,0,0,0,0,0,0,0,0,0,0,0,0,0,0,0,0,0,0
"2514","9","2",0,0,0,0,0,0,0,0,0,0,0,0,0,0,0,0,0,0,0
"2514","10","1",0,0,0,0,0,0,0,0,0,0,0,0,0,0,0,0,0,0,0
"2514","10","2",0,0,0,0,0,0,0,0,0,0,0,0,0,0,0,0,0,0,0
"2514","11","1",0,0,0,0,0,0,0,0,0,0,0,0,0,0,0,0,0,0,0
"2514","11","2",0,0,0,0,0,0,0,0,0,0,0,0,0,0,0,0,0,0,0
"2514","12","1",0,0,0,0,0,0,0,0,0,0,0,0,0,0,0,0,0,0,0
"2514","12","2",0,0,0,0,0,0,0,0,0,1,0,0,0,0,0,0,0,0,0
"2514","13","1",1,0,0,0,0,0,0,0,0,0,0,0,0,0,0,0,0,0,0
"2514","13","2",0,0,0,0,0,0,0,0,0,0,0,0,0,0,0,0,0,0,0
"2514","14","1",0,0,0,0,0,0,0,0,0,0,0,0,0,0,0,0,0,0,0
"2514","14","2",0,0,0,0,0,0,0,0,0,0,0,0,0,0,0,0,0,0,0
"2514","15","1",0,0,0,1,0,0,0,0,0,0,0,0,0,0,0,0,0,0,0
"2514","15","2",0,0,0,0,0,0,0,0,0,0,0,0,0,0,0,0,0,0,0
"2514","16","1",0,0,0,0,0,0,0,0,0,0,0,0,0,0,0,0,0,1,0
"2514","16","2",0,0,0,0,0,0,0,0,0,0,0,0,0,0,0,0,0,0,0
"2514","17","1",0,0,0,0,0,1,0,0,0,0,0,0,0,0,0,0,0,0,0
"2514","17","2",0,0,0,0,0,0,0,0,0,0,0,0,0,0,0,0,0,0,0
"2514","18","1",0,0,0,0,0,0,0,0,0,0,0,0,0,0,0,0,0,0,0
"2514","18","2",0,0,0,0,0,2,0,0,0,0,0,0,0,0,0,0,0,0,0
"2514","19","1",0,0,0,0,1,0,0,0,0,1,0,0,0,0,0,0,0,0,0
"2514","19","2",0,0,0,1,0,0,0,0,0,0,0,0,0,0,0,0,0,0,0
"2514","20","1",0,0,0,0,0,0,1,1,0,0,0,0,0,0,0,0,0,0,0
"2514","20","2",0,0,0,0,0,0,0,0,0,0,0,0,0,0,0,0,0,0,0
"2514","21","1",1,0,0,0,0,1,0,0,1,1,0,0,0,0,0,0,0,0,0
"2514","21","2",0,0,0,0,0,0,0,0,0,0,0,0,0,0,0,1,0,0,0
"2514","22","1",0,0,0,0,0,0,0,0,0,0,1,0,0,1,0,0,0,0,0
"2514","22","2",1,0,0,0,0,0,0,0,0,0,1,0,0,0,0,0,0,0,0
"2514","23","1",0,1,0,0,0,0,0,0,0,0,0,0,0,0,0,0,0,0,1
"2514","23","2",0,0,0,0,0,0,0,0,0,0,0,0,0,0,0,0,0,0,0
"2514","24","1",0,0,0,0,0,0,0,0,1,0,0,1,0,0,0,0,0,0,0
"2514","24","2",0,0,0,0,0,0,0,0,0,0,0,0,0,0,0,0,0,0,0
"2514","25","1",0,0,0,0,0,0,0,0,1,0,0,0,0,0,0,0,0,0,0
"2514","25","2",0,0,0,0,0,0,0,0,0,0,0,0,0,1,0,0,0,1,0
"2514","26","1",0,0,1,0,0,0,0,0,0,0,0,0,0,0,0,0,0,1,0
"2514","26","2",0,0,0,0,1,0,0,0,0,0,0,0,0,0,0,0,0,0,0
"2514","27","1",0,0,0,0,0,0,0,0,0,0,0,0,0,0,0,0,0,0,0
"2514","27","2",0,0,0,0,0,0,0,0,0,0,0,0,0,0,0,0,0,0,0
"2514","28","1",0,0,0,1,0,0,0,0,0,0,0,0,0,0,0,0,0,0,0
"2514","28","2",0,0,0,0,0,0,0,0,0,0,0,0,0,0,0,0,0,0,0
"2514","29","1",0,1,0,0,0,0,0,1,0,0,1,0,0,0,0,0,1,0,0
"2514","29","2",0,0,0,0,0,0,0,0,0,0,0,0,0,0,0,0,0,0,0
"2514","30","1",0,0,0,1,1,0,0,0,0,3,0,0,0,0,0,0,0,0,0
"2514","30","2",0,0,0,0,0,0,0,0,0,0,0,0,1,0,0,0,0,0,1
"2514","31","1",0,0,0,0,0,0,0,0,0,0,0,0,0,0,0,1,0,1,0
"2514","31","2",0,0,0,0,0,0,0,0,0,0,0,0,0,0,0,0,0,0,0
"2514","32","1",0,0,0,0,0,0,0,0,0,0,0,0,0,0,0,0,0,0,0
"2514","32","2",0,0,0,0,0,0,0,0,0,0,0,0,0,0,0,0,0,0,0
"2514","33","1",0,0,0,0,0,0,0,0,0,0,0,0,0,0,0,0,0,0,1
"2514","33","2",0,0,0,0,0,0,0,0,0,0,0,0,0,0,0,0,0,0,0
"2514","34","1",0,0,0,0,0,0,0,0,0,0,0,0,0,0,0,0,0,0,0
"2514","34","2",0,0,0,0,0,0,0,0,0,0,0,0,0,0,0,0,0,0,0
"2514","35","1",0,0,0,1,0,0,0,0,1,2,0,0,0,0,0,0,1,1,0
"2514","35","2",0,0,0,0,0,0,0,0,0,0,0,0,0,0,0,0,0,0,0
"2514","36","1",0,0,0,0,0,0,0,0,0,0,0,0,0,0,0,0,0,0,0
"2514","36","2",0,0,0,0,0,0,0,0,0,1,0,0,0,0,0,0,0,0,0
"2514","37","1",0,0,0,0,0,0,0,1,0,0,0,0,1,0,0,0,0,0,0
"2514","37","2",1,0,0,0,1,0,0,0,0,0,0,0,0,0,0,0,0,0,0
"2514","38","1",0,1,0,0,0,0,0,0,0,0,1,0,0,0,0,1,0,0,0
"2514","38","2",0,0,1,0,0,0,0,0,0,0,1,0,0,0,0,0,0,1,0
"2514","39","1",0,0,0,0,0,1,0,0,0,0,0,0,0,0,0,0,0,0,0
"2514","39","2",0,0,0,0,0,0,0,0,0,0,0,0,0,0,0,0,0,0,0
"2514","40","1",1,0,0,0,1,0,1,1,1,0,0,1,0,0,0,0,0,0,0
"2514","40","2",0,0,0,0,0,0,0,0,0,0,0,0,0,0,0,0,0,0,0
"2514","41","1",0,0,1,0,0,0,0,0,0,1,0,0,0,0,0,0,0,0,0
"2514","41","2",0,0,0,0,0,0,0,0,0,1,0,0,0,0,0,0,0,0,0
"2514","42","1",0,0,0,0,0,0,0,1,0,1,1,1,0,0,0,0,0,0,0
"2514","42","2",0,0,0,0,0,0,0,0,0,0,0,0,0,0,1,0,0,0,0
"2514","43","1",0,0,2,0,0,2,0,0,0,0,0,0,0,1,0,0,1,0,0
"2514","43","2",1,0,0,0,0,0,0,0,0,0,0,0,0,0,0,0,0,0,0
"2514","44","1",1,0,0,0,0,0,0,0,0,0,0,0,0,0,0,0,0,0,0
"2514","44","2",0,0,1,0,0,0,0,0,0,0,0,0,0,0,0,0,0,0,0
"2514","45","1",0,0,0,0,0,1,0,0,0,0,0,0,0,0,1,0,0,0,0
"2514","45","2",0,0,0,0,0,0,0,0,0,1,0,0,1,1,0,0,0,0,0
"2514","46","1",0,0,0,1,0,2,0,0,0,0,0,2,0,0,0,0,0,0,0
"2514","46","2",0,0,0,0,0,0,0,0,0,0,0,0,0,0,0,1,0,0,0
"2514","47","1",0,1,0,1,0,0,0,0,0,1,0,0,1,0,0,0,0,0,0
"2514","47","2",0,1,0,0,0,0,0,0,0,1,0,0,1,1,0,0,0,1,0
"2514","48","1",1,0,0,0,0,0,0,0,0,0,0,0,2,0,0,0,1,0,0
"2514","48","2",0,0,0,0,0,0,0,0,0,0,0,0,0,0,0,0,0,0,0
"2514","49","1",0,0,0,0,0,0,0,1,0,0,1,0,0,0,0,1,0,0,0
"2514","49","2",0,0,0,0,0,0,0,0,0,0,0,0,0,0,0,0,0,0,0
"2514","50","1",0,0,0,2,0,0,0,1,0,0,1,0,0,0,0,0,0,0,0
"2514","50","2",0,0,0,0,0,0,1,0,1,0,0,0,0,0,0,0,0,0,0
"2514","51","1",0,0,1,0,0,0,0,0,0,1,0,1,1,0,0,0,1,1,0
"2514","51","2",0,0,1,0,0,0,0,1,0,0,1,0,0,0,1,0,0,1,0
"2514","52","1",0,1,0,1,0,0,0,0,1,3,0,0,1,0,0,0,1,0,0
"2514","52","2",0,0,0,0,0,0,0,0,2,0,0,0,0,0,0,0,0,0,0
"2514","53","1",0,0,0,1,0,1,0,0,1,0,1,0,0,0,0,0,0,0,0
"2514","53","2",0,1,1,0,1,1,0,0,1,0,0,0,2,0,1,1,0,0,0
"2514","54","1",0,1,0,3,0,0,1,1,0,1,0,0,1,0,0,2,0,2,0
"2514","54","2",0,0,0,0,0,0,0,0,0,0,0,1,0,0,0,0,0,0,0
"2514","55","1",0,2,1,0,0,0,1,0,0,0,0,1,0,0,0,0,0,1,0
"2514","55","2",0,0,0,0,1,0,0,1,1,0,0,0,0,0,1,0,0,0,0
"2514","56","1",1,1,0,1,0,1,0,0,0,3,0,0,2,1,0,1,0,2,0
"2514","56","2",1,1,1,1,0,0,1,1,0,0,1,0,0,0,0,0,0,1,0
"2514","57","1",2,1,0,0,1,1,0,1,0,1,0,0,0,1,0,1,3,0,3
"2514","57","2",1,1,0,0,1,0,0,0,0,0,0,1,0,3,1,0,0,2,0
"2514","58","1",2,0,0,0,0,1,0,0,0,2,3,1,0,0,2,0,1,0,1
"2514","58","2",0,1,1,1,0,0,0,2,0,0,0,1,0,1,0,0,1,0,0
"2514","59","1",2,0,3,0,2,0,0,0,0,1,0,0,2,0,1,1,1,0,0
"2514","59","2",0,2,0,0,0,0,0,0,0,0,0,0,0,0,0,2,0,1,0
"2514","60","1",0,0,0,0,4,1,1,3,1,1,0,2,0,3,2,0,0,1,0
"2514","60","2",0,0,1,1,0,1,0,1,1,0,0,0,1,0,0,0,0,1,0
"2514","61","1",2,1,2,2,1,1,0,0,0,0,1,0,0,1,1,1,0,1,0
"2514","61","2",0,1,1,0,2,0,0,1,0,1,1,2,0,1,2,0,1,1,0
"2514","62","1",0,0,2,1,1,1,2,2,0,3,2,0,0,1,1,1,1,0,0
"2514","62","2",1,1,0,0,0,0,2,1,1,1,0,1,1,0,0,0,0,0,2
"2514","63","1",0,2,1,0,0,4,1,0,3,1,0,2,0,2,0,1,0,0,2
"2514","63","2",0,0,2,0,2,0,2,1,0,1,1,1,3,1,1,2,0,0,1
"2514","64","1",1,2,2,0,0,0,1,0,1,1,0,1,0,0,4,0,0,1,1
"2514","64","2",0,0,2,3,0,0,0,0,1,0,1,0,0,0,1,2,0,3,1
"2514","65","1",2,2,1,5,1,4,0,3,3,2,4,3,1,1,1,3,1,2,0
"2514","65","2",1,2,1,0,0,0,0,1,4,2,2,0,0,0,1,0,1,0,0
"2514","66","1",1,1,2,1,2,3,1,0,2,3,0,4,2,0,0,1,0,0,1
"2514","66","2",1,2,1,1,3,2,0,2,2,0,0,1,1,1,1,1,1,0,2
"2514","67","1",1,2,3,1,4,1,2,2,2,1,3,1,2,0,2,1,0,1,2
"2514","67","2",2,1,5,0,3,0,1,2,0,1,0,0,1,2,1,0,0,1,0
"2514","68","1",1,1,1,1,1,0,1,1,0,2,1,4,2,2,1,2,2,1,1
"2514","68","2",1,1,0,1,1,2,2,1,2,1,2,2,1,0,0,1,2,2,1
"2514","69","1",4,1,3,1,2,1,4,1,2,2,3,1,2,3,1,0,2,0,0
"2514","69","2",0,0,0,0,3,2,1,1,0,1,0,2,0,0,0,2,0,2,1
"2514","70","1",0,0,2,3,3,3,2,2,6,5,1,4,1,2,3,2,5,2,0
"2514","70","2",1,0,2,3,0,1,2,1,2,0,4,1,2,4,3,2,2,2,3
"2514","71","1",3,4,3,0,1,2,4,1,4,2,1,2,3,4,6,3,3,2,1
"2514","71","2",1,2,0,4,4,0,4,1,1,3,1,1,2,1,2,1,1,2,1
"2514","72","1",2,2,0,2,2,4,2,1,2,4,3,6,3,0,2,2,5,1,0
"2514","72","2",1,0,1,0,0,0,1,1,0,2,1,4,3,1,3,3,2,1,1
"2514","73","1",3,2,1,2,1,2,4,2,1,2,3,2,5,1,3,6,2,3,4
"2514","73","2",1,3,2,1,0,0,2,0,0,0,1,0,2,2,1,4,0,1,2
"2514","74","1",2,4,5,2,2,4,2,1,1,6,1,1,4,1,6,9,3,0,3
"2514","74","2",0,3,0,4,1,1,2,0,2,3,1,0,0,3,1,3,5,2,2
"2514","75","1",1,1,2,4,3,4,4,2,1,0,2,4,3,5,2,3,4,4,4
"2514","75","2",3,1,2,3,1,2,3,0,1,1,2,2,2,3,6,1,1,2,2
"2514","76","1",2,7,1,3,1,3,3,2,4,2,2,4,4,6,3,5,5,6,1
"2514","76","2",1,3,1,3,0,6,1,2,3,4,3,5,4,0,3,3,6,1,5
"2514","77","1",3,4,3,4,3,5,5,6,2,1,5,7,7,3,2,2,4,4,4
"2514","77","2",1,3,0,4,2,3,3,5,3,1,1,4,3,3,5,2,4,7,2
"2514","78","1",5,3,5,3,4,6,6,7,1,8,3,5,2,2,8,5,9,4,7
"2514","78","2",3,3,3,6,1,0,1,2,2,1,6,4,2,3,1,5,4,4,6
"2514","79","1",3,6,1,1,6,2,7,3,0,5,3,5,1,8,6,7,3,5,3
"2514","79","2",8,2,1,3,2,4,2,3,3,3,2,3,6,0,2,3,3,3,1
"2514","80","1",7,0,5,3,8,2,7,5,4,2,2,5,6,2,5,4,2,8,5
"2514","80","2",3,4,2,8,3,6,1,3,6,6,0,1,3,2,4,5,2,1,0
"2514","81","1",3,8,8,5,2,2,5,6,4,5,6,7,2,2,4,6,6,2,6
"2514","81","2",6,3,7,0,4,5,6,2,5,1,1,4,4,5,5,0,6,6,6
"2514","82","1",4,4,7,4,4,3,5,1,4,5,6,2,7,4,7,7,4,7,5
"2514","82","2",4,1,3,2,2,4,6,4,0,4,4,2,4,5,5,2,2,5,0
"2514","83","1",6,4,7,6,5,5,4,2,2,3,3,4,6,10,5,3,6,8,11
"2514","83","2",4,8,2,2,5,2,2,2,6,5,7,4,4,3,7,6,3,6,3
"2514","84","1",2,6,5,7,4,7,8,6,2,5,5,6,3,6,7,2,2,3,2
"2514","84","2",6,6,6,1,6,6,4,3,11,10,4,2,2,3,3,4,8,5,7
"2514","85","1",6,4,5,4,2,2,5,4,4,6,6,3,8,4,6,3,8,3,8
"2514","85","2",4,7,2,5,4,3,1,4,5,4,7,5,7,6,2,2,2,3,5
"2514","86","1",3,5,4,5,4,4,5,5,7,4,3,5,6,1,6,7,4,1,7
"2514","86","2",6,5,3,5,6,4,3,7,6,7,6,6,6,0,5,5,6,3,4
"2514","87","1",4,5,2,7,5,4,6,6,8,3,7,1,8,2,3,3,2,8,4
"2514","87","2",3,5,5,5,4,5,10,4,8,4,3,2,4,1,2,2,8,7,5
"2514","88","1",5,1,2,2,6,5,1,3,6,1,7,7,4,2,5,5,6,9,4
"2514","88","2",6,3,5,4,6,6,3,10,4,9,8,6,2,5,6,5,7,5,4
"2514","89","1",4,2,3,8,3,7,3,4,5,5,4,2,4,4,4,3,4,3,2
"2514","89","2",4,2,4,5,9,6,5,6,3,5,6,7,7,6,4,8,9,4,3
"2514","90","1",6,4,4,1,1,0,3,4,6,4,3,3,2,4,4,8,8,3,2
"2514","90","2",3,6,2,2,7,3,8,7,2,3,4,5,9,8,3,2,5,4,3
"2514","91","1",5,6,2,3,3,5,4,1,4,4,2,3,4,3,2,2,5,7,3
"2514","91","2",4,2,6,6,1,5,1,7,2,4,3,4,2,9,5,3,2,8,3
"2514","92","1",2,1,2,4,1,3,1,1,1,1,3,5,1,2,2,3,8,2,2
"2514","92","2",3,5,5,7,5,3,4,2,4,3,3,4,4,5,3,3,6,3,7
"2514","93","1",3,1,4,3,1,2,5,0,1,0,4,3,2,1,2,2,2,3,1
"2514","93","2",5,7,7,1,1,5,2,3,3,3,5,3,2,2,2,5,5,4,6
"2514","94","1",2,1,0,2,1,1,1,3,3,1,1,1,3,1,1,2,0,0,3
"2514","94","2",3,1,3,1,4,1,3,4,5,4,2,3,5,3,2,4,3,7,6
"2514","95","1",1,0,1,2,2,2,5,1,0,1,1,3,3,2,1,0,1,0,0
"2514","95","2",3,4,2,2,1,2,2,4,2,2,1,4,2,5,0,2,2,2,5
"2514","96","1",0,1,1,1,0,0,0,1,0,0,4,2,1,0,1,1,0,4,1
"2514","96","2",1,2,6,3,2,3,0,4,1,0,1,0,0,0,2,2,0,1,1
"2514","97","1",0,0,1,2,1,1,0,0,0,1,0,0,0,1,1,2,0,1,1
"2514","97","2",2,0,1,0,3,1,2,2,1,1,1,1,2,1,0,2,3,5,2
"2514","98","1",0,0,0,1,1,0,0,0,0,2,0,1,0,0,1,2,1,1,0
"2514","98","2",0,1,2,1,1,1,0,0,1,1,1,2,2,2,0,0,1,0,2
"2514","99","1",1,0,0,0,0,1,0,0,0,0,0,0,0,0,0,0,1,0,0
"2514","99","2",2,0,2,0,0,1,0,2,2,0,1,1,1,0,0,0,1,1,1
"2514","100+","1",0,1,0,0,0,0,0,1,1,0,0,0,0,0,0,0,0,0,0
"2514","100+","2",1,0,1,1,2,5,1,3,1,1,0,1,1,2,2,0,1,2,1
