"Region","Yrkesstallning","Kon","Alder","Fodelseregion","000002XJ 2022","000002XJ 2023","000002XJ 2024"
"2580","TOT","1","15-24","tot",2594,2716,2666
"2580","TOT","1","15-74","tot",23843,24206,24547
"2580","TOT","1","16-64","tot",22571,22852,23120
"2580","TOT","1","16-65","tot",22792,23109,23390
"2580","TOT","1","16-66","tot",..,..,..
"2580","TOT","1","20-64","tot",22035,22295,22531
"2580","TOT","1","20-65","tot",22258,22547,22801
"2580","TOT","1","20-66","tot",..,..,..
"2580","TOT","1","25-54","tot",15204,15300,15563
"2580","TOT","1","55-74","tot",6045,6194,6316
"2580","TOT","2","15-24","tot",2445,2493,2582
"2580","TOT","2","15-74","tot",21699,22161,22452
"2580","TOT","2","16-64","tot",20639,21008,21210
"2580","TOT","2","16-65","tot",20841,21244,21460
"2580","TOT","2","16-66","tot",..,..,..
"2580","TOT","2","20-64","tot",19882,20222,20398
"2580","TOT","2","20-65","tot",20088,20460,20646
"2580","TOT","2","20-66","tot",..,..,..
"2580","TOT","2","25-54","tot",13765,13934,14065
"2580","TOT","2","55-74","tot",5489,5732,5799
"2582","TOT","1","15-24","tot",860,847,893
"2582","TOT","1","15-74","tot",6143,6196,6310
"2582","TOT","1","16-64","tot",5616,5693,5771
"2582","TOT","1","16-65","tot",5693,5772,5865
"2582","TOT","1","16-66","tot",..,..,..
"2582","TOT","1","20-64","tot",5469,5499,5597
"2582","TOT","1","20-65","tot",5541,5582,5694
"2582","TOT","1","20-66","tot",..,..,..
"2582","TOT","1","25-54","tot",3629,3671,3693
"2582","TOT","1","55-74","tot",1656,1680,1722
"2582","TOT","2","15-24","tot",691,756,791
"2582","TOT","2","15-74","tot",5527,5609,5717
"2582","TOT","2","16-64","tot",5149,5204,5330
"2582","TOT","2","16-65","tot",5214,5274,5391
"2582","TOT","2","16-66","tot",..,..,..
"2582","TOT","2","20-64","tot",4918,4957,5105
"2582","TOT","2","20-65","tot",4984,5022,5167
"2582","TOT","2","20-66","tot",..,..,..
"2582","TOT","2","25-54","tot",3342,3324,3391
"2582","TOT","2","55-74","tot",1494,1530,1535
"2581","TOT","1","15-24","tot",1107,1068,1083
"2581","TOT","1","15-74","tot",10100,9916,9982
"2581","TOT","1","16-64","tot",9434,9233,9249
"2581","TOT","1","16-65","tot",9539,9361,9358
"2581","TOT","1","16-66","tot",..,..,..
"2581","TOT","1","20-64","tot",9165,8958,8946
"2581","TOT","1","20-65","tot",9271,9088,9056
"2581","TOT","1","20-66","tot",..,..,..
"2581","TOT","1","25-54","tot",6327,6115,6146
"2581","TOT","1","55-74","tot",2667,2731,2749
"2581","TOT","2","15-24","tot",1027,1022,1032
"2581","TOT","2","15-74","tot",9203,9212,9281
"2581","TOT","2","16-64","tot",8724,8709,8741
"2581","TOT","2","16-65","tot",8805,8809,8869
"2581","TOT","2","16-66","tot",..,..,..
"2581","TOT","2","20-64","tot",8353,8360,8379
"2581","TOT","2","20-65","tot",8435,8464,8507
"2581","TOT","2","20-66","tot",..,..,..
"2581","TOT","2","25-54","tot",5824,5766,5793
"2581","TOT","2","55-74","tot",2351,2424,2457
"2560","TOT","1","15-24","tot",208,196,173
"2560","TOT","1","15-74","tot",1666,1736,1740
"2560","TOT","1","16-64","tot",1501,1529,1543
"2560","TOT","1","16-65","tot",1530,1562,1566
"2560","TOT","1","16-66","tot",..,..,..
"2560","TOT","1","20-64","tot",1445,1484,1499
"2560","TOT","1","20-65","tot",1475,1516,1520
"2560","TOT","1","20-66","tot",..,..,..
"2560","TOT","1","25-54","tot",942,970,983
"2560","TOT","1","55-74","tot",513,563,582
"2560","TOT","2","15-24","tot",149,149,135
"2560","TOT","2","15-74","tot",1579,1581,1559
"2560","TOT","2","16-64","tot",1488,1500,1471
"2560","TOT","2","16-65","tot",1518,1517,1495
"2560","TOT","2","16-66","tot",..,..,..
"2560","TOT","2","20-64","tot",1435,1449,1423
"2560","TOT","2","20-65","tot",1460,1466,1452
"2560","TOT","2","20-66","tot",..,..,..
"2560","TOT","2","25-54","tot",989,977,972
"2560","TOT","2","55-74","tot",441,451,451
"2514","TOT","1","15-24","tot",417,380,373
"2514","TOT","1","15-74","tot",3678,3575,3476
"2514","TOT","1","16-64","tot",3347,3239,3152
"2514","TOT","1","16-65","tot",3407,3282,3198
"2514","TOT","1","16-66","tot",..,..,..
"2514","TOT","1","20-64","tot",3226,3118,3011
"2514","TOT","1","20-65","tot",3287,3161,3060
"2514","TOT","1","20-66","tot",..,..,..
"2514","TOT","1","25-54","tot",2124,2064,1994
"2514","TOT","1","55-74","tot",1140,1128,1111
"2514","TOT","2","15-24","tot",347,369,349
"2514","TOT","2","15-74","tot",3331,3295,3249
"2514","TOT","2","16-64","tot",3085,3060,3008
"2514","TOT","2","16-65","tot",3134,3095,3056
"2514","TOT","2","16-66","tot",..,..,..
"2514","TOT","2","20-64","tot",2954,2919,2876
"2514","TOT","2","20-65","tot",3007,2955,2924
"2514","TOT","2","20-66","tot",..,..,..
"2514","TOT","2","25-54","tot",1979,1921,1874
"2514","TOT","2","55-74","tot",1005,1003,1030
