"Region","Boendeform","Lagenhetstyp","0000025T 2012","0000025T 2013","0000025T 2014","0000025T 2015","0000025T 2016","0000025T 2017","0000025T 2018","0000025T 2019","0000025T 2020","0000025T 2021","0000025T 2022","0000025T 2023","0000025T 2024","0000025T 2025","0000025U 2012","0000025U 2013","0000025U 2014","0000025U 2015","0000025U 2016","0000025U 2017","0000025U 2018","0000025U 2019","0000025U 2020","0000025U 2021","0000025U 2022","0000025U 2023","0000025U 2024","0000025U 2025"
"2580","FBBO","TOTs",5983,6474,6688,6732,7159,7241,7282,7505,7633,7744,7780,7778,7765,7829,1.6,1.6,1.6,1.6,1.6,1.6,1.6,1.6,1.6,1.6,1.5,1.5,1.5,1.5
"2580","FBBO","1R+",..,..,..,..,..,..,..,..,..,..,..,..,..,3,..,..,..,..,..,..,..,..,..,..,..,..,..,..
"2580","FBBO","1RKV+KS",109,118,128,138,164,162,149,137,135,137,146,145,146,151,1.2,1.2,1.3,1.2,1.1,1.1,1.1,1.1,1.1,1.1,1.1,1.1,1.1,1.1
"2580","FBBO","1RK",430,446,447,451,475,478,482,478,489,491,508,498,493,508,1.2,1.2,1.2,1.2,1.2,1.2,1.2,1.2,1.2,1.1,1.1,1.2,1.1,1.1
"2580","FBBO","2RKV+KS",122,124,132,132,140,148,132,135,135,131,130,134,128,128,1.3,1.3,1.3,1.4,1.3,1.3,1.3,1.3,1.3,1.2,1.2,1.2,1.2,1.2
"2580","FBBO","2RK",2123,2290,2374,2384,2503,2513,2585,2671,2697,2742,2759,2775,2759,2767,1.3,1.4,1.4,1.4,1.4,1.4,1.4,1.3,1.3,1.3,1.3,1.3,1.3,1.3
"2580","FBBO","3RK",2368,2580,2649,2661,2839,2892,2901,3015,3082,3130,3127,3123,3130,3146,1.8,1.8,1.8,1.8,1.8,1.8,1.7,1.7,1.7,1.7,1.7,1.7,1.7,1.7
"2580","FBBO","4RK",595,672,696,701,752,761,759,791,811,828,828,820,822,833,2.3,2.3,2.3,2.2,2.2,2.2,2.2,2.2,2.2,2.1,2.1,2.1,2.1,2.1
"2580","FBBO","5RK",101,104,104,106,120,123,113,118,120,121,118,120,120,120,2.5,2.3,2.4,2.4,2.5,2.4,2.3,2.4,2.4,2.3,2.2,2.3,2.3,2.3
"2580","FBBO","6+RK",10,16,16,16,17,15,15,16,18,17,17,16,18,19,2.4,3.1,2.3,2.5,2.5,2.4,2.2,2.2,2.3,2.3,2.4,2.1,2.3,2.4
"2580","FBBO","UPPGSAKNs",123,122,140,141,147,147,144,142,144,145,145,145,147,147,2.0,1.9,1.9,1.9,1.9,1.9,1.8,1.8,1.8,1.8,1.8,1.8,1.7,1.7
"2580","FBHY0","TOTs",11790,11441,11526,11625,11373,11519,11825,11783,12002,12053,12448,12776,13097,13268,1.8,1.8,1.8,1.8,1.8,1.8,1.7,1.7,1.7,1.7,1.7,1.7,1.6,1.7
"2580","FBHY0","1R+",..,..,..,..,..,..,..,..,..,..,..,..,..,4,..,..,..,..,..,..,..,..,..,..,..,..,..,..
"2580","FBHY0","1RKV+KS",1074,1098,1128,1116,1096,1116,1107,1127,1145,1130,1152,1172,1172,1195,1.2,1.2,1.2,1.2,1.2,1.2,1.1,1.1,1.1,1.1,1.1,1.1,1.1,1.1
"2580","FBHY0","1RK",936,953,971,972,964,1043,1078,1083,1114,1174,1342,1443,1485,1510,1.2,1.2,1.2,1.2,1.2,1.2,1.2,1.2,1.1,1.1,1.1,1.1,1.1,1.1
"2580","FBHY0","2RKV+KS",256,254,246,248,237,246,253,251,260,252,253,256,263,267,1.2,1.3,1.2,1.3,1.2,1.3,1.3,1.2,1.2,1.2,1.1,1.2,1.2,1.2
"2580","FBHY0","2RK",3564,3409,3405,3505,3442,3506,3699,3648,3783,3831,3984,4078,4204,4269,1.4,1.4,1.4,1.4,1.4,1.4,1.4,1.4,1.4,1.3,1.3,1.3,1.3,1.3
"2580","FBHY0","3RK",4510,4333,4386,4396,4276,4269,4332,4310,4333,4308,4340,4441,4573,4611,2.0,2.0,2.0,2.0,2.0,2.0,2.0,1.9,1.9,1.9,1.9,1.9,1.9,1.9
"2580","FBHY0","4RK",1190,1138,1130,1131,1120,1103,1116,1127,1132,1120,1140,1151,1165,1178,3.0,3.0,3.0,3.0,3.0,3.0,3.0,2.9,2.9,2.9,2.9,2.9,2.9,2.9
"2580","FBHY0","5RK",210,210,213,205,193,196,197,195,193,195,193,193,195,193,3.5,3.5,3.4,3.2,3.4,3.4,3.3,3.5,3.4,3.3,3.4,3.2,3.2,3.2
"2580","FBHY0","6+RK",21,14,15,16,15,15,13,14,17,17,17,17,17,16,3.1,3.3,3.3,3.3,2.9,3.3,3.7,2.9,3.5,3.8,3.7,4.0,4.1,3.8
"2580","FBHY0","UPPGSAKNs",29,29,30,32,26,23,27,26,24,25,25,24,21,27,1.8,1.7,1.8,1.9,2.0,2.2,2.0,2.2,2.2,2.2,2.1,2.0,1.9,1.7
"2580","FBBOHY","TOTs",17773,17915,18214,18357,18532,18760,19107,19288,19635,19797,20228,20554,20862,21100,1.7,1.7,1.7,1.7,1.7,1.7,1.7,1.7,1.7,1.6,1.6,1.6,1.6,1.6
"2580","FBBOHY","1R+",..,..,..,..,..,..,..,..,..,..,..,..,..,8,..,..,..,..,..,..,..,..,..,..,..,..,..,..
"2580","FBBOHY","1RKV+KS",1183,1216,1256,1254,1260,1278,1256,1264,1280,1267,1298,1317,1318,1344,1.2,1.2,1.2,1.2,1.2,1.2,1.1,1.1,1.1,1.1,1.1,1.1,1.1,1.1
"2580","FBBOHY","1RK",1366,1399,1418,1423,1439,1521,1560,1561,1603,1665,1850,1941,1978,2021,1.2,1.2,1.2,1.2,1.2,1.2,1.2,1.2,1.2,1.1,1.1,1.1,1.1,1.1
"2580","FBBOHY","2RKV+KS",378,378,378,380,377,394,385,386,395,383,383,390,391,395,1.3,1.3,1.3,1.3,1.3,1.3,1.3,1.3,1.3,1.2,1.2,1.2,1.2,1.2
"2580","FBBOHY","2RK",5687,5699,5779,5889,5945,6019,6284,6319,6480,6573,6743,6853,6963,7036,1.4,1.4,1.4,1.4,1.4,1.4,1.4,1.4,1.3,1.3,1.3,1.3,1.3,1.3
"2580","FBBOHY","3RK",6878,6913,7035,7057,7115,7161,7233,7325,7415,7438,7467,7564,7703,7756,1.9,1.9,1.9,1.9,1.9,1.9,1.9,1.8,1.8,1.8,1.8,1.8,1.8,1.8
"2580","FBBOHY","4RK",1785,1810,1826,1832,1872,1864,1875,1918,1943,1948,1968,1971,1987,2012,2.8,2.7,2.7,2.7,2.7,2.7,2.6,2.6,2.6,2.6,2.6,2.6,2.5,2.6
"2580","FBBOHY","5RK",311,314,317,311,313,319,310,313,313,316,311,313,315,314,3.2,3.1,3.0,2.9,3.0,3.0,3.0,3.0,3.0,2.9,2.9,2.9,2.9,2.9
"2580","FBBOHY","6+RK",31,30,31,32,32,30,28,30,35,34,34,33,35,36,2.9,3.2,2.8,2.9,2.7,2.9,2.9,2.5,2.9,3.0,3.0,3.1,3.1,3.0
"2580","FBBOHY","UPPGSAKNs",152,151,170,173,173,170,171,168,168,170,170,169,168,176,1.9,1.9,1.9,1.9,1.9,1.9,1.9,1.9,1.8,1.8,1.8,1.8,1.8,1.7
"2580","SPBO","TOTs",1856,1817,1988,2021,2215,2350,2299,2387,2657,2696,2760,2762,2830,2828,1.3,1.3,1.3,1.3,1.3,1.3,1.3,1.3,1.2,1.2,1.2,1.2,1.2,1.2
"2580","SPBO","1R+",62,51,64,57,118,97,124,130,147,124,76,65,42,8,1.1,1.1,1.1,1.1,1.1,1.1,1.1,1.1,1.2,1.2,1.2,1.1,1.0,..
"2580","SPBO","1RKV+KS",1004,978,1073,1041,1012,1089,1018,996,950,1033,1110,1109,1189,1254,1.1,1.1,1.1,1.1,1.1,1.1,1.1,1.1,1.1,1.1,1.1,1.1,1.1,1.1
"2580","SPBO","1RK",184,195,242,311,441,498,494,524,753,747,768,772,769,739,1.4,1.5,1.4,1.2,1.2,1.1,1.1,1.1,1.1,1.1,1.1,1.1,1.1,1.1
"2580","SPBO","2RKV+KS",149,156,159,161,160,161,148,155,149,145,157,155,161,156,1.7,1.6,1.5,1.6,1.5,1.5,1.5,1.4,1.4,1.4,1.4,1.4,1.3,1.3
"2580","SPBO","2RK",303,287,296,295,322,343,353,410,458,444,447,461,474,472,1.6,1.6,1.6,1.6,1.6,1.6,1.6,1.5,1.5,1.5,1.5,1.5,1.4,1.4
"2580","SPBO","3RK",147,144,148,150,156,156,156,165,194,198,196,194,188,194,2.0,2.1,2.1,2.1,2.0,2.0,2.1,2.1,2.0,1.9,2.0,2.1,2.0,2.1
"2580","SPBO","4RK",6,5,5,5,5,5,5,5,5,..,5,5,6,4,1.8,1.4,1.6,2.0,2.4,2.2,2.0,1.8,2.0,..,1.8,2.0,2.2,..
"2580","SPBO","5RK",..,..,..,..,..,..,..,..,..,..,..,..,..,0,..,..,..,..,..,..,..,..,..,..,..,..,..,..
"2580","SPBO","6+RK",..,..,..,..,..,..,..,..,..,..,..,..,..,0,..,..,..,..,..,..,..,..,..,..,..,..,..,..
"2580","SPBO","UPPGSAKNs",..,..,..,..,..,..,..,..,..,..,..,..,..,0,..,..,..,..,..,..,..,..,..,..,..,..,..,..
"2580","OB","TOTs",399,392,427,421,419,427,432,440,435,453,458,453,446,452,1.7,1.8,1.8,1.8,1.8,1.8,1.7,1.7,1.6,1.7,1.6,1.7,1.7,1.7
"2580","OB","1R+",..,..,..,..,..,..,..,..,..,..,..,..,..,0,..,..,..,..,..,..,..,..,..,..,..,..,..,..
"2580","OB","1RKV+KS",12,9,9,12,12,12,12,11,11,10,9,12,12,11,1.2,1.2,1.3,1.3,1.4,1.3,1.5,1.4,1.4,1.3,1.3,1.3,1.2,1.2
"2580","OB","1RK",41,39,37,37,41,43,42,43,37,44,44,43,42,42,1.1,1.1,1.1,1.1,1.1,1.3,1.2,1.2,1.1,1.2,1.2,1.2,1.2,1.1
"2580","OB","2RKV+KS",15,14,16,15,17,19,19,20,18,20,20,21,20,22,1.3,1.4,1.4,1.5,1.3,1.4,1.5,1.5,1.6,1.4,1.3,1.3,1.4,1.4
"2580","OB","2RK",126,127,140,141,133,137,137,138,144,147,148,140,137,141,1.5,1.4,1.4,1.4,1.4,1.5,1.4,1.4,1.4,1.4,1.4,1.4,1.3,1.3
"2580","OB","3RK",113,115,128,123,124,127,129,136,136,143,151,153,145,153,2.0,2.0,2.1,2.0,2.0,2.0,1.8,1.8,1.7,1.8,1.8,1.8,1.9,1.9
"2580","OB","4RK",51,50,57,50,48,49,51,52,51,50,48,49,53,50,2.2,2.4,2.2,2.2,2.3,2.5,2.2,2.3,2.1,2.3,2.3,2.4,2.5,2.4
"2580","OB","5RK",22,21,23,26,26,22,25,26,26,27,27,24,26,26,2.7,3.0,2.9,2.8,2.7,2.5,2.6,2.7,2.7,2.6,2.3,2.5,2.3,2.4
"2580","OB","6+RK",5,..,..,..,..,..,..,..,..,..,..,..,..,3,2.2,..,..,..,..,..,..,..,..,..,..,..,..,..
"2580","OB","UPPGSAKNs",12,11,11,11,12,12,11,10,7,7,6,6,6,4,2.1,2.1,2.0,2.3,1.9,1.5,1.7,1.7,1.6,1.4,1.3,1.5,1.8,..
"2580","TOT","TOTs",20028,20124,20629,20799,21166,21537,21838,22115,22727,22946,23446,23769,24138,24379,1.7,1.7,1.7,1.7,1.7,1.7,1.6,1.6,1.6,1.6,1.6,1.6,1.6,1.6
"2580","TOT","1R+",66,58,70,65,126,103,131,135,151,128,81,69,47,14,1.2,1.2,1.1,1.1,1.1,1.1,1.1,1.1,1.2,1.2,1.2,1.1,1.1,1.1
"2580","TOT","1RKV+KS",2199,2203,2338,2307,2284,2379,2286,2271,2241,2310,2417,2438,2519,2611,1.1,1.2,1.2,1.1,1.1,1.1,1.1,1.1,1.1,1.1,1.1,1.1,1.1,1.1
"2580","TOT","1RK",1591,1633,1697,1771,1921,2062,2096,2128,2393,2456,2662,2756,2789,2804,1.2,1.2,1.2,1.2,1.2,1.2,1.2,1.2,1.1,1.1,1.1,1.1,1.1,1.1
"2580","TOT","2RKV+KS",542,548,553,556,554,574,552,561,562,548,560,566,572,574,1.4,1.4,1.3,1.4,1.4,1.3,1.3,1.3,1.3,1.3,1.2,1.2,1.2,1.2
"2580","TOT","2RK",6116,6113,6215,6325,6400,6499,6774,6867,7082,7164,7338,7454,7574,7651,1.4,1.4,1.4,1.4,1.4,1.4,1.4,1.4,1.4,1.3,1.3,1.3,1.3,1.3
"2580","TOT","3RK",7138,7172,7311,7330,7395,7444,7518,7626,7745,7779,7814,7911,8036,8098,1.9,1.9,1.9,1.9,1.9,1.9,1.9,1.9,1.8,1.8,1.8,1.8,1.8,1.8
"2580","TOT","4RK",1842,1865,1888,1887,1925,1918,1931,1975,1999,2002,2021,2025,2046,2067,2.7,2.7,2.7,2.7,2.7,2.7,2.6,2.6,2.5,2.6,2.6,2.6,2.5,2.5
"2580","TOT","5RK",333,335,340,337,339,341,335,339,339,343,338,337,341,342,3.1,3.1,3.0,2.9,3.0,3.0,2.9,3.0,2.9,2.9,2.9,2.9,2.8,2.8
"2580","TOT","6+RK",36,34,35,36,36,34,32,34,39,38,38,37,39,40,2.8,3.2,2.8,3.0,2.9,2.8,2.7,2.4,2.7,2.9,2.9,2.9,3.0,2.9
"2580","TOT","UPPGSAKNs",165,163,182,185,186,183,183,179,176,178,177,176,175,180,2.0,1.9,1.9,1.9,1.9,1.9,1.9,1.9,1.8,1.8,1.8,1.8,1.8,1.8
"2582","FBBO","TOTs",1278,1276,1296,1231,1246,1237,1277,1285,1190,1199,1196,1208,1199,1208,1.5,1.5,1.5,1.5,1.4,1.4,1.5,1.5,1.4,1.4,1.4,1.4,1.4,1.4
"2582","FBBO","1R+",..,..,..,..,..,..,..,..,..,..,..,..,..,0,..,..,..,..,..,..,..,..,..,..,..,..,..,..
"2582","FBBO","1RKV+KS",15,13,15,11,11,15,13,18,16,19,17,17,19,15,1.2,1.2,1.3,1.5,1.5,1.4,1.4,1.2,1.4,1.3,1.1,1.2,1.2,1.1
"2582","FBBO","1RK",120,116,116,109,107,107,110,109,114,113,119,116,113,119,1.1,1.2,1.2,1.2,1.2,1.2,1.2,1.2,1.2,1.2,1.2,1.2,1.2,1.2
"2582","FBBO","2RKV+KS",7,7,7,7,7,7,6,7,7,6,6,6,6,4,1.1,1.1,1.1,1.1,1.1,1.1,1.2,1.3,1.3,1.3,1.2,1.5,1.7,..
"2582","FBBO","2RK",524,524,541,525,534,530,532,528,502,508,503,516,506,515,1.3,1.3,1.3,1.3,1.3,1.3,1.3,1.3,1.3,1.2,1.2,1.3,1.2,1.2
"2582","FBBO","3RK",484,485,484,459,468,463,455,463,446,450,445,445,452,448,1.6,1.6,1.6,1.6,1.6,1.6,1.6,1.6,1.5,1.5,1.5,1.5,1.5,1.5
"2582","FBBO","4RK",123,125,127,115,114,110,130,129,99,98,99,101,96,98,2.2,2.2,2.1,2.0,2.0,2.0,1.9,2.0,1.8,1.8,1.9,1.8,1.8,1.7
"2582","FBBO","5RK",5,6,6,5,5,5,5,5,5,5,5,5,5,5,2.2,2.5,2.5,2.0,1.8,1.8,1.8,1.8,1.8,2.4,2.4,2.2,2.4,..
"2582","FBBO","6+RK",..,..,..,..,..,..,..,..,..,..,..,..,..,0,..,..,..,..,..,..,..,..,..,..,..,..,..,..
"2582","FBBO","UPPGSAKNs",..,..,..,..,..,..,24,24,..,..,..,..,..,0,..,..,..,..,..,..,2.4,2.3,..,..,..,..,..,..
"2582","FBHY0","TOTs",3855,3925,3993,4048,4112,4223,4365,4446,4490,4572,4588,4588,4644,4793,1.6,1.6,1.6,1.7,1.7,1.7,1.7,1.6,1.6,1.6,1.6,1.6,1.6,1.6
"2582","FBHY0","1R+",6,6,5,..,..,..,..,..,7,8,8,8,8,5,1.2,1.3,1.4,..,..,..,..,..,1.1,1.1,1.1,1.3,1.1,..
"2582","FBHY0","1RKV+KS",217,219,220,230,237,243,251,258,265,276,282,288,290,279,1.2,1.2,1.3,1.2,1.2,1.2,1.2,1.2,1.2,1.2,1.2,1.2,1.2,1.1
"2582","FBHY0","1RK",364,379,384,386,388,402,416,441,456,467,476,478,496,522,1.2,1.2,1.2,1.2,1.2,1.2,1.2,1.1,1.2,1.2,1.2,1.1,1.1,1.1
"2582","FBHY0","2RKV+KS",75,80,81,84,84,84,75,79,78,80,77,72,79,76,1.2,1.2,1.2,1.2,1.2,1.1,1.2,1.2,1.2,1.2,1.2,1.2,1.2,1.2
"2582","FBHY0","2RK",1510,1511,1543,1580,1608,1625,1672,1728,1749,1779,1786,1791,1800,1907,1.3,1.3,1.3,1.3,1.3,1.3,1.3,1.3,1.3,1.3,1.3,1.3,1.3,1.3
"2582","FBHY0","3RK",1271,1299,1330,1319,1343,1409,1462,1457,1449,1473,1474,1480,1498,1525,1.8,1.9,1.8,1.9,1.9,1.9,1.9,1.8,1.8,1.8,1.8,1.8,1.8,1.9
"2582","FBHY0","4RK",316,334,335,349,349,356,381,382,383,388,387,375,370,377,2.7,2.8,2.8,2.8,2.8,2.9,2.8,2.8,2.7,2.7,2.6,2.6,2.6,2.7
"2582","FBHY0","5RK",67,64,66,67,68,70,71,68,70,64,66,64,69,68,3.1,3.1,3.5,3.2,3.3,3.1,2.9,3.1,3.3,3.3,3.2,3.1,3.1,3.3
"2582","FBHY0","6+RK",21,22,18,18,21,22,22,20,22,24,21,22,24,23,3.7,3.4,3.7,4.7,4.9,4.8,4.9,4.6,4.6,4.4,4.4,5.0,4.8,4.6
"2582","FBHY0","UPPGSAKNs",8,11,11,11,11,8,11,10,11,13,11,10,10,8,1.8,1.9,1.5,1.5,1.4,1.6,1.4,1.5,1.5,1.5,1.3,1.6,1.8,..
"2582","FBBOHY","TOTs",5133,5201,5289,5279,5358,5460,5642,5731,5680,5771,5784,5796,5843,6001,1.6,1.6,1.6,1.6,1.6,1.6,1.6,1.6,1.6,1.5,1.5,1.5,1.5,1.6
"2582","FBBOHY","1R+",6,6,5,..,..,..,..,..,8,8,10,10,10,8,1.2,1.3,1.4,..,..,..,..,..,1.1,1.1,1.1,1.3,1.2,..
"2582","FBBOHY","1RKV+KS",232,232,235,241,248,258,264,276,281,295,299,305,309,295,1.2,1.2,1.3,1.2,1.3,1.3,1.2,1.2,1.2,1.2,1.2,1.2,1.2,1.1
"2582","FBBOHY","1RK",484,495,500,495,495,509,526,550,570,580,595,594,609,642,1.2,1.2,1.2,1.2,1.2,1.2,1.2,1.1,1.2,1.2,1.2,1.1,1.1,1.1
"2582","FBBOHY","2RKV+KS",82,87,88,91,91,91,81,86,85,86,83,78,85,80,1.2,1.2,1.2,1.2,1.2,1.1,1.2,1.2,1.2,1.2,1.2,1.2,1.2,1.2
"2582","FBBOHY","2RK",2034,2035,2084,2105,2142,2155,2204,2256,2251,2287,2289,2307,2306,2426,1.3,1.3,1.3,1.3,1.3,1.3,1.3,1.3,1.3,1.3,1.3,1.3,1.3,1.3
"2582","FBBOHY","3RK",1755,1784,1814,1778,1811,1872,1917,1920,1895,1923,1919,1925,1950,1974,1.8,1.8,1.8,1.8,1.8,1.8,1.8,1.8,1.7,1.7,1.7,1.7,1.8,1.8
"2582","FBBOHY","4RK",439,459,462,464,463,466,511,511,482,486,486,476,466,475,2.6,2.6,2.6,2.6,2.6,2.7,2.6,2.6,2.5,2.5,2.5,2.4,2.4,2.5
"2582","FBBOHY","5RK",72,70,72,72,73,75,76,73,75,69,71,69,74,74,3.1,3.0,3.4,3.1,3.2,3.0,2.8,3.1,3.2,3.3,3.2,3.1,3.0,3.2
"2582","FBBOHY","6+RK",21,22,18,18,21,22,22,20,22,24,21,22,24,23,3.7,3.4,3.7,4.7,4.9,4.8,4.9,4.6,4.6,4.4,4.4,5.0,4.8,4.6
"2582","FBBOHY","UPPGSAKNs",8,11,11,11,11,8,35,34,11,13,11,10,10,8,1.8,1.9,1.5,1.5,1.4,1.6,2.1,2.1,1.5,1.5,1.3,1.6,1.8,..
"2582","SPBO","TOTs",392,390,395,415,438,477,541,538,543,570,592,606,622,624,1.1,1.1,1.1,1.1,1.1,1.1,1.1,1.1,1.1,1.1,1.1,1.1,1.1,1.1
"2582","SPBO","1R+",..,..,5,..,..,29,24,14,10,34,27,30,27,32,..,..,1.2,..,..,1.0,1.0,1.0,1.0,1.1,1.2,1.0,1.0,1.0
"2582","SPBO","1RKV+KS",202,205,211,229,229,239,248,287,288,280,311,312,322,324,1.1,1.1,1.1,1.1,1.0,1.0,1.0,1.0,1.0,1.0,1.0,1.0,1.0,1.1
"2582","SPBO","1RK",10,12,12,15,15,20,32,33,32,32,31,32,32,31,1.2,1.1,1.2,1.1,1.1,1.1,1.1,1.1,1.2,1.1,1.0,1.0,1.0,1.0
"2582","SPBO","2RKV+KS",59,50,47,47,67,65,76,41,60,69,77,82,84,84,1.1,1.1,1.1,1.0,1.1,1.1,1.1,1.2,1.1,1.0,1.1,1.1,1.1,1.0
"2582","SPBO","2RK",113,114,113,112,115,117,157,160,149,151,142,146,154,157,1.1,1.1,1.1,1.1,1.1,1.1,1.1,1.1,1.2,1.1,1.1,1.1,1.1,1.2
"2582","SPBO","3RK",..,..,..,5,5,..,..,..,..,..,..,..,..,3,..,..,..,1.6,1.4,..,..,..,..,..,..,..,..,..
"2582","SPBO","4RK",..,..,..,..,..,..,..,..,..,..,..,..,..,0,..,..,..,..,..,..,..,..,..,..,..,..,..,..
"2582","SPBO","5RK",..,..,..,..,..,..,..,..,..,..,..,..,..,0,..,..,..,..,..,..,..,..,..,..,..,..,..,..
"2582","SPBO","6+RK",..,..,..,..,..,..,..,..,..,..,..,..,..,0,..,..,..,..,..,..,..,..,..,..,..,..,..,..
"2582","SPBO","UPPGSAKNs",..,..,..,..,..,..,..,..,..,..,..,..,..,0,..,..,..,..,..,..,..,..,..,..,..,..,..,..
"2582","OB","TOTs",174,213,224,243,254,190,..,..,..,..,..,..,37,3,1.7,1.6,1.6,1.6,1.6,1.7,..,..,..,..,..,..,1.3,..
"2582","OB","1R+",..,..,..,..,..,..,..,..,..,..,..,..,..,0,..,..,..,..,..,..,..,..,..,..,..,..,..,..
"2582","OB","1RKV+KS",..,..,..,..,..,..,..,..,..,..,..,..,..,0,..,..,..,..,..,..,..,..,..,..,..,..,..,..
"2582","OB","1RK",26,26,27,27,28,30,..,..,..,..,..,..,14,0,1.2,1.2,1.3,1.4,1.3,1.2,..,..,..,..,..,..,1.0,..
"2582","OB","2RKV+KS",..,..,..,..,..,..,..,..,..,..,..,..,..,0,..,..,..,..,..,..,..,..,..,..,..,..,..,..
"2582","OB","2RK",69,87,98,99,100,77,..,..,..,..,..,..,15,0,1.3,1.4,1.3,1.3,1.3,1.4,..,..,..,..,..,..,1.3,..
"2582","OB","3RK",34,52,51,69,75,38,..,..,..,..,..,..,6,0,2.0,1.8,1.8,1.7,1.7,1.8,..,..,..,..,..,..,1.7,..
"2582","OB","4RK",30,32,35,35,35,29,..,..,..,..,..,..,..,0,2.3,2.1,2.1,2.2,2.1,2.1,..,..,..,..,..,..,..,..
"2582","OB","5RK",5,5,5,..,..,..,..,..,..,..,..,..,..,0,2.4,2.4,2.4,..,..,..,..,..,..,..,..,..,..,..
"2582","OB","6+RK",..,..,..,..,..,..,..,..,..,..,..,..,..,0,..,..,..,..,..,..,..,..,..,..,..,..,..,..
"2582","OB","UPPGSAKNs",6,7,..,7,8,9,..,..,..,..,..,..,..,3,2.0,1.4,..,2.1,2.4,2.7,..,..,..,..,..,..,..,..
"2582","TOT","TOTs",5699,5804,5908,5937,6050,6127,6187,6271,6225,6343,6378,6404,6502,6626,1.6,1.6,1.6,1.6,1.6,1.6,1.6,1.5,1.5,1.5,1.5,1.5,1.5,1.5
"2582","TOT","1R+",8,9,10,8,7,33,30,19,18,42,37,40,37,37,1.1,1.3,1.3,1.4,1.1,1.0,1.0,1.0,1.1,1.1,1.2,1.1,1.1,1.1
"2582","TOT","1RKV+KS",437,440,449,472,480,499,512,563,569,575,610,617,631,619,1.1,1.2,1.2,1.2,1.2,1.1,1.1,1.1,1.1,1.1,1.1,1.1,1.1,1.1
"2582","TOT","1RK",520,533,539,537,538,559,558,583,602,612,626,626,655,672,1.2,1.2,1.2,1.2,1.2,1.2,1.2,1.1,1.2,1.2,1.2,1.1,1.1,1.1
"2582","TOT","2RKV+KS",141,137,135,138,158,156,157,127,145,155,160,160,169,165,1.2,1.1,1.2,1.1,1.2,1.1,1.2,1.2,1.1,1.1,1.1,1.1,1.2,1.1
"2582","TOT","2RK",2216,2236,2295,2316,2357,2349,2361,2416,2400,2438,2431,2453,2475,2578,1.3,1.3,1.3,1.3,1.3,1.3,1.3,1.3,1.3,1.3,1.3,1.2,1.2,1.3
"2582","TOT","3RK",1792,1839,1869,1852,1891,1914,1919,1922,1898,1926,1922,1928,1958,1975,1.8,1.8,1.8,1.8,1.8,1.8,1.8,1.8,1.7,1.7,1.7,1.7,1.8,1.8
"2582","TOT","4RK",470,492,498,500,499,496,511,511,482,486,486,476,466,475,2.6,2.6,2.6,2.6,2.6,2.6,2.6,2.6,2.5,2.5,2.5,2.4,2.4,2.5
"2582","TOT","5RK",78,76,78,76,77,79,77,73,75,69,71,69,74,74,3.1,3.0,3.3,3.1,3.1,3.0,2.8,3.1,3.2,3.3,3.2,3.1,3.0,3.2
"2582","TOT","6+RK",23,24,20,20,24,25,23,21,23,25,22,23,25,21,3.9,3.7,4.0,4.9,4.8,4.7,4.8,4.6,4.6,4.4,4.4,5.0,4.7,4.5
"2582","TOT","UPPGSAKNs",14,18,15,18,19,17,39,36,13,15,13,12,12,9,1.9,1.7,1.5,1.7,1.8,2.2,2.1,2.0,1.6,1.5,1.4,1.7,1.8,..
"2581","FBBO","TOTs",725,761,759,763,779,761,777,781,783,787,786,776,788,777,1.6,1.7,1.6,1.6,1.6,1.6,1.6,1.6,1.5,1.5,1.5,1.5,1.5,1.5
"2581","FBBO","1R+",..,..,..,..,..,..,..,..,..,..,..,..,..,0,..,..,..,..,..,..,..,..,..,..,..,..,..,..
"2581","FBBO","1RKV+KS",..,..,..,..,..,..,5,..,..,5,..,..,..,4,..,..,..,..,..,..,1.2,..,..,1.2,..,..,..,..
"2581","FBBO","1RK",27,28,29,31,29,29,29,29,29,32,31,29,31,34,1.2,1.1,1.2,1.1,1.1,1.1,1.0,1.0,1.1,1.1,1.0,1.1,1.0,1.0
"2581","FBBO","2RKV+KS",..,..,..,..,..,..,..,..,..,..,..,..,..,4,..,..,..,..,..,..,..,..,..,..,..,..,..,..
"2581","FBBO","2RK",266,278,273,279,291,276,281,288,289,284,287,288,289,280,1.4,1.3,1.3,1.3,1.3,1.3,1.3,1.3,1.3,1.3,1.3,1.3,1.3,1.3
"2581","FBBO","3RK",325,325,327,323,325,323,331,333,334,336,336,327,336,332,1.8,1.8,1.8,1.8,1.7,1.7,1.7,1.7,1.6,1.6,1.6,1.6,1.6,1.5
"2581","FBBO","4RK",91,90,90,91,92,92,93,93,91,94,92,90,90,90,2.2,2.3,2.3,2.3,2.2,2.2,2.1,2.1,2.0,1.9,2.0,2.0,2.0,1.9
"2581","FBBO","5RK",..,..,..,..,..,..,..,..,..,..,..,..,..,5,..,..,..,..,..,..,..,..,..,..,..,..,..,..
"2581","FBBO","6+RK",..,..,..,..,..,..,..,..,..,..,..,..,..,0,..,..,..,..,..,..,..,..,..,..,..,..,..,..
"2581","FBBO","UPPGSAKNs",9,32,32,31,33,32,33,29,31,31,31,33,33,34,1.1,2.0,2.0,2.0,1.9,2.2,2.1,2.3,2.1,2.0,2.1,2.1,2.2,1.9
"2581","FBHY0","TOTs",5437,5518,5661,5757,5873,6036,6330,6474,6531,6531,6658,6730,6811,6845,1.5,1.5,1.5,1.5,1.5,1.5,1.5,1.5,1.5,1.5,1.5,1.5,1.5,1.5
"2581","FBHY0","1R+",..,..,..,..,..,..,..,..,..,..,..,..,..,0,..,..,..,..,..,..,..,..,..,..,..,..,..,..
"2581","FBHY0","1RKV+KS",382,395,402,413,443,444,451,458,480,460,459,465,484,481,1.1,1.1,1.1,1.1,1.1,1.1,1.2,1.1,1.1,1.1,1.1,1.1,1.1,1.1
"2581","FBHY0","1RK",440,441,462,471,481,477,529,567,567,557,580,576,596,596,1.1,1.1,1.1,1.2,1.1,1.1,1.1,1.1,1.1,1.1,1.1,1.1,1.1,1.1
"2581","FBHY0","2RKV+KS",88,88,88,90,86,89,93,93,95,88,96,95,96,99,1.1,1.2,1.1,1.1,1.2,1.2,1.2,1.2,1.2,1.1,1.2,1.3,1.2,1.2
"2581","FBHY0","2RK",2804,2843,2899,2905,2957,3034,3152,3234,3230,3254,3320,3353,3366,3390,1.3,1.3,1.3,1.3,1.3,1.3,1.3,1.3,1.3,1.3,1.3,1.3,1.3,1.3
"2581","FBHY0","3RK",1497,1520,1571,1633,1651,1703,1811,1819,1849,1857,1879,1914,1937,1940,1.9,1.9,1.9,1.9,1.8,1.8,1.8,1.8,1.8,1.8,1.8,1.8,1.8,1.8
"2581","FBHY0","4RK",198,202,205,215,221,254,263,274,275,284,293,295,295,298,2.6,2.6,2.5,2.5,2.5,2.5,2.4,2.5,2.5,2.5,2.5,2.5,2.5,2.5
"2581","FBHY0","5RK",17,18,21,20,22,24,20,18,19,20,18,19,22,19,3.2,3.5,3.6,4.1,3.9,3.6,3.8,3.8,3.8,3.7,3.1,3.9,3.3,3.7
"2581","FBHY0","6+RK",5,5,7,6,7,6,6,5,6,5,5,5,5,7,4.2,4.4,4.3,4.2,5.3,5.3,5.7,5.2,5.0,4.8,4.6,4.4,3.8,..
"2581","FBHY0","UPPGSAKNs",6,6,6,..,5,5,5,6,9,5,7,7,10,9,1.2,1.2,1.7,..,2.2,2.2,2.2,2.7,2.3,1.8,2.4,3.0,2.5,..
"2581","FBBOHY","TOTs",6162,6279,6420,6520,6652,6797,7107,7255,7314,7318,7444,7506,7599,7620,1.5,1.5,1.5,1.5,1.5,1.5,1.5,1.5,1.5,1.5,1.5,1.5,1.5,1.5
"2581","FBBOHY","1R+",..,..,..,..,..,..,..,..,..,..,..,..,..,0,..,..,..,..,..,..,..,..,..,..,..,..,..,..
"2581","FBBOHY","1RKV+KS",382,395,402,413,443,444,456,458,484,465,463,469,488,485,1.1,1.1,1.1,1.1,1.1,1.1,1.2,1.1,1.1,1.1,1.1,1.1,1.1,1.1
"2581","FBBOHY","1RK",467,469,491,502,510,506,558,596,596,589,611,605,627,630,1.1,1.1,1.1,1.1,1.1,1.1,1.1,1.1,1.1,1.1,1.1,1.1,1.1,1.1
"2581","FBBOHY","2RKV+KS",88,88,88,90,86,89,93,93,96,89,97,96,97,102,1.1,1.2,1.1,1.1,1.2,1.2,1.2,1.2,1.2,1.1,1.2,1.3,1.2,1.2
"2581","FBBOHY","2RK",3070,3121,3172,3184,3248,3310,3433,3522,3519,3538,3607,3641,3655,3676,1.3,1.3,1.3,1.3,1.3,1.3,1.3,1.3,1.3,1.3,1.3,1.3,1.3,1.3
"2581","FBBOHY","3RK",1822,1845,1898,1956,1976,2026,2142,2152,2183,2193,2215,2241,2273,2270,1.9,1.9,1.9,1.8,1.8,1.8,1.8,1.8,1.8,1.8,1.8,1.8,1.8,1.8
"2581","FBBOHY","4RK",289,292,295,306,313,346,356,367,366,378,385,385,385,391,2.5,2.5,2.4,2.4,2.4,2.4,2.4,2.4,2.3,2.3,2.4,2.4,2.4,2.4
"2581","FBBOHY","5RK",17,18,21,20,22,24,20,18,23,24,22,23,26,23,3.2,3.5,3.6,4.1,3.9,3.6,3.8,3.8,3.6,3.5,3.0,3.7,3.2,3.5
"2581","FBBOHY","6+RK",5,5,7,6,7,6,6,5,6,5,5,5,5,7,4.2,4.4,4.3,4.2,5.3,5.3,5.7,5.2,5.0,4.8,4.6,4.4,3.8,..
"2581","FBBOHY","UPPGSAKNs",15,38,38,31,38,37,38,35,40,36,38,40,43,42,1.1,1.9,1.9,2.0,2.0,2.2,2.1,2.4,2.1,2.0,2.2,2.3,2.3,2.0
"2581","SPBO","TOTs",817,784,808,762,776,802,787,772,776,779,799,808,868,803,1.1,1.1,1.1,1.2,1.2,1.1,1.1,1.1,1.1,1.1,1.1,1.1,1.1,1.1
"2581","SPBO","1R+",45,42,46,41,49,72,57,60,71,81,84,80,90,76,1.1,1.2,1.2,1.2,1.3,1.2,1.1,1.1,1.2,1.2,1.3,1.1,1.1,1.1
"2581","SPBO","1RKV+KS",314,306,312,283,281,285,281,297,293,294,306,299,308,290,1.1,1.1,1.1,1.1,1.1,1.1,1.1,1.1,1.1,1.1,1.1,1.1,1.1,1.1
"2581","SPBO","1RK",304,300,309,291,298,292,297,261,259,254,250,273,308,282,1.1,1.1,1.1,1.1,1.1,1.1,1.1,1.1,1.1,1.1,1.1,1.1,1.1,1.1
"2581","SPBO","2RKV+KS",24,23,25,26,24,21,20,22,21,26,26,26,27,28,1.1,1.1,1.2,1.3,1.3,1.2,1.3,1.2,1.2,1.4,1.4,1.2,1.2,1.1
"2581","SPBO","2RK",126,110,113,119,120,128,131,131,131,123,132,128,133,125,1.2,1.2,1.2,1.3,1.3,1.2,1.1,1.2,1.2,1.2,1.2,1.1,1.1,1.1
"2581","SPBO","3RK",..,..,..,..,..,..,..,..,..,..,..,..,..,0,..,..,..,..,..,..,..,..,..,..,..,..,..,..
"2581","SPBO","4RK",..,..,..,..,..,..,..,..,..,..,..,..,..,0,..,..,..,..,..,..,..,..,..,..,..,..,..,..
"2581","SPBO","5RK",..,..,..,..,..,..,..,..,..,..,..,..,..,0,..,..,..,..,..,..,..,..,..,..,..,..,..,..
"2581","SPBO","6+RK",..,..,..,..,..,..,..,..,..,..,..,..,..,0,..,..,..,..,..,..,..,..,..,..,..,..,..,..
"2581","SPBO","UPPGSAKNs",..,..,..,..,..,..,..,..,..,..,..,..,..,0,..,..,..,..,..,..,..,..,..,..,..,..,..,..
"2581","OB","TOTs",294,291,291,271,308,279,108,111,112,105,110,110,113,110,1.7,1.7,1.7,1.7,1.7,1.7,2.0,1.9,1.9,2.0,2.0,1.9,1.8,1.8
"2581","OB","1R+",..,..,..,..,..,..,..,..,..,..,..,..,..,0,..,..,..,..,..,..,..,..,..,..,..,..,..,..
"2581","OB","1RKV+KS",6,6,5,6,8,7,..,..,..,..,..,..,..,0,1.0,1.2,1.0,1.0,1.0,1.0,..,..,..,..,..,..,..,..
"2581","OB","1RK",30,27,28,32,29,29,8,8,10,10,10,10,10,10,1.2,1.1,1.2,1.2,1.2,1.1,1.0,1.0,1.0,1.1,1.0,1.0,1.1,1.1
"2581","OB","2RKV+KS",..,..,..,..,..,..,..,..,..,..,..,..,..,0,..,..,..,..,..,..,..,..,..,..,..,..,..,..
"2581","OB","2RK",87,89,90,94,108,94,26,27,27,23,23,29,32,29,1.2,1.2,1.3,1.3,1.2,1.4,1.5,1.4,1.5,1.3,1.3,1.3,1.3,1.3
"2581","OB","3RK",114,114,117,96,114,100,37,39,39,34,36,35,34,33,1.9,1.9,1.9,1.9,1.9,1.9,2.1,1.9,1.9,1.9,2.1,1.8,1.7,1.6
"2581","OB","4RK",27,25,26,20,24,24,11,12,12,13,12,12,12,12,2.1,2.0,2.2,2.4,2.2,2.3,2.7,2.5,2.0,2.5,2.4,2.5,2.5,2.2
"2581","OB","5RK",..,..,..,..,5,..,5,5,5,5,5,5,5,4,..,..,..,..,3.8,..,4.4,4.2,3.8,4.8,4.4,4.6,4.2,..
"2581","OB","6+RK",..,..,..,..,..,..,..,..,..,..,..,..,..,3,..,..,..,..,..,..,..,..,..,..,..,..,..,..
"2581","OB","UPPGSAKNs",23,23,18,16,17,18,19,18,17,17,21,17,18,19,2.2,2.4,2.1,1.9,2.0,1.8,1.5,1.8,2.0,1.9,2.2,2.1,2.2,2.3
"2581","TOT","TOTs",7273,7354,7519,7553,7736,7878,8002,8138,8202,8202,8353,8424,8580,8536,1.5,1.5,1.5,1.5,1.5,1.5,1.5,1.5,1.5,1.5,1.5,1.4,1.4,1.4
"2581","TOT","1R+",45,42,46,41,49,72,57,60,72,82,85,81,90,76,1.1,1.2,1.2,1.2,1.3,1.2,1.1,1.1,1.2,1.2,1.3,1.1,1.1,1.1
"2581","TOT","1RKV+KS",705,710,722,705,736,740,737,759,777,759,769,768,796,776,1.1,1.1,1.1,1.1,1.1,1.1,1.1,1.1,1.1,1.1,1.1,1.1,1.1,1.1
"2581","TOT","1RK",801,796,828,825,837,827,863,865,865,853,871,888,945,921,1.1,1.1,1.1,1.1,1.1,1.1,1.1,1.1,1.1,1.1,1.1,1.1,1.1,1.1
"2581","TOT","2RKV+KS",112,112,114,117,111,111,114,116,117,115,123,122,124,130,1.1,1.2,1.1,1.2,1.2,1.2,1.2,1.2,1.2,1.2,1.2,1.3,1.2,1.2
"2581","TOT","2RK",3283,3320,3375,3397,3476,3532,3590,3680,3677,3684,3762,3798,3820,3825,1.3,1.3,1.3,1.3,1.3,1.3,1.3,1.3,1.3,1.3,1.3,1.3,1.3,1.3
"2581","TOT","3RK",1938,1961,2017,2054,2092,2128,2180,2192,2223,2228,2252,2278,2309,2307,1.9,1.9,1.9,1.8,1.8,1.8,1.8,1.8,1.8,1.8,1.8,1.8,1.8,1.7
"2581","TOT","4RK",317,318,322,326,337,370,367,379,378,391,397,397,397,400,2.4,2.4,2.4,2.4,2.4,2.4,2.4,2.4,2.3,2.3,2.4,2.4,2.4,2.3
"2581","TOT","5RK",25,26,29,28,31,32,29,27,28,29,27,28,31,26,3.1,3.5,3.3,3.8,3.6,3.4,3.6,3.7,3.6,3.7,3.2,3.9,3.3,3.6
"2581","TOT","6+RK",9,8,10,9,10,9,8,7,8,8,8,7,7,6,4.3,4.8,4.6,4.8,5.6,5.7,5.9,5.4,4.9,4.8,4.6,4.6,4.1,..
"2581","TOT","UPPGSAKNs",38,61,56,51,57,57,57,53,57,53,59,57,61,59,1.8,2.1,2.0,1.9,1.9,2.0,1.9,2.2,2.1,2.0,2.2,2.2,2.2,2.1
"2560","FBBO","TOTs",69,69,71,68,67,67,72,72,71,69,70,69,66,70,1.4,1.4,1.5,1.5,1.4,1.4,1.4,1.3,1.3,1.4,1.3,1.3,1.3,1.2
"2560","FBBO","1R+",..,..,..,..,..,..,..,..,..,..,..,..,..,0,..,..,..,..,..,..,..,..,..,..,..,..,..,..
"2560","FBBO","1RKV+KS",..,..,..,..,..,..,..,..,..,..,..,..,..,0,..,..,..,..,..,..,..,..,..,..,..,..,..,..
"2560","FBBO","1RK",..,..,..,..,..,..,..,..,..,..,..,..,..,0,..,..,..,..,..,..,..,..,..,..,..,..,..,..
"2560","FBBO","2RKV+KS",..,..,..,..,..,..,..,..,..,..,..,..,..,0,..,..,..,..,..,..,..,..,..,..,..,..,..,..
"2560","FBBO","2RK",37,37,37,36,34,36,38,38,39,39,37,36,33,37,1.2,1.2,1.3,1.3,1.2,1.2,1.2,1.1,1.1,1.2,1.1,1.2,1.2,1.1
"2560","FBBO","3RK",27,26,28,26,26,26,28,28,26,25,27,28,28,28,1.7,1.7,1.7,1.7,1.6,1.6,1.6,1.6,1.5,1.5,1.5,1.4,1.3,1.3
"2560","FBBO","4RK",..,..,..,..,..,..,..,..,..,..,..,..,..,0,..,..,..,..,..,..,..,..,..,..,..,..,..,..
"2560","FBBO","5RK",..,..,..,..,..,..,..,..,..,..,..,..,..,0,..,..,..,..,..,..,..,..,..,..,..,..,..,..
"2560","FBBO","6+RK",..,..,..,..,..,..,..,..,..,..,..,..,..,0,..,..,..,..,..,..,..,..,..,..,..,..,..,..
"2560","FBBO","UPPGSAKNs",..,..,..,..,..,..,..,..,..,..,..,..,..,0,..,..,..,..,..,..,..,..,..,..,..,..,..,..
"2560","FBHY0","TOTs",869,902,915,929,925,956,958,971,959,954,944,944,941,951,1.5,1.5,1.5,1.5,1.5,1.5,1.5,1.5,1.5,1.4,1.4,1.4,1.4,1.4
"2560","FBHY0","1R+",..,..,..,..,..,..,..,..,..,..,..,..,..,0,..,..,..,..,..,..,..,..,..,..,..,..,..,..
"2560","FBHY0","1RKV+KS",52,56,60,60,56,61,60,60,55,59,61,54,54,57,1.3,1.1,1.1,1.1,1.2,1.2,1.2,1.1,1.2,1.2,1.1,1.1,1.1,1.2
"2560","FBHY0","1RK",128,136,139,150,151,157,146,146,153,152,153,153,153,150,1.2,1.1,1.1,1.1,1.1,1.2,1.1,1.2,1.2,1.1,1.1,1.1,1.1,1.1
"2560","FBHY0","2RKV+KS",16,17,16,17,16,15,16,16,17,18,18,17,17,19,1.1,1.1,1.1,1.1,1.3,1.2,1.3,1.1,1.1,1.2,1.2,1.2,1.2,1.2
"2560","FBHY0","2RK",414,430,429,442,439,441,451,457,445,444,431,440,438,440,1.3,1.3,1.3,1.3,1.3,1.4,1.3,1.3,1.3,1.4,1.3,1.3,1.3,1.3
"2560","FBHY0","3RK",224,223,231,223,226,243,248,255,253,245,243,243,245,250,1.8,1.7,1.8,1.8,1.9,1.9,1.8,1.8,1.8,1.7,1.6,1.6,1.6,1.6
"2560","FBHY0","4RK",25,30,31,28,28,30,29,28,27,28,30,27,26,27,3.0,3.2,3.2,3.4,3.5,3.4,3.1,2.9,2.7,2.6,2.7,2.7,2.6,2.7
"2560","FBHY0","5RK",..,..,..,..,..,..,..,..,..,..,..,..,..,3,..,..,..,..,..,..,..,..,..,..,..,..,..,..
"2560","FBHY0","6+RK",..,..,..,..,..,..,..,..,..,..,..,..,..,0,..,..,..,..,..,..,..,..,..,..,..,..,..,..
"2560","FBHY0","UPPGSAKNs",..,..,..,..,..,..,..,..,..,..,..,..,..,6,..,..,..,..,..,..,..,..,..,..,..,..,..,..
"2560","FBBOHY","TOTs",938,971,986,997,992,1023,1030,1043,1030,1023,1014,1013,1007,1023,1.5,1.5,1.5,1.5,1.5,1.5,1.5,1.4,1.4,1.4,1.4,1.4,1.4,1.4
"2560","FBBOHY","1R+",..,..,..,..,..,..,..,..,..,..,..,..,..,0,..,..,..,..,..,..,..,..,..,..,..,..,..,..
"2560","FBBOHY","1RKV+KS",52,56,60,60,56,61,60,60,55,59,61,54,54,57,1.3,1.1,1.1,1.1,1.2,1.2,1.2,1.1,1.2,1.2,1.1,1.1,1.1,1.2
"2560","FBBOHY","1RK",128,136,139,150,151,157,146,146,156,155,156,155,156,157,1.2,1.1,1.1,1.1,1.1,1.2,1.1,1.2,1.2,1.1,1.1,1.1,1.1,1.1
"2560","FBBOHY","2RKV+KS",16,17,16,17,16,15,16,16,17,18,18,17,17,19,1.1,1.1,1.1,1.1,1.3,1.2,1.3,1.1,1.1,1.2,1.2,1.2,1.2,1.2
"2560","FBBOHY","2RK",451,467,466,478,473,477,489,495,484,483,468,476,471,476,1.3,1.3,1.3,1.3,1.3,1.4,1.3,1.3,1.3,1.4,1.3,1.3,1.3,1.3
"2560","FBBOHY","3RK",251,249,259,249,252,269,276,283,279,270,270,271,273,276,1.8,1.7,1.8,1.8,1.9,1.8,1.8,1.8,1.7,1.7,1.6,1.6,1.5,1.6
"2560","FBBOHY","4RK",25,30,31,28,28,30,29,28,28,29,31,28,26,28,3.0,3.2,3.2,3.4,3.5,3.4,3.1,2.9,2.7,2.6,2.7,2.8,2.6,2.7
"2560","FBBOHY","5RK",..,..,..,..,..,..,..,..,6,5,6,6,..,8,..,..,..,..,..,..,..,..,2.5,2.2,2.3,2.3,..,..
"2560","FBBOHY","6+RK",..,..,..,..,..,..,..,..,..,..,..,..,..,0,..,..,..,..,..,..,..,..,..,..,..,..,..,..
"2560","FBBOHY","UPPGSAKNs",..,..,..,..,..,..,..,..,..,..,..,..,..,6,..,..,..,..,..,..,..,..,..,..,..,..,..,..
"2560","SPBO","TOTs",59,59,69,68,67,66,71,68,67,68,64,70,75,81,1.2,1.1,1.2,1.3,1.3,1.2,1.3,1.2,1.3,1.2,1.3,1.3,1.2,1.2
"2560","SPBO","1R+",51,51,61,58,57,58,61,58,58,58,55,61,67,71,1.2,1.1,1.1,1.2,1.2,1.1,1.1,1.1,1.2,1.1,1.2,1.2,1.2,1.1
"2560","SPBO","1RKV+KS",..,..,..,..,..,..,..,..,..,..,..,..,..,0,..,..,..,..,..,..,..,..,..,..,..,..,..,..
"2560","SPBO","1RK",..,..,..,..,..,..,..,..,..,..,..,..,..,0,..,..,..,..,..,..,..,..,..,..,..,..,..,..
"2560","SPBO","2RKV+KS",..,..,..,..,..,..,..,..,..,..,..,..,..,0,..,..,..,..,..,..,..,..,..,..,..,..,..,..
"2560","SPBO","2RK",..,..,..,..,..,..,..,..,..,..,..,..,..,3,..,..,..,..,..,..,..,..,..,..,..,..,..,..
"2560","SPBO","3RK",..,..,..,..,..,..,..,..,..,..,..,..,..,3,..,..,..,..,..,..,..,..,..,..,..,..,..,..
"2560","SPBO","4RK",..,..,..,..,..,..,..,..,..,..,..,..,..,0,..,..,..,..,..,..,..,..,..,..,..,..,..,..
"2560","SPBO","5RK",..,..,..,..,..,..,..,..,..,..,..,..,..,0,..,..,..,..,..,..,..,..,..,..,..,..,..,..
"2560","SPBO","6+RK",..,..,..,..,..,..,..,..,..,..,..,..,..,0,..,..,..,..,..,..,..,..,..,..,..,..,..,..
"2560","SPBO","UPPGSAKNs",..,..,..,..,..,..,..,..,..,..,..,..,..,0,..,..,..,..,..,..,..,..,..,..,..,..,..,..
"2560","OB","TOTs",53,51,54,56,53,85,83,69,68,69,69,68,66,74,2.2,2.3,2.4,2.6,2.5,2.2,2.0,2.1,2.0,2.2,2.1,2.2,2.2,2.1
"2560","OB","1R+",..,..,..,..,..,..,..,..,..,..,..,..,..,0,..,..,..,..,..,..,..,..,..,..,..,..,..,..
"2560","OB","1RKV+KS",..,..,..,..,..,..,..,..,6,..,6,7,6,8,..,..,..,..,..,..,..,..,1.0,..,1.0,1.1,1.2,..
"2560","OB","1RK",6,6,5,6,6,13,12,7,9,9,8,7,7,10,2.0,1.7,1.0,2.8,2.8,1.8,1.8,2.0,2.6,2.0,2.0,2.0,1.3,1.6
"2560","OB","2RKV+KS",..,..,..,..,..,..,..,..,..,..,..,..,..,0,..,..,..,..,..,..,..,..,..,..,..,..,..,..
"2560","OB","2RK",12,11,12,12,14,32,28,25,20,18,18,19,17,20,1.5,1.9,1.6,1.8,1.6,1.5,1.5,1.4,1.5,1.9,1.8,1.9,2.1,1.9
"2560","OB","3RK",25,24,28,28,24,31,32,26,26,32,31,29,30,30,2.2,2.5,2.8,2.9,3.0,3.0,2.5,2.4,2.0,2.3,2.0,2.3,2.2,2.1
"2560","OB","4RK",..,..,..,..,..,..,..,..,..,..,..,..,..,3,..,..,..,..,..,..,..,..,..,..,..,..,..,..
"2560","OB","5RK",..,..,..,..,..,..,..,..,..,..,..,..,..,0,..,..,..,..,..,..,..,..,..,..,..,..,..,..
"2560","OB","6+RK",..,..,..,..,..,..,..,..,..,..,..,..,..,0,..,..,..,..,..,..,..,..,..,..,..,..,..,..
"2560","OB","UPPGSAKNs",..,..,..,..,..,..,..,..,..,..,..,..,..,0,..,..,..,..,..,..,..,..,..,..,..,..,..,..
"2560","TOT","TOTs",1050,1081,1109,1121,1112,1174,1184,1180,1165,1160,1147,1151,1148,1174,1.5,1.5,1.5,1.5,1.5,1.6,1.5,1.5,1.5,1.5,1.4,1.4,1.4,1.4
"2560","TOT","1R+",54,54,64,61,59,60,63,60,60,58,55,62,68,71,1.2,1.1,1.1,1.2,1.2,1.2,1.2,1.1,1.2,1.1,1.2,1.2,1.2,1.1
"2560","TOT","1RKV+KS",55,60,64,66,61,66,66,66,63,65,69,63,62,60,1.3,1.1,1.1,1.1,1.2,1.2,1.2,1.2,1.2,1.2,1.1,1.1,1.1,1.2
"2560","TOT","1RK",137,145,147,160,162,172,161,156,165,164,164,162,163,164,1.2,1.2,1.1,1.2,1.2,1.2,1.2,1.2,1.2,1.2,1.1,1.2,1.1,1.1
"2560","TOT","2RKV+KS",18,19,18,19,19,18,19,19,20,21,21,20,20,24,1.2,1.2,1.2,1.2,1.3,1.3,1.3,1.1,1.2,1.2,1.2,1.2,1.2,1.2
"2560","TOT","2RK",466,481,481,493,490,512,521,524,507,505,489,498,491,500,1.3,1.3,1.3,1.3,1.3,1.4,1.3,1.3,1.3,1.4,1.3,1.3,1.3,1.3
"2560","TOT","3RK",277,274,288,277,277,301,310,311,307,304,303,302,304,308,1.8,1.8,1.9,1.9,2.0,2.0,1.9,1.8,1.8,1.8,1.7,1.7,1.6,1.6
"2560","TOT","4RK",29,35,35,32,32,34,33,32,31,32,34,31,29,32,3.2,3.3,3.3,3.4,3.6,3.5,3.3,3.2,3.0,2.8,3.0,3.0,2.9,2.9
"2560","TOT","5RK",6,6,6,6,6,6,6,6,6,5,6,6,..,8,3.5,3.5,3.8,3.8,3.5,3.3,3.3,1.8,2.5,2.2,2.3,2.3,..,..
"2560","TOT","6+RK",..,..,..,..,..,..,..,..,..,..,..,..,..,0,..,..,..,..,..,..,..,..,..,..,..,..,..,..
"2560","TOT","UPPGSAKNs",7,6,5,5,..,..,..,5,5,5,5,6,6,7,2.6,2.3,2.2,2.0,..,..,..,2.8,3.4,3.0,4.0,2.7,2.8,..
"2514","FBBO","TOTs",624,625,639,635,649,640,648,636,647,637,651,649,645,650,1.5,1.5,1.5,1.5,1.5,1.5,1.5,1.5,1.5,1.5,1.5,1.4,1.4,1.4
"2514","FBBO","1R+",..,..,..,..,..,..,..,..,..,..,..,..,..,0,..,..,..,..,..,..,..,..,..,..,..,..,..,..
"2514","FBBO","1RKV+KS",36,40,39,32,39,38,41,36,41,38,46,52,51,47,1.2,1.2,1.2,1.1,1.2,1.1,1.1,1.2,1.2,1.1,1.2,1.1,1.2,1.2
"2514","FBBO","1RK",52,44,48,48,49,49,51,53,52,49,47,48,45,48,1.2,1.3,1.2,1.2,1.1,1.2,1.3,1.2,1.2,1.2,1.2,1.3,1.2,1.1
"2514","FBBO","2RKV+KS",5,5,5,..,5,5,5,5,..,..,..,..,..,3,1.0,1.0,1.0,..,1.2,1.2,1.2,1.2,..,..,..,..,..,..
"2514","FBBO","2RK",252,255,263,266,274,270,266,262,263,266,273,266,267,273,1.3,1.3,1.3,1.3,1.3,1.3,1.3,1.3,1.2,1.3,1.2,1.2,1.2,1.2
"2514","FBBO","3RK",224,227,231,233,233,229,234,230,236,229,231,225,228,229,1.6,1.6,1.6,1.6,1.7,1.7,1.7,1.7,1.7,1.6,1.6,1.5,1.5,1.5
"2514","FBBO","4RK",49,48,47,47,44,44,46,44,46,45,44,48,45,44,2.7,2.6,2.5,2.5,2.5,2.4,2.5,2.2,2.4,2.4,2.6,2.4,2.3,2.1
"2514","FBBO","5RK",..,..,..,..,..,..,..,..,..,..,..,..,..,4,..,..,..,..,..,..,..,..,..,..,..,..,..,..
"2514","FBBO","6+RK",..,..,..,..,..,..,..,..,..,..,..,..,..,0,..,..,..,..,..,..,..,..,..,..,..,..,..,..
"2514","FBBO","UPPGSAKNs",..,..,..,..,..,..,..,..,..,..,..,..,..,0,..,..,..,..,..,..,..,..,..,..,..,..,..,..
"2514","FBHY0","TOTs",1409,1447,1449,1472,1481,1483,1493,1503,1550,1563,1606,1655,1666,1674,1.5,1.5,1.5,1.5,1.5,1.5,1.5,1.5,1.5,1.5,1.5,1.5,1.4,1.4
"2514","FBHY0","1R+",9,9,10,8,9,9,9,11,9,10,10,10,9,8,1.1,1.1,1.1,1.1,1.3,1.3,1.2,1.2,1.2,1.3,1.3,1.2,1.6,..
"2514","FBHY0","1RKV+KS",121,126,128,126,137,134,125,125,127,129,128,122,126,131,1.1,1.1,1.1,1.2,1.2,1.2,1.2,1.2,1.1,1.2,1.2,1.2,1.1,1.1
"2514","FBHY0","1RK",122,127,126,119,122,127,122,119,118,119,130,146,153,158,1.1,1.1,1.1,1.1,1.1,1.1,1.1,1.1,1.1,1.1,1.1,1.1,1.1,1.1
"2514","FBHY0","2RKV+KS",30,29,33,34,33,32,34,34,33,35,35,32,34,37,1.1,1.1,1.1,1.1,1.1,1.1,1.1,1.1,1.1,1.2,1.2,1.2,1.1,1.1
"2514","FBHY0","2RK",593,607,605,634,629,629,634,644,677,676,713,753,763,766,1.3,1.3,1.3,1.3,1.3,1.3,1.3,1.3,1.2,1.2,1.3,1.3,1.3,1.2
"2514","FBHY0","3RK",448,463,465,466,465,469,480,479,498,499,498,499,495,491,1.8,1.8,1.9,1.8,1.9,1.9,1.9,1.8,1.9,1.8,1.8,1.8,1.8,1.8
"2514","FBHY0","4RK",59,56,58,59,58,57,61,61,58,64,62,62,59,56,2.5,2.7,2.6,2.7,2.6,3.0,2.9,2.8,2.9,2.7,2.7,2.6,2.7,2.7
"2514","FBHY0","5RK",5,6,5,6,6,6,5,6,6,7,7,7,6,5,2.8,2.2,2.6,2.5,2.2,2.8,2.6,2.3,3.0,2.3,2.4,2.3,2.3,..
"2514","FBHY0","6+RK",..,..,..,..,..,..,..,..,..,..,..,..,..,3,..,..,..,..,..,..,..,..,..,..,..,..,..,..
"2514","FBHY0","UPPGSAKNs",22,23,18,19,21,19,22,23,23,23,22,23,20,21,1.4,1.6,1.5,1.4,1.4,1.6,1.8,1.5,1.6,1.7,1.3,1.4,1.5,1.5
"2514","FBBOHY","TOTs",2033,2072,2088,2107,2130,2123,2141,2139,2197,2200,2257,2304,2311,2325,1.5,1.5,1.5,1.5,1.5,1.5,1.5,1.5,1.5,1.5,1.5,1.5,1.4,1.4
"2514","FBBOHY","1R+",9,9,10,8,9,9,9,11,9,11,11,11,10,11,1.1,1.1,1.1,1.1,1.3,1.3,1.2,1.2,1.2,1.3,1.3,1.2,1.5,1.5
"2514","FBBOHY","1RKV+KS",157,166,167,158,176,172,166,161,168,167,174,174,177,178,1.1,1.1,1.2,1.2,1.2,1.2,1.2,1.2,1.2,1.2,1.2,1.2,1.2,1.2
"2514","FBBOHY","1RK",174,171,174,167,171,176,173,172,170,168,177,194,198,202,1.1,1.1,1.2,1.1,1.1,1.1,1.2,1.1,1.1,1.1,1.1,1.1,1.1,1.1
"2514","FBBOHY","2RKV+KS",35,34,38,34,38,37,39,39,37,39,39,36,37,42,1.1,1.1,1.1,1.1,1.1,1.1,1.1,1.1,1.1,1.2,1.2,1.2,1.1,1.1
"2514","FBBOHY","2RK",845,862,868,900,903,899,900,906,940,942,986,1019,1030,1036,1.3,1.3,1.3,1.3,1.3,1.3,1.3,1.3,1.2,1.2,1.2,1.2,1.2,1.2
"2514","FBBOHY","3RK",672,690,696,699,698,698,714,709,734,728,729,724,723,720,1.8,1.8,1.8,1.7,1.8,1.8,1.8,1.8,1.8,1.8,1.7,1.7,1.7,1.7
"2514","FBBOHY","4RK",108,104,105,106,102,101,107,105,104,109,106,110,104,101,2.6,2.6,2.6,2.6,2.5,2.7,2.7,2.5,2.7,2.6,2.6,2.5,2.5,2.4
"2514","FBBOHY","5RK",5,6,5,6,6,6,5,6,10,11,11,11,10,14,2.8,2.2,2.6,2.5,2.2,2.8,2.6,2.3,3.3,3.0,3.4,3.1,3.1,2.9
"2514","FBBOHY","6+RK",..,..,..,..,..,..,..,..,..,..,..,..,..,3,..,..,..,..,..,..,..,..,..,..,..,..,..,..
"2514","FBBOHY","UPPGSAKNs",22,23,18,19,21,19,22,23,23,23,22,23,20,21,1.4,1.6,1.5,1.4,1.4,1.6,1.8,1.5,1.6,1.7,1.3,1.4,1.5,1.5
"2514","SPBO","TOTs",201,196,194,219,202,194,198,205,202,206,204,212,207,210,1.1,1.1,1.1,1.1,1.1,1.1,1.1,1.1,1.1,1.1,1.1,1.1,1.1,1.1
"2514","SPBO","1R+",97,92,86,104,95,86,91,93,88,96,90,105,102,104,1.0,1.0,1.0,1.1,1.1,1.0,1.0,1.0,1.0,1.1,1.1,1.1,1.1,1.0
"2514","SPBO","1RKV+KS",61,59,65,66,61,69,68,71,69,64,70,62,64,66,1.2,1.2,1.2,1.2,1.1,1.1,1.1,1.1,1.2,1.2,1.2,1.1,1.1,1.1
"2514","SPBO","1RK",25,25,21,26,25,23,20,22,23,27,27,25,21,18,1.2,1.2,1.0,1.2,1.2,1.2,1.1,1.2,1.1,1.2,1.1,1.0,1.0,1.1
"2514","SPBO","2RKV+KS",..,5,..,5,5,..,..,..,5,5,..,..,5,4,..,1.0,..,1.2,1.0,..,..,..,1.0,1.2,..,..,1.4,..
"2514","SPBO","2RK",15,15,17,18,16,13,14,14,16,13,13,15,14,17,1.1,1.1,1.2,1.3,1.2,1.2,1.2,1.3,1.3,1.2,1.2,1.2,1.2,1.2
"2514","SPBO","3RK",..,..,..,..,..,..,..,..,..,..,..,..,..,0,..,..,..,..,..,..,..,..,..,..,..,..,..,..
"2514","SPBO","4RK",..,..,..,..,..,..,..,..,..,..,..,..,..,0,..,..,..,..,..,..,..,..,..,..,..,..,..,..
"2514","SPBO","5RK",..,..,..,..,..,..,..,..,..,..,..,..,..,0,..,..,..,..,..,..,..,..,..,..,..,..,..,..
"2514","SPBO","6+RK",..,..,..,..,..,..,..,..,..,..,..,..,..,0,..,..,..,..,..,..,..,..,..,..,..,..,..,..
"2514","SPBO","UPPGSAKNs",..,..,..,..,..,..,..,..,..,..,..,..,..,0,..,..,..,..,..,..,..,..,..,..,..,..,..,..
"2514","OB","TOTs",93,93,107,113,112,111,110,114,88,93,79,54,53,52,1.7,1.8,1.6,1.7,1.7,1.6,1.6,1.4,1.4,1.4,1.5,1.7,1.9,1.9
"2514","OB","1R+",..,..,..,..,..,..,..,..,..,..,..,..,..,3,..,..,..,..,..,..,..,..,..,..,..,..,..,..
"2514","OB","1RKV+KS",..,..,..,..,..,..,..,..,..,..,..,..,..,3,..,..,..,..,..,..,..,..,..,..,..,..,..,..
"2514","OB","1RK",..,6,12,12,11,13,12,13,15,16,17,14,14,14,..,2.0,1.4,1.3,2.0,1.4,1.4,1.5,1.1,1.0,1.1,1.1,1.3,1.1
"2514","OB","2RKV+KS",..,..,..,..,..,..,..,..,..,..,..,..,..,0,..,..,..,..,..,..,..,..,..,..,..,..,..,..
"2514","OB","2RK",45,46,50,54,56,54,53,57,45,45,30,12,11,13,1.4,1.4,1.3,1.4,1.4,1.4,1.4,1.2,1.3,1.3,1.4,1.8,1.6,1.8
"2514","OB","3RK",21,21,26,26,26,25,27,27,12,14,13,13,11,11,1.9,2.0,2.0,2.2,1.9,1.9,1.8,1.9,1.6,1.4,1.7,1.9,2.6,2.7
"2514","OB","4RK",5,5,..,..,..,..,..,..,..,..,..,..,..,3,2.8,2.4,..,..,..,..,..,..,..,..,..,..,..,..
"2514","OB","5RK",..,..,..,..,..,..,..,..,..,..,..,..,..,0,..,..,..,..,..,..,..,..,..,..,..,..,..,..
"2514","OB","6+RK",..,..,..,..,..,..,..,..,..,..,..,..,..,0,..,..,..,..,..,..,..,..,..,..,..,..,..,..
"2514","OB","UPPGSAKNs",13,12,12,13,12,12,10,11,11,11,11,10,10,9,2.4,2.3,2.0,1.8,2.0,2.1,2.0,1.6,1.6,1.8,1.7,2.0,1.9,..
"2514","TOT","TOTs",2327,2361,2389,2439,2444,2428,2449,2458,2487,2499,2540,2570,2571,2585,1.5,1.5,1.5,1.5,1.5,1.5,1.5,1.5,1.5,1.4,1.4,1.4,1.4,1.4
"2514","TOT","1R+",110,104,99,114,106,97,103,107,99,111,105,118,116,121,1.0,1.0,1.1,1.1,1.1,1.1,1.0,1.0,1.1,1.1,1.1,1.1,1.2,1.1
"2514","TOT","1RKV+KS",218,225,233,225,238,242,235,233,238,232,245,238,243,247,1.2,1.1,1.2,1.2,1.2,1.1,1.1,1.2,1.2,1.2,1.2,1.1,1.1,1.1
"2514","TOT","1RK",203,202,207,205,207,212,205,207,208,211,221,233,233,235,1.1,1.2,1.2,1.2,1.2,1.2,1.2,1.2,1.1,1.1,1.1,1.1,1.1,1.1
"2514","TOT","2RKV+KS",39,39,42,44,44,41,44,43,42,44,43,40,42,45,1.1,1.1,1.0,1.1,1.1,1.1,1.1,1.1,1.1,1.2,1.2,1.2,1.2,1.2
"2514","TOT","2RK",905,923,935,972,975,966,967,977,1001,1000,1029,1046,1055,1065,1.3,1.3,1.3,1.3,1.3,1.3,1.3,1.3,1.2,1.2,1.3,1.3,1.2,1.2
"2514","TOT","3RK",693,711,722,725,724,723,741,736,746,742,742,737,734,733,1.8,1.8,1.8,1.8,1.8,1.8,1.8,1.8,1.8,1.8,1.7,1.7,1.7,1.7
"2514","TOT","4RK",113,109,109,110,105,104,110,108,106,111,108,111,105,103,2.6,2.6,2.6,2.6,2.5,2.7,2.7,2.5,2.7,2.6,2.6,2.5,2.5,2.4
"2514","TOT","5RK",10,11,9,10,10,10,9,10,10,11,11,11,10,14,3.1,2.6,2.9,2.7,2.7,2.9,2.7,2.7,3.3,3.0,3.4,3.1,3.1,2.9
"2514","TOT","6+RK",..,..,..,..,..,..,..,..,..,..,..,..,..,3,..,..,..,..,..,..,..,..,..,..,..,..,..,..
"2514","TOT","UPPGSAKNs",35,35,31,32,33,31,33,35,35,35,34,34,31,31,1.7,1.8,1.7,1.6,1.6,1.8,1.8,1.5,1.6,1.7,1.4,1.6,1.6,1.5
"00","FBBO","TOTs",806838,822827,846280,867759,891078,914302,941005,967954,988129,1006560,1023237,1037938,1048379,1058473,1.8,1.8,1.8,1.8,1.8,1.8,1.8,1.8,1.8,1.8,1.8,1.8,1.8,1.8
"00","FBBO","1R+",330,329,333,341,339,338,349,353,363,369,404,395,397,391,1.6,1.5,1.6,1.6,1.6,1.6,1.6,1.6,1.5,1.5,1.6,1.6,1.6,1.6
"00","FBBO","1RKV+KS",24201,24758,25389,25741,26381,27052,27581,28003,28295,28369,28623,28775,28655,28869,1.2,1.2,1.2,1.2,1.2,1.2,1.2,1.2,1.2,1.2,1.2,1.2,1.2,1.2
"00","FBBO","1RK",79702,81246,83669,85681,88607,91514,95082,98572,101265,103918,106839,108611,110058,111285,1.3,1.3,1.3,1.3,1.3,1.3,1.3,1.3,1.3,1.2,1.2,1.2,1.2,1.2
"00","FBBO","2RKV+KS",11165,11295,11532,11687,11963,12162,12249,12445,12476,12514,12579,12630,12632,12599,1.4,1.4,1.4,1.4,1.4,1.4,1.4,1.4,1.4,1.4,1.4,1.4,1.4,1.4
"00","FBBO","2RK",278256,283438,290559,297664,305060,313023,322970,333213,340617,346878,351986,356761,360402,363943,1.5,1.5,1.5,1.5,1.5,1.5,1.5,1.5,1.5,1.5,1.5,1.5,1.5,1.5
"00","FBBO","3RK",272252,277475,285424,292621,300109,307121,315224,323216,329327,335089,340094,344667,347549,350399,1.9,2.0,2.0,2.0,2.0,2.0,2.0,2.0,2.0,2.0,2.0,2.0,2.0,2.0
"00","FBBO","4RK",108426,111154,115142,118895,122570,126205,129880,133889,136979,140032,142580,145342,147237,148837,2.5,2.5,2.5,2.5,2.5,2.5,2.5,2.5,2.5,2.5,2.5,2.5,2.5,2.5
"00","FBBO","5RK",24409,24921,25712,26400,27120,27738,28230,28747,29145,29625,30061,30586,30895,31391,2.8,2.8,2.8,2.8,2.8,2.8,2.8,2.8,2.8,2.8,2.8,2.7,2.7,2.7
"00","FBBO","6+RK",5353,5391,5492,5621,5733,5852,5969,6025,6127,6152,6223,6328,6388,6485,2.9,2.9,2.9,2.9,2.9,2.9,2.8,2.8,2.8,2.8,2.8,2.8,2.7,2.7
"00","FBBO","UPPGSAKNs",2744,2820,3028,3108,3196,3297,3471,3491,3535,3614,3848,3843,4166,4277,2.0,2.0,2.1,2.1,2.1,2.1,2.0,2.1,2.0,2.0,2.0,2.0,2.0,1.9
"00","FBHY0","TOTs",1217688,1226876,1246926,1266485,1281480,1298395,1317740,1337544,1358560,1379720,1403267,1429466,1452560,1466296,1.9,1.9,1.9,2.0,2.0,2.0,2.0,2.0,1.9,1.9,1.9,1.9,1.9,1.9
"00","FBHY0","1R+",364,357,355,384,391,381,386,372,385,361,372,386,454,514,1.4,1.4,1.5,1.4,1.4,1.4,1.4,1.4,1.4,1.4,1.4,1.5,1.4,1.4
"00","FBHY0","1RKV+KS",55770,56476,57560,58466,59333,60177,60699,61420,61988,62540,63086,63654,64639,64735,1.3,1.3,1.3,1.3,1.3,1.3,1.3,1.3,1.2,1.2,1.2,1.2,1.2,1.2
"00","FBHY0","1RK",127219,128805,131357,134169,136324,139520,143172,147963,152569,157203,163587,170378,175958,180471,1.3,1.3,1.3,1.3,1.3,1.3,1.3,1.2,1.2,1.2,1.2,1.2,1.2,1.2
"00","FBHY0","2RKV+KS",26509,26587,27040,27339,27311,27451,27530,27770,28037,28206,28386,28565,28641,28692,1.4,1.5,1.5,1.5,1.5,1.5,1.5,1.5,1.4,1.4,1.4,1.4,1.4,1.4
"00","FBHY0","2RK",460019,463375,471324,479266,486179,493697,502594,510412,519155,528371,538357,549397,558826,564862,1.5,1.5,1.5,1.5,1.5,1.5,1.5,1.5,1.5,1.5,1.5,1.4,1.4,1.4
"00","FBHY0","3RK",392361,395120,400743,406461,410527,414740,419637,424533,429439,434511,439513,445086,450319,452449,2.3,2.3,2.3,2.3,2.3,2.4,2.4,2.4,2.3,2.3,2.3,2.3,2.3,2.3
"00","FBHY0","4RK",122655,123414,125229,126919,127961,129071,130257,131467,133159,134611,135800,137669,139264,140091,3.3,3.3,3.3,3.3,3.3,3.3,3.3,3.3,3.3,3.3,3.3,3.2,3.2,3.2
"00","FBHY0","5RK",22615,22687,22893,23019,23055,23078,23109,23222,23367,23462,23544,23689,23790,23842,3.7,3.7,3.7,3.7,3.7,3.7,3.7,3.7,3.7,3.6,3.6,3.6,3.6,3.6
"00","FBHY0","6+RK",4158,4112,4182,4171,4110,4069,4071,4096,4094,4100,4092,4098,4099,4071,3.4,3.5,3.5,3.6,3.6,3.6,3.6,3.5,3.6,3.5,3.5,3.5,3.5,3.5
"00","FBHY0","UPPGSAKNs",6018,5943,6243,6291,6289,6211,6285,6289,6367,6355,6530,6544,6570,6567,1.9,1.9,1.9,1.9,1.9,1.9,1.9,1.9,1.9,1.8,1.8,1.8,1.8,1.8
"00","FBBOHY","TOTs",2024526,2049703,2093206,2134244,2172558,2212697,2258745,2305498,2346689,2386280,2426504,2467404,2500939,2524773,1.9,1.9,1.9,1.9,1.9,1.9,1.9,1.9,1.9,1.9,1.9,1.8,1.8,1.8
"00","FBBOHY","1R+",694,686,688,725,730,719,735,725,748,730,776,781,851,905,1.5,1.5,1.5,1.5,1.5,1.5,1.5,1.5,1.5,1.5,1.5,1.5,1.5,1.4
"00","FBBOHY","1RKV+KS",79971,81234,82949,84207,85714,87229,88280,89423,90283,90909,91709,92429,93294,93604,1.3,1.3,1.3,1.3,1.3,1.3,1.3,1.2,1.2,1.2,1.2,1.2,1.2,1.2
"00","FBBOHY","1RK",206921,210051,215026,219850,224931,231034,238254,246535,253834,261121,270426,278989,286016,291754,1.3,1.3,1.3,1.3,1.3,1.3,1.3,1.3,1.2,1.2,1.2,1.2,1.2,1.2
"00","FBBOHY","2RKV+KS",37674,37882,38572,39026,39274,39613,39779,40215,40513,40720,40965,41195,41273,41291,1.4,1.4,1.4,1.4,1.5,1.5,1.5,1.4,1.4,1.4,1.4,1.4,1.4,1.4
"00","FBBOHY","2RK",738275,746813,761883,776930,791239,806720,825564,843625,859772,875249,890343,906158,919228,928806,1.5,1.5,1.5,1.5,1.5,1.5,1.5,1.5,1.5,1.5,1.5,1.4,1.4,1.4
"00","FBBOHY","3RK",664613,672595,686167,699082,710636,721861,734861,747749,758766,769600,779607,789753,797868,802848,2.1,2.1,2.2,2.2,2.2,2.2,2.2,2.2,2.2,2.2,2.2,2.2,2.1,2.1
"00","FBBOHY","4RK",231081,234568,240371,245814,250531,255276,260137,265356,270138,274643,278380,283011,286501,288926,2.9,2.9,2.9,2.9,2.9,2.9,2.9,2.9,2.9,2.9,2.9,2.8,2.8,2.8
"00","FBBOHY","5RK",47024,47608,48605,49419,50175,50816,51339,51969,52512,53087,53605,54275,54685,55234,3.2,3.2,3.2,3.2,3.2,3.2,3.2,3.2,3.2,3.2,3.1,3.1,3.1,3.1
"00","FBBOHY","6+RK",9511,9503,9674,9792,9843,9921,10040,10121,10221,10252,10315,10426,10487,10553,3.1,3.1,3.2,3.2,3.2,3.2,3.1,3.1,3.1,3.1,3.1,3.0,3.0,3.0
"00","FBBOHY","UPPGSAKNs",8762,8763,9271,9399,9485,9508,9756,9780,9902,9969,10378,10387,10736,10843,1.9,1.9,1.9,1.9,1.9,1.9,1.9,1.9,1.9,1.9,1.9,1.9,1.9,1.8
"00","SPBO","TOTs",130769,134373,140731,144813,150750,153948,155764,157824,159688,165510,171657,177054,184344,189969,1.2,1.3,1.2,1.2,1.2,1.2,1.3,1.3,1.2,1.2,1.2,1.2,1.2,1.2
"00","SPBO","1R+",27664,27968,29032,28864,29751,30291,29989,29727,29689,30145,30449,30271,31381,32075,1.2,1.2,1.2,1.1,1.2,1.2,1.2,1.2,1.2,1.2,1.2,1.2,1.2,1.2
"00","SPBO","1RKV+KS",53103,55005,57871,59956,61675,62649,63230,63718,63485,65455,67361,69386,72317,75255,1.1,1.1,1.1,1.1,1.1,1.1,1.1,1.1,1.1,1.1,1.1,1.1,1.1,1.1
"00","SPBO","1RK",14580,15063,15973,16960,19121,20149,20911,22214,23817,26117,28657,31267,33149,34092,1.2,1.2,1.2,1.1,1.2,1.2,1.2,1.2,1.1,1.1,1.1,1.1,1.1,1.1
"00","SPBO","2RKV+KS",9844,10089,10498,10743,10923,10948,10839,10766,10547,10530,10536,10597,10741,10758,1.4,1.4,1.4,1.4,1.4,1.4,1.4,1.4,1.4,1.4,1.4,1.4,1.4,1.4
"00","SPBO","2RK",18960,19399,20273,21068,21850,22306,22655,23153,23645,24388,25239,26048,27065,27851,1.3,1.3,1.3,1.3,1.3,1.3,1.4,1.4,1.4,1.3,1.3,1.3,1.3,1.3
"00","SPBO","3RK",5275,5440,5631,5757,5883,6040,6419,6515,6738,6967,7455,7526,7715,7920,2.0,2.0,2.0,2.0,2.0,2.0,2.0,2.0,2.1,2.1,2.1,2.0,2.0,2.0
"00","SPBO","4RK",936,974,1007,996,1012,1013,1061,1065,1080,1086,1121,1138,1123,1133,2.7,2.7,2.8,2.7,2.7,2.8,2.8,2.7,2.8,2.7,2.7,2.7,2.7,2.7
"00","SPBO","5RK",31,36,37,33,36,42,44,48,66,84,85,87,81,85,2.9,3.3,3.4,3.6,3.3,3.4,3.8,3.8,3.3,3.3,3.3,3.1,3.4,3.3
"00","SPBO","6+RK",65,67,66,70,83,82,83,71,69,69,72,71,62,66,4.5,4.3,4.6,4.5,4.3,4.0,4.1,4.3,4.2,4.3,4.8,4.2,3.3,3.0
"00","SPBO","UPPGSAKNs",311,332,343,366,416,428,533,547,552,669,682,663,710,734,1.3,1.3,1.3,1.4,1.4,1.4,1.4,1.3,1.3,1.3,1.3,1.3,1.3,1.3
"00","OB","TOTs",60004,61232,62096,62614,63387,63877,64589,64585,64440,64631,63700,63377,63128,62707,1.9,1.9,1.9,1.9,1.9,1.9,1.9,1.9,1.9,1.9,1.9,1.8,1.8,1.8
"00","OB","1R+",111,109,109,108,117,123,127,131,135,125,126,110,129,118,1.6,1.5,1.7,1.7,1.7,1.6,1.5,1.5,1.5,1.6,1.6,1.5,1.6,1.5
"00","OB","1RKV+KS",3402,3528,3631,3780,3689,3729,3779,3665,3601,3581,3573,3380,3422,3432,1.2,1.2,1.3,1.3,1.3,1.3,1.3,1.2,1.2,1.2,1.2,1.2,1.2,1.2
"00","OB","1RK",5584,5838,6048,6133,6411,6701,7054,7147,7477,7831,7510,7632,7760,7650,1.3,1.3,1.3,1.3,1.3,1.3,1.3,1.3,1.3,1.3,1.3,1.3,1.3,1.2
"00","OB","2RKV+KS",1824,1795,1670,1636,1638,1684,1708,1715,1624,1620,1556,1576,1596,1523,1.4,1.4,1.4,1.4,1.5,1.4,1.4,1.5,1.5,1.4,1.4,1.4,1.4,1.4
"00","OB","2RK",18092,18559,19198,19539,19850,20044,20293,20404,20546,20582,20699,20750,20731,20651,1.5,1.5,1.5,1.5,1.5,1.5,1.5,1.5,1.5,1.5,1.5,1.5,1.5,1.4
"00","OB","3RK",15023,15301,15601,15672,15894,16030,16165,16148,15997,15826,15521,15472,15386,15228,2.0,2.1,2.1,2.1,2.1,2.1,2.2,2.2,2.1,2.1,2.1,2.1,2.1,2.0
"00","OB","4RK",7075,7239,7358,7375,7478,7517,7507,7484,7389,7408,7372,7292,7190,7194,2.7,2.7,2.7,2.7,2.8,2.8,2.8,2.8,2.7,2.7,2.7,2.7,2.7,2.7
"00","OB","5RK",2518,2511,2571,2579,2613,2592,2568,2533,2493,2549,2444,2386,2319,2296,2.9,2.9,3.0,3.0,3.1,3.0,3.0,3.0,3.0,3.0,2.9,2.9,3.0,2.9
"00","OB","6+RK",1068,1070,1048,1052,1045,1037,1037,1034,999,980,973,944,925,911,3.2,3.2,3.3,3.2,3.3,3.4,3.3,3.3,3.2,3.2,3.2,3.2,3.1,3.2
"00","OB","UPPGSAKNs",5307,5282,4862,4740,4652,4420,4351,4324,4179,4129,3926,3835,3670,3698,2.3,2.2,2.3,2.3,2.3,2.3,2.3,2.3,2.3,2.2,2.3,2.2,2.2,2.2
"00","TOT","TOTs",2215299,2245308,2296033,2341671,2386695,2430522,2479098,2527907,2570817,2616421,2661861,2707835,2748411,2777445,1.8,1.8,1.9,1.9,1.9,1.9,1.9,1.9,1.8,1.8,1.8,1.8,1.8,1.8
"00","TOT","1R+",28469,28763,29829,29697,30598,31133,30851,30583,30572,31000,31351,31162,32361,33100,1.2,1.2,1.2,1.2,1.2,1.2,1.2,1.2,1.2,1.2,1.2,1.2,1.2,1.2
"00","TOT","1RKV+KS",136476,139767,144451,147943,151078,153607,155289,156806,157369,159945,162643,165195,169033,172292,1.2,1.2,1.2,1.2,1.2,1.2,1.2,1.2,1.2,1.2,1.2,1.2,1.2,1.2
"00","TOT","1RK",227085,230952,237047,242943,250463,257884,266219,275896,285128,295069,306593,317888,326925,333497,1.3,1.3,1.3,1.3,1.3,1.3,1.3,1.3,1.2,1.2,1.2,1.2,1.2,1.2
"00","TOT","2RKV+KS",49342,49766,50740,51405,51835,52245,52326,52696,52684,52870,53057,53368,53610,53579,1.4,1.4,1.4,1.4,1.4,1.5,1.5,1.4,1.4,1.4,1.4,1.4,1.4,1.4
"00","TOT","2RK",775327,784771,801354,817537,832939,849070,868512,887182,903963,920219,936281,952956,967024,977308,1.5,1.5,1.5,1.5,1.5,1.5,1.5,1.5,1.5,1.5,1.5,1.4,1.4,1.4
"00","TOT","3RK",684911,693336,707399,720511,732413,743931,757445,770412,781501,792393,802583,812751,820969,826000,2.1,2.1,2.2,2.2,2.2,2.2,2.2,2.2,2.2,2.2,2.2,2.1,2.1,2.1
"00","TOT","4RK",239092,242781,248736,254185,259021,263806,268705,273905,278607,283137,286873,291441,294814,297255,2.9,2.9,2.9,2.9,2.9,2.9,2.9,2.9,2.9,2.9,2.9,2.8,2.8,2.8
"00","TOT","5RK",49573,50155,51213,52031,52824,53450,53951,54550,55071,55720,56134,56748,57085,57611,3.2,3.2,3.2,3.2,3.2,3.2,3.2,3.2,3.2,3.1,3.1,3.1,3.1,3.1
"00","TOT","6+RK",10644,10640,10788,10914,10971,11040,11160,11226,11289,11301,11360,11441,11474,11536,3.1,3.2,3.2,3.2,3.2,3.2,3.2,3.1,3.1,3.1,3.1,3.1,3.0,3.0
"00","TOT","UPPGSAKNs",14380,14377,14476,14505,14553,14356,14640,14651,14633,14767,14986,14885,15116,15275,2.0,2.0,2.0,2.0,2.0,2.0,2.0,2.0,2.0,2.0,2.0,1.9,1.9,1.9
