"Region","Hustyp","Upplatelseform","BO0104AH 2013","BO0104AH 2014","BO0104AH 2015","BO0104AH 2016","BO0104AH 2017","BO0104AH 2018","BO0104AH 2019","BO0104AH 2020","BO0104AH 2021","BO0104AH 2022","BO0104AH 2023","BO0104AH 2024","BO0104AH 2025"
"2580","SMÅHUS","1",233,213,215,212,214,215,221,230,236,235,238,230,246
"2580","SMÅHUS","2",175,169,167,207,208,365,367,367,397,431,453,454,454
"2580","SMÅHUS","3",14231,14271,14328,14595,14648,14656,14637,14672,14680,14675,14630,14645,14791
"2580","SMÅHUS","ÖVRIGT",4,2,1,1,1,1,1,1,1,1,2,2,2
"2580","FLERBOST","1",13236,13330,13308,12949,13126,13394,13368,13404,13681,13983,14475,14541,14633
"2580","FLERBOST","2",7273,7428,7494,7933,8056,8067,8261,8350,8466,8477,8478,8483,8482
"2580","FLERBOST","3",0,0,0,0,0,0,0,0,0,0,0,0,0
"2580","FLERBOST","ÖVRIGT",0,28,0,0,0,0,0,0,0,0,0,0,0
"2580","ÖVRHUS","1",465,468,473,480,465,494,484,485,501,500,501,493,495
"2580","ÖVRHUS","2",49,49,49,50,67,64,64,64,64,66,66,66,66
"2580","ÖVRHUS","3",0,0,0,0,0,0,0,0,0,0,0,0,0
"2580","ÖVRHUS","ÖVRIGT",0,0,0,0,0,0,0,0,0,0,0,0,0
"2580","SPEC","1",2862,2964,3053,3376,3469,3484,3832,3936,4104,4100,4059,4038,4008
"2580","SPEC","2",16,17,17,18,18,18,18,18,18,18,17,18,18
"2580","SPEC","3",0,0,0,0,0,0,0,0,0,0,0,0,0
"2580","SPEC","ÖVRIGT",72,72,0,0,0,0,0,0,0,0,0,0,0
"2582","SMÅHUS","1",104,119,125,124,123,145,147,193,190,240,262,272,278
"2582","SMÅHUS","2",337,341,346,346,349,328,330,429,432,432,432,431,434
"2582","SMÅHUS","3",6988,7050,7043,7093,7118,7165,7153,7279,7320,7297,7296,7289,7303
"2582","SMÅHUS","ÖVRIGT",5,10,0,0,0,0,1,1,1,1,2,3,3
"2582","FLERBOST","1",4744,4750,4797,4819,4908,5130,5131,5272,5312,5329,5486,5433,5693
"2582","FLERBOST","2",1412,1412,1365,1365,1365,1411,1411,1313,1313,1313,1313,1313,1313
"2582","FLERBOST","3",0,0,0,0,0,0,0,0,0,0,0,0,0
"2582","FLERBOST","ÖVRIGT",0,0,0,0,0,0,0,0,0,0,0,54,0
"2582","ÖVRHUS","1",256,254,257,259,193,2,2,2,2,2,2,2,2
"2582","ÖVRHUS","2",22,22,22,22,22,2,0,0,0,0,0,0,0
"2582","ÖVRHUS","3",0,0,0,0,0,0,0,0,0,0,0,0,0
"2582","ÖVRHUS","ÖVRIGT",0,0,0,0,0,0,0,0,0,0,0,0,0
"2582","SPEC","1",700,708,714,746,789,858,1019,887,889,978,989,2448,3189
"2582","SPEC","2",3,3,3,3,3,1,1,1,1,1,1,1,1
"2582","SPEC","3",0,0,0,0,0,0,0,0,0,0,0,0,0
"2582","SPEC","ÖVRIGT",0,0,0,0,0,0,0,0,0,0,0,37,0
"2581","SMÅHUS","1",132,128,134,147,153,162,162,159,169,170,168,169,175
"2581","SMÅHUS","2",176,176,176,176,176,176,145,145,145,145,145,145,145
"2581","SMÅHUS","3",11161,11185,11196,11426,11418,11463,11523,11578,11634,11641,11622,11696,11714
"2581","SMÅHUS","ÖVRIGT",1,2,3,5,5,5,6,7,3,3,3,3,4
"2581","FLERBOST","1",6309,6447,6553,6596,6774,7185,7192,7330,7410,7454,7476,7472,7481
"2581","FLERBOST","2",831,831,831,831,831,831,831,832,832,832,832,832,832
"2581","FLERBOST","3",0,0,0,0,0,0,0,0,0,0,0,0,0
"2581","FLERBOST","ÖVRIGT",0,0,0,0,0,0,0,0,0,0,0,0,0
"2581","ÖVRHUS","1",376,381,380,385,350,153,159,161,156,163,160,162,161
"2581","ÖVRHUS","2",0,0,0,0,0,0,0,0,0,0,0,0,0
"2581","ÖVRHUS","3",0,0,0,0,0,0,0,0,0,0,0,0,0
"2581","ÖVRHUS","ÖVRIGT",0,0,0,0,0,0,0,0,0,0,0,0,0
"2581","SPEC","1",1231,1225,1233,1237,1269,1270,1330,1330,1326,1315,1315,1312,1318
"2581","SPEC","2",0,0,0,0,0,0,0,0,0,0,0,0,0
"2581","SPEC","3",0,0,0,0,0,0,0,0,0,0,0,0,0
"2581","SPEC","ÖVRIGT",0,0,0,0,0,0,0,0,0,0,0,0,0
"2560","SMÅHUS","1",39,42,59,54,63,64,59,66,70,81,79,76,79
"2560","SMÅHUS","2",0,0,0,0,0,0,0,0,0,0,0,0,0
"2560","SMÅHUS","3",2690,2700,2690,2695,2709,2706,2704,2703,2689,2650,2641,2673,2689
"2560","SMÅHUS","ÖVRIGT",0,3,0,0,0,0,1,0,0,0,0,0,0
"2560","FLERBOST","1",1155,1155,1155,1155,1186,1188,1188,1189,1192,1192,1192,1192,1192
"2560","FLERBOST","2",76,76,76,76,76,76,76,76,76,76,76,76,76
"2560","FLERBOST","3",0,0,0,0,0,0,0,0,0,0,0,0,0
"2560","FLERBOST","ÖVRIGT",0,0,0,0,0,0,0,0,0,0,0,0,0
"2560","ÖVRHUS","1",71,78,78,78,126,126,135,135,138,137,137,137,139
"2560","ÖVRHUS","2",0,0,0,0,0,0,0,0,0,0,0,0,0
"2560","ÖVRHUS","3",0,0,0,0,0,0,0,0,0,0,0,0,0
"2560","ÖVRHUS","ÖVRIGT",0,0,0,0,0,0,0,0,0,0,0,0,0
"2560","SPEC","1",140,140,145,145,145,145,150,150,150,150,150,150,150
"2560","SPEC","2",0,0,0,0,0,0,0,0,0,0,0,0,0
"2560","SPEC","3",0,0,0,0,0,0,0,0,0,0,0,0,0
"2560","SPEC","ÖVRIGT",0,0,0,0,0,0,0,0,0,0,0,0,0
"2514","SMÅHUS","1",116,111,124,124,126,117,126,123,121,123,130,134,139
"2514","SMÅHUS","2",71,71,71,71,71,71,71,71,71,71,71,71,71
"2514","SMÅHUS","3",5207,5176,5141,5211,5202,5186,5145,5140,5135,5119,5080,5062,5050
"2514","SMÅHUS","ÖVRIGT",1,1,0,0,0,0,0,0,0,0,0,0,1
"2514","FLERBOST","1",1781,1757,1802,1820,1828,1876,1876,1923,1915,1947,1981,1986,1995
"2514","FLERBOST","2",736,735,735,735,735,735,735,735,735,735,735,735,735
"2514","FLERBOST","3",0,0,0,0,0,0,0,0,0,0,0,0,0
"2514","FLERBOST","ÖVRIGT",0,0,0,0,0,0,0,0,0,0,0,0,0
"2514","ÖVRHUS","1",122,149,156,160,160,158,173,135,135,121,97,88,88
"2514","ÖVRHUS","2",0,0,0,0,0,0,0,0,0,0,0,0,0
"2514","ÖVRHUS","3",0,0,0,0,0,0,0,0,0,0,0,0,0
"2514","ÖVRHUS","ÖVRIGT",0,0,0,0,0,0,0,0,0,0,0,0,0
"2514","SPEC","1",424,435,439,439,439,439,439,439,439,439,439,439,489
"2514","SPEC","2",0,0,0,0,0,0,0,0,0,0,0,0,0
"2514","SPEC","3",0,0,0,0,0,0,0,0,0,0,0,0,0
"2514","SPEC","ÖVRIGT",0,0,0,0,0,0,0,0,0,0,0,0,0
"0319","SMÅHUS","1",136,132,137,145,148,120,117,124,127,135,136,139,141
"0319","SMÅHUS","2",130,130,130,130,130,130,130,130,130,130,146,146,146
"0319","SMÅHUS","3",2688,2684,2696,2727,2744,2768,2789,2793,2807,2819,2834,2828,2820
"0319","SMÅHUS","ÖVRIGT",1,1,1,2,2,2,2,2,2,2,2,2,2
"0319","FLERBOST","1",1068,1068,1068,1073,1073,1082,1085,1126,1125,1154,1154,1154,1156
"0319","FLERBOST","2",145,145,145,145,145,145,145,145,145,145,145,145,145
"0319","FLERBOST","3",0,0,0,0,0,0,0,0,0,0,0,0,0
"0319","FLERBOST","ÖVRIGT",0,0,0,0,0,0,0,0,0,0,0,0,0
"0319","ÖVRHUS","1",13,13,18,16,16,16,16,16,18,22,22,22,21
"0319","ÖVRHUS","2",0,0,0,0,0,0,0,0,0,0,0,0,0
"0319","ÖVRHUS","3",0,0,0,0,0,0,0,0,0,0,0,0,0
"0319","ÖVRHUS","ÖVRIGT",0,0,0,0,0,0,0,0,0,0,0,0,0
"0319","SPEC","1",238,238,238,238,236,236,189,315,312,312,312,312,312
"0319","SPEC","2",0,0,0,0,0,0,0,0,0,0,0,0,0
"0319","SPEC","3",0,0,0,0,0,0,0,0,0,0,0,0,0
"0319","SPEC","ÖVRIGT",0,0,0,0,0,0,0,0,0,0,0,0,0
"0780","SMÅHUS","1",1283,1341,1341,1345,1379,1370,1376,1380,1365,1371,1380,1371,1372
"0780","SMÅHUS","2",956,1070,1145,1210,1321,1450,1503,1545,1597,1698,1682,1682,1716
"0780","SMÅHUS","3",15991,16070,16116,16242,16362,16400,16521,16605,16710,16768,16836,16831,16933
"0780","SMÅHUS","ÖVRIGT",8,5,0,0,0,0,0,0,0,0,0,0,0
"0780","FLERBOST","1",12954,13317,13442,13462,13486,13549,13964,14335,14715,15580,16980,17102,17132
"0780","FLERBOST","2",3837,4190,4412,4745,4980,5577,5919,6198,6345,6817,6956,7026,7100
"0780","FLERBOST","3",7,7,15,15,15,15,15,15,32,36,40,60,60
"0780","FLERBOST","ÖVRIGT",22,23,11,11,11,11,11,11,0,0,0,0,0
"0780","ÖVRHUS","1",1188,951,949,964,929,972,965,972,976,577,500,484,427
"0780","ÖVRHUS","2",494,327,355,364,405,651,651,651,651,275,275,275,334
"0780","ÖVRHUS","3",0,0,0,0,0,0,0,0,0,0,0,0,0
"0780","ÖVRHUS","ÖVRIGT",0,0,0,0,0,0,0,0,0,0,0,0,0
"0780","SPEC","1",5026,5090,5144,5272,5456,5762,5659,5670,5724,5837,5858,5858,5906
"0780","SPEC","2",23,23,23,23,23,23,23,23,23,23,23,23,23
"0780","SPEC","3",0,0,0,0,0,0,0,0,0,0,0,0,0
"0780","SPEC","ÖVRIGT",25,0,0,0,0,0,0,0,0,0,0,0,0
"1427","SMÅHUS","1",426,434,429,435,459,468,457,456,459,466,467,472,472
"1427","SMÅHUS","2",85,85,85,126,124,219,219,260,267,260,257,256,256
"1427","SMÅHUS","3",2865,2849,2871,2909,2894,2890,2897,2980,2973,3026,2985,2969,2984
"1427","SMÅHUS","ÖVRIGT",6,14,0,0,0,5,5,5,0,0,0,0,0
"1427","FLERBOST","1",897,897,897,908,912,901,896,900,903,915,952,952,949
"1427","FLERBOST","2",90,90,95,175,216,449,476,476,499,528,528,555,555
"1427","FLERBOST","3",20,20,50,50,50,51,51,51,59,63,63,63,62
"1427","FLERBOST","ÖVRIGT",0,0,0,0,0,0,0,0,0,0,0,0,4
"1427","ÖVRHUS","1",83,85,85,85,82,102,105,109,101,104,102,101,103
"1427","ÖVRHUS","2",9,9,9,17,17,8,8,8,16,16,15,15,15
"1427","ÖVRHUS","3",0,0,0,0,0,0,0,0,0,0,0,0,0
"1427","ÖVRHUS","ÖVRIGT",0,0,0,0,0,0,0,0,0,0,0,0,0
"1427","SPEC","1",7,7,7,23,23,23,118,118,118,118,118,118,154
"1427","SPEC","2",0,0,0,0,0,0,0,0,0,0,0,0,0
"1427","SPEC","3",0,0,0,0,0,0,0,0,0,0,0,0,1
"1427","SPEC","ÖVRIGT",0,0,0,0,0,0,0,0,0,0,0,0,0
"1430","SMÅHUS","1",152,139,153,163,159,157,154,158,150,150,146,149,145
"1430","SMÅHUS","2",152,152,152,152,152,152,152,152,152,152,152,152,152
"1430","SMÅHUS","3",3266,3285,3273,3339,3352,3343,3335,3352,3372,3364,3371,3335,3341
"1430","SMÅHUS","ÖVRIGT",0,2,0,0,0,0,0,0,0,0,0,0,0
"1430","FLERBOST","1",935,975,1013,1023,1025,1028,1056,1067,1090,1093,1100,1099,1099
"1430","FLERBOST","2",108,108,108,108,108,108,108,108,108,108,108,109,109
"1430","FLERBOST","3",0,0,0,0,0,0,0,0,0,0,0,0,0
"1430","FLERBOST","ÖVRIGT",0,0,0,0,0,0,0,0,0,0,0,0,0
"1430","ÖVRHUS","1",53,53,54,47,61,68,53,54,57,61,57,57,59
"1430","ÖVRHUS","2",0,0,0,0,0,0,0,0,0,0,0,0,0
"1430","ÖVRHUS","3",0,0,0,0,0,0,0,0,0,0,0,0,0
"1430","ÖVRHUS","ÖVRIGT",0,0,0,0,0,0,0,0,0,0,0,0,0
"1430","SPEC","1",179,179,179,179,179,180,185,221,208,208,208,208,208
"1430","SPEC","2",0,0,0,0,0,0,0,0,0,0,0,0,0
"1430","SPEC","3",0,0,0,0,0,0,0,0,0,0,0,0,0
"1430","SPEC","ÖVRIGT",0,0,0,0,0,0,0,0,0,0,0,0,0
"1439","SMÅHUS","1",316,316,317,322,325,326,319,320,320,319,319,321,326
"1439","SMÅHUS","2",82,82,82,82,82,82,82,82,82,82,82,82,82
"1439","SMÅHUS","3",2172,2173,2168,2191,2200,2212,2223,2217,2211,2211,2195,2197,2228
"1439","SMÅHUS","ÖVRIGT",2,0,0,0,1,0,0,0,0,1,1,3,0
"1439","FLERBOST","1",431,431,431,431,432,432,432,442,442,442,462,462,465
"1439","FLERBOST","2",0,0,0,0,0,0,0,0,0,0,0,0,0
"1439","FLERBOST","3",0,0,0,0,0,0,0,0,0,0,0,0,0
"1439","FLERBOST","ÖVRIGT",0,0,0,0,0,0,0,0,0,0,0,0,0
"1439","ÖVRHUS","1",34,39,40,40,40,42,42,51,54,54,53,54,55
"1439","ÖVRHUS","2",3,3,3,3,3,3,3,3,3,3,3,3,3
"1439","ÖVRHUS","3",0,0,0,0,0,0,0,0,0,0,0,0,0
"1439","ÖVRHUS","ÖVRIGT",0,0,0,0,0,0,0,0,0,0,0,0,0
"1439","SPEC","1",159,159,159,169,169,169,169,155,156,156,156,165,165
"1439","SPEC","2",0,0,0,0,0,0,0,0,0,0,0,0,0
"1439","SPEC","3",0,0,0,0,0,0,0,0,0,0,0,0,0
"1439","SPEC","ÖVRIGT",0,0,0,0,0,0,0,0,0,0,0,0,0
"1444","SMÅHUS","1",41,41,43,45,46,45,48,51,52,52,54,52,55
"1444","SMÅHUS","2",169,169,169,169,169,169,169,169,169,169,169,167,169
"1444","SMÅHUS","3",1829,1835,1834,1855,1859,1851,1850,1857,1859,1864,1857,1847,1865
"1444","SMÅHUS","ÖVRIGT",1,0,1,0,0,1,1,0,0,0,0,0,0
"1444","FLERBOST","1",421,434,445,455,464,471,468,472,473,473,473,477,477
"1444","FLERBOST","2",28,28,28,28,28,28,28,28,28,28,28,28,28
"1444","FLERBOST","3",0,0,0,0,0,0,0,0,0,0,0,0,0
"1444","FLERBOST","ÖVRIGT",0,0,0,0,0,0,0,0,0,0,0,0,0
"1444","ÖVRHUS","1",30,32,34,34,34,48,48,53,53,54,55,55,55
"1444","ÖVRHUS","2",0,0,0,0,0,0,0,0,0,0,0,0,0
"1444","ÖVRHUS","3",0,0,0,0,0,0,0,0,0,0,0,0,0
"1444","ÖVRHUS","ÖVRIGT",0,0,0,0,0,0,0,0,0,0,0,0,0
"1444","SPEC","1",143,143,139,120,129,129,129,125,126,126,126,126,154
"1444","SPEC","2",0,0,0,0,0,0,0,0,0,0,0,0,0
"1444","SPEC","3",0,0,0,0,0,0,0,0,0,0,0,0,0
"1444","SPEC","ÖVRIGT",0,0,0,0,0,0,0,0,0,0,0,0,0
"1461","SMÅHUS","1",179,171,190,196,211,203,183,200,207,197,192,206,204
"1461","SMÅHUS","2",130,130,130,130,130,130,130,130,130,130,130,122,123
"1461","SMÅHUS","3",2965,2976,2990,3011,3027,3030,2781,3022,3029,3030,3014,3017,2999
"1461","SMÅHUS","ÖVRIGT",1,0,0,0,0,0,0,0,0,0,0,1,2
"1461","FLERBOST","1",995,947,947,936,957,909,945,945,953,992,984,1038,1055
"1461","FLERBOST","2",126,126,126,126,126,126,126,126,126,126,126,102,112
"1461","FLERBOST","3",0,0,0,0,0,0,0,0,0,0,0,0,0
"1461","FLERBOST","ÖVRIGT",0,0,0,0,0,0,0,0,0,0,0,0,0
"1461","ÖVRHUS","1",86,86,86,86,85,84,84,84,81,45,44,41,33
"1461","ÖVRHUS","2",0,0,0,0,0,1,1,1,1,1,1,1,0
"1461","ÖVRHUS","3",0,0,0,0,0,0,0,0,0,0,0,0,0
"1461","ÖVRHUS","ÖVRIGT",0,0,0,0,0,0,0,0,0,0,0,0,0
"1461","SPEC","1",201,201,201,203,203,203,201,255,255,255,255,255,255
"1461","SPEC","2",0,0,0,0,0,0,0,0,0,0,0,0,0
"1461","SPEC","3",0,0,0,0,0,0,0,0,0,0,0,0,0
"1461","SPEC","ÖVRIGT",0,0,0,0,0,0,0,0,0,0,0,0,0
"1484","SMÅHUS","1",204,195,194,188,192,194,179,176,170,171,173,174,173
"1484","SMÅHUS","2",181,182,191,193,195,195,193,194,194,194,194,195,196
"1484","SMÅHUS","3",3768,3754,3756,3786,3797,3790,3792,3799,3813,3800,3777,3752,3755
"1484","SMÅHUS","ÖVRIGT",28,4,0,0,0,0,0,2,2,2,0,0,0
"1484","FLERBOST","1",2535,2561,2567,2659,2679,2640,2639,2634,2601,2626,2639,2625,2625
"1484","FLERBOST","2",468,468,506,533,619,699,714,726,755,769,784,811,816
"1484","FLERBOST","3",11,39,39,38,38,38,38,38,43,43,43,43,43
"1484","FLERBOST","ÖVRIGT",0,0,0,1,1,1,1,1,1,1,0,0,0
"1484","ÖVRHUS","1",158,163,129,120,128,131,130,127,127,129,131,131,131
"1484","ÖVRHUS","2",3,3,0,0,0,0,0,0,0,0,0,0,0
"1484","ÖVRHUS","3",0,0,0,0,0,0,0,0,0,0,0,0,0
"1484","ÖVRHUS","ÖVRIGT",0,0,0,0,0,0,0,2,2,2,0,0,0
"1484","SPEC","1",230,232,239,244,244,244,244,324,324,324,323,323,323
"1484","SPEC","2",3,3,3,3,3,3,3,3,3,3,3,3,3
"1484","SPEC","3",0,0,0,0,0,0,0,0,0,0,0,0,0
"1484","SPEC","ÖVRIGT",0,0,0,0,0,0,0,0,0,0,0,0,0
"1485","SMÅHUS","1",228,232,246,249,247,241,234,246,243,251,251,252,303
"1485","SMÅHUS","2",565,565,565,573,573,576,576,577,578,580,581,581,582
"1485","SMÅHUS","3",10507,10530,10583,10862,10984,11048,11120,11171,11209,11195,11170,11190,11214
"1485","SMÅHUS","ÖVRIGT",10,0,0,0,0,0,0,0,0,0,0,0,0
"1485","FLERBOST","1",8744,8871,9061,9084,9106,9322,9371,9430,9464,9500,9494,9530,9545
"1485","FLERBOST","2",4371,4372,4449,4540,4541,4643,4718,4737,4893,4928,4955,4928,4929
"1485","FLERBOST","3",4,16,16,22,29,54,54,54,54,54,54,54,54
"1485","FLERBOST","ÖVRIGT",0,0,6,6,26,43,0,0,0,0,0,0,0
"1485","ÖVRHUS","1",465,475,506,530,535,524,525,525,511,512,518,528,513
"1485","ÖVRHUS","2",1,1,1,1,1,15,15,15,34,34,34,34,34
"1485","ÖVRHUS","3",0,0,0,0,0,0,0,0,0,0,0,0,0
"1485","ÖVRHUS","ÖVRIGT",0,0,0,0,0,0,0,0,0,0,0,0,0
"1485","SPEC","1",1023,1039,1039,1048,1049,1109,1115,1115,1115,1123,1151,1170,1160
"1485","SPEC","2",2,2,2,2,2,2,2,2,2,2,2,2,2
"1485","SPEC","3",0,0,0,0,0,0,0,0,0,0,0,0,0
"1485","SPEC","ÖVRIGT",0,0,0,0,0,0,0,0,0,0,0,0,0
"1487","SMÅHUS","1",395,403,409,416,418,422,429,436,438,446,448,453,465
"1487","SMÅHUS","2",484,484,488,513,489,491,491,491,511,553,552,553,552
"1487","SMÅHUS","3",8164,8192,8216,8332,8423,8450,8478,8484,8525,8534,8557,8554,8583
"1487","SMÅHUS","ÖVRIGT",0,2,0,1,1,1,0,0,0,0,0,0,0
"1487","FLERBOST","1",5234,5268,5299,5290,5382,5359,5376,5442,5663,5753,5865,5915,5933
"1487","FLERBOST","2",2804,2832,2832,2869,2889,2994,3050,3051,3063,3203,3242,3249,3250
"1487","FLERBOST","3",0,0,0,0,0,0,0,0,0,0,0,0,0
"1487","FLERBOST","ÖVRIGT",0,0,0,0,0,0,0,0,0,0,0,0,0
"1487","ÖVRHUS","1",223,220,223,224,242,256,257,266,266,266,282,283,278
"1487","ÖVRHUS","2",7,7,7,7,7,7,7,7,7,7,7,7,7
"1487","ÖVRHUS","3",0,0,0,0,0,0,0,0,0,0,0,0,0
"1487","ÖVRHUS","ÖVRIGT",11,0,0,0,0,0,0,0,0,0,0,0,0
"1487","SPEC","1",489,504,505,521,550,640,724,724,724,724,736,736,737
"1487","SPEC","2",0,0,0,0,0,1,1,1,1,1,1,1,1
"1487","SPEC","3",0,0,0,0,0,0,0,0,0,0,0,0,0
"1487","SPEC","ÖVRIGT",16,0,0,0,0,0,0,0,0,0,0,0,0
"1488","SMÅHUS","1",232,232,245,224,296,304,285,286,282,350,349,347,342
"1488","SMÅHUS","2",428,432,443,443,501,501,515,521,521,563,581,581,581
"1488","SMÅHUS","3",9852,9866,9928,10004,10075,10130,10154,10196,10240,10181,10177,10280,10301
"1488","SMÅHUS","ÖVRIGT",11,6,3,3,3,2,3,2,2,2,2,4,4
"1488","FLERBOST","1",9625,9657,9605,9553,9727,9711,9769,9897,9874,9910,10004,10003,9981
"1488","FLERBOST","2",5343,5375,5387,5505,5553,5619,5770,5957,6103,6136,6187,6187,6223
"1488","FLERBOST","3",0,0,0,0,0,0,0,0,0,0,0,0,0
"1488","FLERBOST","ÖVRIGT",0,0,0,0,0,0,0,0,0,0,0,0,0
"1488","ÖVRHUS","1",228,224,218,216,216,223,223,223,214,220,203,207,221
"1488","ÖVRHUS","2",14,14,14,14,14,14,14,14,14,14,14,14,17
"1488","ÖVRHUS","3",0,0,0,0,0,0,0,0,0,0,0,0,0
"1488","ÖVRHUS","ÖVRIGT",0,0,0,0,0,0,0,0,0,0,0,0,0
"1488","SPEC","1",1700,1720,1720,1742,1852,1878,1945,1967,1980,1971,1880,1959,1975
"1488","SPEC","2",1,1,1,1,2,2,3,4,8,8,8,8,8
"1488","SPEC","3",0,0,0,0,0,0,0,0,0,0,0,0,0
"1488","SPEC","ÖVRIGT",0,0,0,0,0,0,0,0,0,0,0,0,0
"1780","SMÅHUS","1",410,411,406,418,413,434,428,449,459,467,496,498,499
"1780","SMÅHUS","2",551,568,566,588,591,655,787,850,868,870,965,1157,1209
"1780","SMÅHUS","3",14815,14846,14943,15071,15156,15158,15289,15390,15456,15530,15577,15613,15654
"1780","SMÅHUS","ÖVRIGT",5,1,1,1,1,1,2,1,1,1,1,2,2
"1780","FLERBOST","1",17003,17008,17299,17332,17402,18276,18746,19029,19340,19839,20702,21048,21525
"1780","FLERBOST","2",9599,9758,9866,10009,10247,10711,11277,11475,11618,11751,12028,12090,12340
"1780","FLERBOST","3",0,0,0,0,0,0,0,0,0,0,0,0,0
"1780","FLERBOST","ÖVRIGT",0,0,0,0,0,0,0,0,0,0,0,0,0
"1780","ÖVRHUS","1",713,780,705,689,645,546,70,69,68,70,67,65,62
"1780","ÖVRHUS","2",154,155,209,225,300,312,1,1,1,1,0,0,0
"1780","ÖVRHUS","3",0,0,0,0,0,0,0,0,0,0,0,0,0
"1780","ÖVRHUS","ÖVRIGT",0,0,0,0,0,0,0,0,0,0,0,0,0
"1780","SPEC","1",2811,2863,2944,3434,3381,3395,3530,3588,3560,4014,4027,4033,4201
"1780","SPEC","2",12,12,13,14,75,75,17,17,19,19,19,19,19
"1780","SPEC","3",0,0,0,0,0,0,0,0,0,0,0,0,0
"1780","SPEC","ÖVRIGT",0,0,0,0,0,0,0,0,0,0,0,0,0
"2101","SMÅHUS","1",274,276,277,276,278,273,269,270,271,275,279,276,275
"2101","SMÅHUS","2",36,36,36,36,36,36,36,36,36,36,36,36,36
"2101","SMÅHUS","3",1942,1954,1949,1964,1978,1981,1983,2002,1997,2029,2023,2014,1994
"2101","SMÅHUS","ÖVRIGT",3,3,3,5,5,5,5,6,6,6,6,6,6
"2101","FLERBOST","1",526,521,521,523,535,537,537,536,562,579,579,588,591
"2101","FLERBOST","2",0,0,0,0,0,0,0,0,0,0,0,0,0
"2101","FLERBOST","3",0,0,0,0,0,0,0,0,0,0,0,0,0
"2101","FLERBOST","ÖVRIGT",0,0,0,0,0,0,0,0,0,0,0,0,0
"2101","ÖVRHUS","1",115,116,118,118,114,115,114,116,116,119,118,118,118
"2101","ÖVRHUS","2",0,0,0,0,0,0,0,0,0,0,0,0,0
"2101","ÖVRHUS","3",0,0,0,0,0,0,0,0,0,0,0,0,0
"2101","ÖVRHUS","ÖVRIGT",0,0,0,0,0,0,0,0,0,0,0,0,0
"2101","SPEC","1",126,126,131,131,139,139,139,139,139,139,139,139,139
"2101","SPEC","2",0,0,0,0,0,0,0,0,0,0,0,0,0
"2101","SPEC","3",0,0,0,0,0,0,0,0,0,0,0,0,0
"2101","SPEC","ÖVRIGT",0,0,0,0,0,0,0,0,0,0,0,0,0
"2104","SMÅHUS","1",117,115,114,116,102,86,83,87,87,93,93,95,100
"2104","SMÅHUS","2",149,149,149,149,149,150,150,151,151,151,152,152,149
"2104","SMÅHUS","3",2586,2592,2601,2614,2646,2656,2663,2647,2655,2632,2634,2628,2611
"2104","SMÅHUS","ÖVRIGT",0,0,0,0,0,0,0,0,0,0,0,0,0
"2104","FLERBOST","1",1196,1198,1203,1165,1165,1165,1165,1174,1174,1176,1178,1199,1202
"2104","FLERBOST","2",747,747,747,747,747,747,747,748,748,748,748,748,748
"2104","FLERBOST","3",0,0,0,0,0,0,0,0,0,0,0,0,0
"2104","FLERBOST","ÖVRIGT",0,0,0,0,0,0,0,0,0,0,0,0,0
"2104","ÖVRHUS","1",91,95,95,95,77,76,76,67,66,66,67,69,69
"2104","ÖVRHUS","2",0,0,0,0,0,0,0,0,0,0,0,0,0
"2104","ÖVRHUS","3",0,0,0,0,0,0,0,0,0,0,0,0,0
"2104","ÖVRHUS","ÖVRIGT",0,0,0,0,0,0,1,1,1,1,1,1,1
"2104","SPEC","1",166,166,166,166,191,204,204,207,207,206,205,205,207
"2104","SPEC","2",1,1,1,1,1,1,1,1,1,1,1,1,1
"2104","SPEC","3",0,0,0,0,0,0,0,0,0,0,0,0,0
"2104","SPEC","ÖVRIGT",0,0,0,0,0,0,0,0,0,0,0,0,0
"2180","SMÅHUS","1",2096,2084,2053,2036,2033,2049,2042,2040,2044,2057,2042,2035,2099
"2180","SMÅHUS","2",3128,3136,3135,3144,3144,3144,3143,3177,3182,3213,3257,3316,3581
"2180","SMÅHUS","3",15666,15723,15787,15933,16066,16111,16158,16293,16337,16496,16554,16566,16744
"2180","SMÅHUS","ÖVRIGT",8,11,2,2,3,1,1,0,0,0,0,0,0
"2180","FLERBOST","1",17921,17843,17806,17743,18019,18243,18531,18600,19088,19294,19637,19679,19792
"2180","FLERBOST","2",7729,7849,7891,7983,8227,8440,8558,8644,8782,8887,8888,8881,8933
"2180","FLERBOST","3",0,0,0,0,0,0,0,0,0,0,0,0,0
"2180","FLERBOST","ÖVRIGT",0,0,0,0,0,0,0,0,0,0,0,0,0
"2180","ÖVRHUS","1",522,521,530,530,528,532,583,625,643,644,704,703,727
"2180","ÖVRHUS","2",5,14,14,21,28,36,37,37,46,47,47,47,72
"2180","ÖVRHUS","3",0,0,0,0,0,0,0,0,0,0,0,0,0
"2180","ÖVRHUS","ÖVRIGT",0,0,0,0,0,0,0,0,0,0,0,6,6
"2180","SPEC","1",2204,2247,2309,2509,2582,2789,2877,3006,2933,2933,3001,3111,3158
"2180","SPEC","2",10,10,43,43,43,113,113,114,114,114,114,114,114
"2180","SPEC","3",0,0,0,0,0,0,0,0,0,0,0,0,0
"2180","SPEC","ÖVRIGT",0,0,0,0,0,0,0,0,0,0,0,0,0
"2181","SMÅHUS","1",329,320,320,321,320,321,326,329,352,353,350,348,355
"2181","SMÅHUS","2",360,360,360,360,358,357,357,358,382,424,424,424,424
"2181","SMÅHUS","3",8905,8949,8953,9043,9114,9109,9130,9175,9200,9205,9178,9160,9139
"2181","SMÅHUS","ÖVRIGT",3,1,1,1,1,1,1,2,2,3,3,2,2
"2181","FLERBOST","1",5225,5241,5315,5394,5400,5418,5456,5514,5518,5521,5547,5601,5618
"2181","FLERBOST","2",3005,3005,3003,3009,3031,3031,3031,3039,3087,3092,3092,3093,3093
"2181","FLERBOST","3",16,16,16,16,16,16,16,16,16,24,32,28,28
"2181","FLERBOST","ÖVRIGT",0,0,0,0,0,0,0,0,0,0,0,0,0
"2181","ÖVRHUS","1",271,277,274,274,268,269,214,224,227,230,230,237,243
"2181","ÖVRHUS","2",13,13,13,13,17,18,72,72,72,72,72,72,72
"2181","ÖVRHUS","3",0,0,0,0,0,0,0,0,0,0,0,0,0
"2181","ÖVRHUS","ÖVRIGT",0,0,0,0,0,0,0,0,0,0,0,0,0
"2181","SPEC","1",894,883,883,883,891,1027,1028,1044,1044,1044,1044,1020,1096
"2181","SPEC","2",2,2,2,2,2,2,2,2,2,2,2,2,2
"2181","SPEC","3",0,0,0,0,0,0,0,0,0,0,0,0,0
"2181","SPEC","ÖVRIGT",0,0,0,0,0,0,0,0,0,0,0,0,0
"2260","SMÅHUS","1",64,65,69,67,61,64,61,63,66,67,61,62,63
"2260","SMÅHUS","2",0,0,0,0,0,0,0,0,0,0,0,0,0
"2260","SMÅHUS","3",3242,3243,3208,3283,3283,3278,3259,3279,3274,3268,3275,3265,3259
"2260","SMÅHUS","ÖVRIGT",0,2,0,0,0,0,0,1,1,1,1,1,1
"2260","FLERBOST","1",1082,1086,1086,1086,1076,1076,1082,1084,1088,1054,1058,1058,1067
"2260","FLERBOST","2",433,433,433,433,433,433,433,433,433,433,433,433,433
"2260","FLERBOST","3",0,0,0,0,0,0,0,0,0,0,0,0,0
"2260","FLERBOST","ÖVRIGT",0,0,0,0,0,0,0,0,0,0,0,0,0
"2260","ÖVRHUS","1",62,62,66,66,66,67,65,65,68,68,72,70,70
"2260","ÖVRHUS","2",0,0,0,0,0,0,0,0,0,0,0,0,0
"2260","ÖVRHUS","3",0,0,0,0,0,0,0,0,0,0,0,0,0
"2260","ÖVRHUS","ÖVRIGT",0,0,0,0,0,0,0,0,0,0,0,0,0
"2260","SPEC","1",252,252,252,252,372,447,447,453,453,453,459,465,460
"2260","SPEC","2",10,10,10,10,10,10,10,10,10,10,10,10,10
"2260","SPEC","3",0,0,0,0,0,0,0,0,0,0,0,0,0
"2260","SPEC","ÖVRIGT",0,0,0,0,0,0,0,0,0,0,0,0,0
"2262","SMÅHUS","1",27,28,30,168,173,175,174,205,205,56,66,64,65
"2262","SMÅHUS","2",57,57,73,106,105,105,91,108,108,58,58,58,58
"2262","SMÅHUS","3",4546,4553,4561,4584,4605,4622,4613,4618,4633,4628,4604,4612,4615
"2262","SMÅHUS","ÖVRIGT",0,0,1,1,1,1,1,1,1,1,1,1,1
"2262","FLERBOST","1",1695,1716,1607,1617,1710,1714,1795,1805,1805,1960,2016,2088,2090
"2262","FLERBOST","2",1776,1776,1760,1760,1760,1760,1802,1802,1806,1822,1822,1822,1822
"2262","FLERBOST","3",0,0,0,0,0,0,0,0,0,0,0,0,0
"2262","FLERBOST","ÖVRIGT",0,0,0,0,0,0,3,3,3,0,0,0,0
"2262","ÖVRHUS","1",132,116,101,101,99,101,98,98,98,98,98,98,98
"2262","ÖVRHUS","2",2,2,2,2,2,2,2,2,2,2,2,2,2
"2262","ÖVRHUS","3",0,0,0,0,0,0,0,0,0,0,0,0,0
"2262","ÖVRHUS","ÖVRIGT",0,0,0,0,0,0,0,0,0,0,0,0,0
"2262","SPEC","1",209,209,205,199,187,187,187,175,175,178,178,178,178
"2262","SPEC","2",0,0,0,0,0,0,0,0,0,0,0,0,0
"2262","SPEC","3",0,0,0,0,0,0,0,0,0,0,0,0,0
"2262","SPEC","ÖVRIGT",0,0,0,0,0,0,0,0,0,0,0,0,0
"2280","SMÅHUS","1",77,81,90,99,97,98,97,103,104,102,104,103,103
"2280","SMÅHUS","2",83,83,82,119,120,121,119,121,121,121,121,121,121
"2280","SMÅHUS","3",5879,5900,5911,6030,6042,6028,6048,6045,6057,6030,6027,5984,6000
"2280","SMÅHUS","ÖVRIGT",10,3,3,6,6,4,4,5,4,5,6,6,7
"2280","FLERBOST","1",3375,3377,3435,3438,3465,3483,3492,3502,3530,3533,3537,3578,3573
"2280","FLERBOST","2",2791,2791,2793,2770,2770,2770,2791,2812,2816,2816,2816,2816,2816
"2280","FLERBOST","3",0,0,0,0,0,0,0,0,0,0,0,0,0
"2280","FLERBOST","ÖVRIGT",0,0,0,0,0,0,0,0,0,0,0,0,0
"2280","ÖVRHUS","1",215,233,260,262,265,290,289,291,265,266,261,261,261
"2280","ÖVRHUS","2",0,0,0,0,0,0,0,0,0,0,0,0,0
"2280","ÖVRHUS","3",0,0,0,0,0,0,0,0,0,0,0,0,0
"2280","ÖVRHUS","ÖVRIGT",0,0,0,0,0,0,0,0,0,0,0,0,0
"2280","SPEC","1",439,439,441,447,447,466,466,466,466,471,471,483,483
"2280","SPEC","2",15,15,15,15,15,15,15,15,15,15,15,15,15
"2280","SPEC","3",0,0,0,0,0,0,0,0,0,0,0,0,0
"2280","SPEC","ÖVRIGT",0,0,0,0,0,0,0,0,0,0,0,0,0
"2281","SMÅHUS","1",260,245,246,258,270,281,266,278,284,275,281,276,276
"2281","SMÅHUS","2",158,158,160,205,206,187,187,187,187,193,201,201,201
"2281","SMÅHUS","3",18826,18880,18926,19055,19136,19192,19221,19283,19317,19288,19213,19308,19349
"2281","SMÅHUS","ÖVRIGT",8,2,0,0,0,0,0,0,0,0,0,0,0
"2281","FLERBOST","1",11434,11404,11407,11749,11780,12033,12099,12269,12496,12621,13096,13163,13236
"2281","FLERBOST","2",14955,14996,14994,15075,15212,15308,15490,15514,15542,15574,15570,15623,15622
"2281","FLERBOST","3",0,0,0,0,0,0,0,0,0,0,0,0,0
"2281","FLERBOST","ÖVRIGT",0,37,0,0,0,0,0,0,0,0,0,0,0
"2281","ÖVRHUS","1",635,652,701,653,701,704,640,665,698,759,770,781,794
"2281","ÖVRHUS","2",78,72,73,67,67,67,67,67,67,67,67,59,60
"2281","ÖVRHUS","3",0,0,0,0,0,0,0,0,0,0,0,0,0
"2281","ÖVRHUS","ÖVRIGT",0,0,0,0,0,0,0,0,0,0,0,0,0
"2281","SPEC","1",2356,2359,2357,2368,2380,2445,2474,2475,2754,2765,2721,2844,2816
"2281","SPEC","2",11,11,12,12,12,12,12,12,12,12,12,12,12
"2281","SPEC","3",0,0,0,0,0,0,0,0,0,0,0,0,0
"2281","SPEC","ÖVRIGT",0,0,0,0,0,0,0,0,0,0,0,0,0
"2380","SMÅHUS","1",713,687,691,799,821,809,782,736,729,728,708,730,730
"2380","SMÅHUS","2",577,579,580,597,653,671,671,703,707,707,735,740,721
"2380","SMÅHUS","3",9774,9841,9928,10114,10233,10319,10396,10457,10466,10471,10458,10620,10686
"2380","SMÅHUS","ÖVRIGT",4,11,2,3,3,3,3,3,3,3,4,4,4
"2380","FLERBOST","1",10866,10823,10741,10805,10906,10924,11133,11426,11440,11539,11582,11524,11525
"2380","FLERBOST","2",8610,8743,8916,9056,9257,9485,9635,9664,9779,9867,9879,9979,9980
"2380","FLERBOST","3",0,0,0,0,0,0,0,0,1,1,1,1,1
"2380","FLERBOST","ÖVRIGT",0,0,0,0,0,0,0,0,0,0,0,0,0
"2380","ÖVRHUS","1",522,518,509,513,513,522,526,528,540,542,543,544,540
"2380","ÖVRHUS","2",150,150,155,158,158,158,158,165,167,131,131,44,44
"2380","ÖVRHUS","3",0,0,0,0,0,0,0,0,0,0,0,0,0
"2380","ÖVRHUS","ÖVRIGT",0,0,0,0,0,0,0,0,0,0,0,0,0
"2380","SPEC","1",1441,1474,1477,1543,1545,1552,1569,1555,1555,1706,1722,1765,1790
"2380","SPEC","2",103,103,103,103,103,103,88,88,88,30,31,31,31
"2380","SPEC","3",0,0,0,0,0,0,0,0,0,0,0,0,0
"2380","SPEC","ÖVRIGT",0,0,0,0,0,0,0,0,0,0,0,0,0
"2480","SMÅHUS","1",441,417,446,652,624,412,426,417,458,447,461,458,465
"2480","SMÅHUS","2",556,546,553,590,676,882,881,899,908,924,924,924,931
"2480","SMÅHUS","3",19010,19191,19386,19877,20134,20296,20382,20573,20724,20854,20907,20929,21005
"2480","SMÅHUS","ÖVRIGT",25,15,1,4,5,5,3,2,4,4,2,3,3
"2480","FLERBOST","1",20333,20562,21256,21132,21864,22622,22708,22308,22348,22646,23295,23699,23707
"2480","FLERBOST","2",11430,11803,12297,13376,14012,14063,14479,14610,14954,15226,15558,15799,15963
"2480","FLERBOST","3",15,15,15,15,15,25,15,25,25,25,25,25,25
"2480","FLERBOST","ÖVRIGT",0,41,0,0,0,0,0,0,0,0,0,0,0
"2480","ÖVRHUS","1",924,717,717,810,735,735,768,751,740,774,774,883,754
"2480","ÖVRHUS","2",71,4,4,7,12,10,62,59,59,59,59,59,59
"2480","ÖVRHUS","3",0,0,0,0,0,0,0,0,0,0,0,0,0
"2480","ÖVRHUS","ÖVRIGT",0,0,0,0,0,0,0,0,0,0,0,0,0
"2480","SPEC","1",7213,7294,7342,7628,7749,7966,8205,9249,9158,9531,9611,9728,9623
"2480","SPEC","2",10,10,10,10,10,10,10,10,10,10,10,10,11
"2480","SPEC","3",0,0,0,0,0,0,0,0,0,0,0,0,0
"2480","SPEC","ÖVRIGT",0,6,0,0,0,0,0,0,0,0,0,0,0
"2482","SMÅHUS","1",660,617,645,694,686,676,664,696,728,763,776,797,802
"2482","SMÅHUS","2",522,434,434,454,454,454,454,455,455,456,456,456,456
"2482","SMÅHUS","3",17335,17337,17301,17564,17645,17640,17602,17572,17553,17406,17413,17616,17656
"2482","SMÅHUS","ÖVRIGT",3,6,0,2,3,2,2,3,3,3,4,3,3
"2482","FLERBOST","1",8151,8243,8396,8470,8425,8457,8457,8602,8604,9357,9752,10259,10427
"2482","FLERBOST","2",6388,6483,6483,6582,6710,6762,6827,6868,6893,7039,7033,7330,7409
"2482","FLERBOST","3",0,0,0,0,0,0,0,0,0,0,0,0,0
"2482","FLERBOST","ÖVRIGT",0,0,0,0,0,0,0,0,0,0,0,0,0
"2482","ÖVRHUS","1",833,835,848,856,864,867,871,869,872,881,882,884,888
"2482","ÖVRHUS","2",99,99,99,108,108,108,108,108,122,122,122,122,122
"2482","ÖVRHUS","3",0,0,0,0,0,0,0,0,0,0,0,0,0
"2482","ÖVRHUS","ÖVRIGT",0,0,0,0,0,0,0,0,0,0,0,0,0
"2482","SPEC","1",1814,1821,1851,1860,1860,1881,1919,1919,2139,2132,2086,1923,1923
"2482","SPEC","2",6,6,6,6,6,6,6,6,6,6,6,6,6
"2482","SPEC","3",0,0,0,0,0,0,0,0,0,0,0,0,0
"2482","SPEC","ÖVRIGT",6,0,0,0,0,0,0,0,0,0,0,0,0
