"Region","Hushallstyp","Barn","BE0101C¤ 2011","BE0101C¤ 2012","BE0101C¤ 2013","BE0101C¤ 2014","BE0101C¤ 2015","BE0101C¤ 2016","BE0101C¤ 2017","BE0101C¤ 2018","BE0101C¤ 2019","BE0101C¤ 2020","BE0101C¤ 2021","BE0101C¤ 2022","BE0101C¤ 2023","BE0101C¤ 2024","BE0101C$ 2011","BE0101C$ 2012","BE0101C$ 2013","BE0101C$ 2014","BE0101C$ 2015","BE0101C$ 2016","BE0101C$ 2017","BE0101C$ 2018","BE0101C$ 2019","BE0101C$ 2020","BE0101C$ 2021","BE0101C$ 2022","BE0101C$ 2023","BE0101C$ 2024"
"2580","ESUB","UB",14154,14319,14450,14842,15083,15361,15825,16361,16661,17257,17675,18053,18343,18673,14154,14319,14450,14842,15083,15361,15825,16361,16661,17257,17675,18053,18343,18673
"2580","ESUB","M1B",0,0,0,0,0,0,0,0,0,0,0,0,0,0,0,0,0,0,0,0,0,0,0,0,0,0,0,0
"2580","ESUB","M2B",0,0,0,0,0,0,0,0,0,0,0,0,0,0,0,0,0,0,0,0,0,0,0,0,0,0,0,0
"2580","ESUB","M3+B",0,0,0,0,0,0,0,0,0,0,0,0,0,0,0,0,0,0,0,0,0,0,0,0,0,0,0,0
"2580","ESUB","SAKNAS",0,0,0,0,0,0,0,0,0,0,0,0,0,0,0,0,0,0,0,0,0,0,0,0,0,0,0,0
"2580","ESMB25","UB",0,0,0,0,0,0,0,0,0,0,0,0,0,0,0,0,0,0,0,0,0,0,0,0,0,0,0,0
"2580","ESMB25","M1B",1207,1144,1160,1214,1215,1183,1171,1134,1151,1161,1080,1125,1157,1172,2414,2288,2320,2428,2430,2366,2342,2268,2302,2322,2160,2250,2314,2344
"2580","ESMB25","M2B",626,639,650,655,665,693,676,700,711,706,715,698,690,702,1878,1917,1950,1965,1995,2079,2028,2100,2133,2118,2145,2094,2070,2106
"2580","ESMB25","M3+B",176,178,181,178,183,169,182,193,183,186,164,181,187,178,748,753,765,756,778,723,775,817,776,799,703,776,795,762
"2580","ESMB25","SAKNAS",0,0,0,0,0,0,0,0,0,0,0,0,0,0,0,0,0,0,0,0,0,0,0,0,0,0,0,0
"2580","ESMB24","UB",0,0,0,0,0,0,0,0,0,0,0,0,0,0,0,0,0,0,0,0,0,0,0,0,0,0,0,0
"2580","ESMB24","M1B",319,327,327,337,351,376,402,417,397,392,407,386,400,422,638,654,654,674,702,752,804,834,794,784,814,772,800,844
"2580","ESMB24","M2B",10,13,15,13,20,25,31,34,29,23,20,22,19,27,30,39,45,39,60,75,93,102,87,69,60,66,57,81
"2580","ESMB24","M3+B",1,1,1,2,4,3,2,1,2,1,2,4,3,1,4,4,4,9,18,13,8,4,8,4,8,16,12,4
"2580","ESMB24","SAKNAS",0,0,0,0,0,0,0,0,0,0,0,0,0,0,0,0,0,0,0,0,0,0,0,0,0,0,0,0
"2580","SMUB","UB",8994,9122,9186,9302,9299,9410,9447,9482,9598,9718,9751,9836,9968,10094,17988,18244,18372,18604,18598,18820,18894,18964,19196,19436,19502,19672,19936,20188
"2580","SMUB","M1B",0,0,0,0,0,0,0,0,0,0,0,0,0,0,0,0,0,0,0,0,0,0,0,0,0,0,0,0
"2580","SMUB","M2B",0,0,0,0,0,0,0,0,0,0,0,0,0,0,0,0,0,0,0,0,0,0,0,0,0,0,0,0
"2580","SMUB","M3+B",0,0,0,0,0,0,0,0,0,0,0,0,0,0,0,0,0,0,0,0,0,0,0,0,0,0,0,0
"2580","SMUB","SAKNAS",0,0,0,0,0,0,0,0,0,0,0,0,0,0,0,0,0,0,0,0,0,0,0,0,0,0,0,0
"2580","SBMB25","UB",0,0,0,0,0,0,0,0,0,0,0,0,0,0,0,0,0,0,0,0,0,0,0,0,0,0,0,0
"2580","SBMB25","M1B",2676,2683,2677,2631,2592,2555,2551,2504,2470,2453,2501,2506,2480,2508,8028,8049,8031,7893,7776,7665,7653,7512,7410,7359,7503,7518,7440,7524
"2580","SBMB25","M2B",3483,3460,3404,3399,3447,3449,3486,3500,3482,3525,3515,3463,3459,3438,13932,13840,13616,13596,13788,13796,13944,14000,13928,14100,14060,13852,13836,13752
"2580","SBMB25","M3+B",1176,1141,1140,1153,1155,1169,1206,1211,1223,1227,1246,1256,1237,1236,6246,6078,6039,6090,6097,6170,6388,6418,6492,6500,6599,6671,6559,6561
"2580","SBMB25","SAKNAS",0,0,0,0,0,0,0,0,0,0,0,0,0,0,0,0,0,0,0,0,0,0,0,0,0,0,0,0
"2580","SBMB24","UB",0,0,0,0,0,0,0,0,0,0,0,0,0,0,0,0,0,0,0,0,0,0,0,0,0,0,0,0
"2580","SBMB24","M1B",408,398,413,440,439,452,458,476,497,487,472,452,438,453,1224,1194,1239,1320,1317,1356,1374,1428,1491,1461,1416,1356,1314,1359
"2580","SBMB24","M2B",25,26,28,27,33,30,43,43,39,31,39,37,45,37,100,104,112,108,132,120,172,172,156,124,156,148,180,148
"2580","SBMB24","M3+B",0,1,1,1,1,4,5,2,3,2,0,0,3,1,0,5,5,5,6,20,26,10,15,10,0,0,15,5
"2580","SBMB24","SAKNAS",0,0,0,0,0,0,0,0,0,0,0,0,0,0,0,0,0,0,0,0,0,0,0,0,0,0,0,0
"2580","OVRIUB","UB",1343,1374,1400,1415,1411,1448,1409,1362,1331,1294,1274,1237,1170,1089,3385,3461,3586,3595,3619,3664,3545,3439,3360,3211,3136,3041,2866,2643
"2580","OVRIUB","M1B",0,0,0,0,0,0,0,0,0,0,0,0,0,0,0,0,0,0,0,0,0,0,0,0,0,0,0,0
"2580","OVRIUB","M2B",0,0,0,0,0,0,0,0,0,0,0,0,0,0,0,0,0,0,0,0,0,0,0,0,0,0,0,0
"2580","OVRIUB","M3+B",0,0,0,0,0,0,0,0,0,0,0,0,0,0,0,0,0,0,0,0,0,0,0,0,0,0,0,0
"2580","OVRIUB","SAKNAS",0,0,0,0,0,0,0,0,0,0,0,0,0,0,0,0,0,0,0,0,0,0,0,0,0,0,0,0
"2580","ÖMB25","UB",0,0,0,0,0,0,0,0,0,0,0,0,0,0,0,0,0,0,0,0,0,0,0,0,0,0,0,0
"2580","ÖMB25","M1B",336,379,390,369,331,327,306,277,272,260,216,232,224,203,1320,1486,1532,1435,1290,1297,1214,1090,1074,1025,830,912,838,788
"2580","ÖMB25","M2B",230,239,251,230,224,236,237,232,207,211,210,198,177,173,1162,1219,1277,1167,1124,1207,1214,1170,1051,1070,1084,1011,922,892
"2580","ÖMB25","M3+B",144,152,168,175,146,146,135,133,137,104,119,114,110,100,982,1039,1161,1212,1024,1030,941,906,951,699,805,773,743,667
"2580","ÖMB25","SAKNAS",0,0,0,0,0,0,0,0,0,0,0,0,0,0,0,0,0,0,0,0,0,0,0,0,0,0,0,0
"2580","ÖMB24","UB",0,0,0,0,0,0,0,0,0,0,0,0,0,0,0,0,0,0,0,0,0,0,0,0,0,0,0,0
"2580","ÖMB24","M1B",24,31,34,36,39,40,38,42,36,28,29,35,37,35,90,130,138,139,162,154,145,155,130,99,111,134,134,124
"2580","ÖMB24","M2B",1,1,2,3,4,5,3,5,5,6,5,6,6,8,5,5,9,17,22,27,17,24,25,30,24,29,28,38
"2580","ÖMB24","M3+B",1,0,0,0,0,1,0,0,1,0,0,1,2,2,5,0,0,0,0,7,0,0,7,0,0,7,12,12
"2580","ÖMB24","SAKNAS",0,0,0,0,0,0,0,0,0,0,0,0,0,0,0,0,0,0,0,0,0,0,0,0,0,0,0,0
"2580","SAKNAS","UB",0,0,0,0,0,0,0,0,0,0,0,0,0,0,0,0,0,0,0,0,0,0,0,0,0,0,0,0
"2580","SAKNAS","M1B",0,0,0,0,0,0,0,0,0,0,0,0,0,0,0,0,0,0,0,0,0,0,0,0,0,0,0,0
"2580","SAKNAS","M2B",0,0,0,0,0,0,0,0,0,0,0,0,0,0,0,0,0,0,0,0,0,0,0,0,0,0,0,0
"2580","SAKNAS","M3+B",0,0,0,0,0,0,0,0,0,0,0,0,0,0,0,0,0,0,0,0,0,0,0,0,0,0,0,0
"2580","SAKNAS","SAKNAS",0,0,0,0,0,0,0,0,0,0,0,0,0,0,93,77,78,72,67,68,68,58,58,72,76,93,138,130
"2582","ESUB","UB",5264,5374,5435,5558,5495,5489,5652,5655,5747,5853,6074,6184,6314,6410,5264,5374,5435,5558,5495,5489,5652,5655,5747,5853,6074,6184,6314,6410
"2582","ESUB","M1B",0,0,0,0,0,0,0,0,0,0,0,0,0,0,0,0,0,0,0,0,0,0,0,0,0,0,0,0
"2582","ESUB","M2B",0,0,0,0,0,0,0,0,0,0,0,0,0,0,0,0,0,0,0,0,0,0,0,0,0,0,0,0
"2582","ESUB","M3+B",0,0,0,0,0,0,0,0,0,0,0,0,0,0,0,0,0,0,0,0,0,0,0,0,0,0,0,0
"2582","ESUB","SAKNAS",0,0,0,0,0,0,0,0,0,0,0,0,0,0,0,0,0,0,0,0,0,0,0,0,0,0,0,0
"2582","ESMB25","UB",0,0,0,0,0,0,0,0,0,0,0,0,0,0,0,0,0,0,0,0,0,0,0,0,0,0,0,0
"2582","ESMB25","M1B",451,462,438,432,399,402,412,408,387,414,398,379,360,400,902,924,876,864,798,804,824,816,774,828,796,758,720,800
"2582","ESMB25","M2B",220,215,214,202,222,218,225,246,241,229,233,216,217,237,660,645,642,606,666,654,675,738,723,687,699,648,651,711
"2582","ESMB25","M3+B",73,86,71,73,69,69,67,75,75,77,81,79,80,78,311,369,312,319,301,295,287,321,317,330,353,347,349,337
"2582","ESMB25","SAKNAS",0,0,0,0,0,0,0,0,0,0,0,0,0,0,0,0,0,0,0,0,0,0,0,0,0,0,0,0
"2582","ESMB24","UB",0,0,0,0,0,0,0,0,0,0,0,0,0,0,0,0,0,0,0,0,0,0,0,0,0,0,0,0
"2582","ESMB24","M1B",132,118,128,119,118,125,119,132,140,129,133,147,143,139,264,236,256,238,236,250,238,264,280,258,266,294,286,278
"2582","ESMB24","M2B",5,3,3,3,7,4,5,4,8,11,12,10,13,13,15,9,9,9,21,12,15,12,24,33,36,30,39,39
"2582","ESMB24","M3+B",0,0,0,0,0,0,0,0,0,0,0,2,2,2,0,0,0,0,0,0,0,0,0,0,0,8,8,8
"2582","ESMB24","SAKNAS",0,0,0,0,0,0,0,0,0,0,0,0,0,0,0,0,0,0,0,0,0,0,0,0,0,0,0,0
"2582","SMUB","UB",3651,3696,3738,3811,3867,3925,3915,3895,3888,3919,3893,3906,3880,3876,7302,7392,7476,7622,7734,7850,7830,7790,7776,7838,7786,7812,7760,7752
"2582","SMUB","M1B",0,0,0,0,0,0,0,0,0,0,0,0,0,0,0,0,0,0,0,0,0,0,0,0,0,0,0,0
"2582","SMUB","M2B",0,0,0,0,0,0,0,0,0,0,0,0,0,0,0,0,0,0,0,0,0,0,0,0,0,0,0,0
"2582","SMUB","M3+B",0,0,0,0,0,0,0,0,0,0,0,0,0,0,0,0,0,0,0,0,0,0,0,0,0,0,0,0
"2582","SMUB","SAKNAS",0,0,0,0,0,0,0,0,0,0,0,0,0,0,0,0,0,0,0,0,0,0,0,0,0,0,0,0
"2582","SBMB25","UB",0,0,0,0,0,0,0,0,0,0,0,0,0,0,0,0,0,0,0,0,0,0,0,0,0,0,0,0
"2582","SBMB25","M1B",971,964,968,973,950,952,949,934,934,949,924,913,917,874,2913,2892,2904,2919,2850,2856,2847,2802,2802,2847,2772,2739,2751,2622
"2582","SBMB25","M2B",1181,1136,1165,1123,1142,1154,1117,1087,1086,1104,1135,1134,1140,1156,4724,4544,4660,4492,4568,4616,4468,4348,4344,4416,4540,4536,4560,4624
"2582","SBMB25","M3+B",504,501,505,491,471,484,501,503,500,485,475,480,461,444,2687,2665,2696,2621,2501,2577,2677,2690,2681,2602,2556,2574,2488,2401
"2582","SBMB25","SAKNAS",0,0,0,0,0,0,0,0,0,0,0,0,0,0,0,0,0,0,0,0,0,0,0,0,0,0,0,0
"2582","SBMB24","UB",0,0,0,0,0,0,0,0,0,0,0,0,0,0,0,0,0,0,0,0,0,0,0,0,0,0,0,0
"2582","SBMB24","M1B",152,157,155,170,162,159,178,180,191,160,163,152,139,131,456,471,465,510,486,477,534,540,573,480,489,456,417,393
"2582","SBMB24","M2B",14,14,13,12,12,19,15,19,20,16,13,13,11,19,56,56,52,48,48,76,60,76,80,64,52,52,44,76
"2582","SBMB24","M3+B",0,0,0,0,1,1,0,3,2,0,0,0,1,0,0,0,0,0,5,5,0,16,10,0,0,0,5,0
"2582","SBMB24","SAKNAS",0,0,0,0,0,0,0,0,0,0,0,0,0,0,0,0,0,0,0,0,0,0,0,0,0,0,0,0
"2582","OVRIUB","UB",373,371,392,416,397,389,367,390,373,368,346,320,312,319,947,946,989,1031,1001,975,921,960,918,906,843,758,768,788
"2582","OVRIUB","M1B",0,0,0,0,0,0,0,0,0,0,0,0,0,0,0,0,0,0,0,0,0,0,0,0,0,0,0,0
"2582","OVRIUB","M2B",0,0,0,0,0,0,0,0,0,0,0,0,0,0,0,0,0,0,0,0,0,0,0,0,0,0,0,0
"2582","OVRIUB","M3+B",0,0,0,0,0,0,0,0,0,0,0,0,0,0,0,0,0,0,0,0,0,0,0,0,0,0,0,0
"2582","OVRIUB","SAKNAS",0,0,0,0,0,0,0,0,0,0,0,0,0,0,0,0,0,0,0,0,0,0,0,0,0,0,0,0
"2582","ÖMB25","UB",0,0,0,0,0,0,0,0,0,0,0,0,0,0,0,0,0,0,0,0,0,0,0,0,0,0,0,0
"2582","ÖMB25","M1B",91,103,102,90,95,88,93,91,90,66,69,75,63,72,346,403,404,344,367,331,361,346,350,251,260,297,237,279
"2582","ÖMB25","M2B",70,58,63,66,66,62,62,54,62,68,60,52,54,48,340,295,320,332,345,321,332,276,315,354,308,257,266,238
"2582","ÖMB25","M3+B",56,43,38,45,58,52,51,45,40,36,36,28,30,31,376,306,276,311,425,381,384,333,282,241,247,205,193,208
"2582","ÖMB25","SAKNAS",0,0,0,0,0,0,0,0,0,0,0,0,0,0,0,0,0,0,0,0,0,0,0,0,0,0,0,0
"2582","ÖMB24","UB",0,0,0,0,0,0,0,0,0,0,0,0,0,0,0,0,0,0,0,0,0,0,0,0,0,0,0,0
"2582","ÖMB24","M1B",10,10,12,10,11,10,10,14,11,7,12,11,8,11,36,36,44,36,39,32,34,48,39,25,47,44,32,41
"2582","ÖMB24","M2B",1,1,0,0,0,2,2,1,1,2,1,2,4,2,5,4,0,0,0,10,9,5,7,11,4,8,18,9
"2582","ÖMB24","M3+B",0,0,0,0,0,1,1,1,1,1,1,0,0,0,0,0,0,0,0,6,6,6,6,6,6,0,0,0
"2582","ÖMB24","SAKNAS",0,0,0,0,0,0,0,0,0,0,0,0,0,0,0,0,0,0,0,0,0,0,0,0,0,0,0,0
"2582","SAKNAS","UB",0,0,0,0,0,0,0,0,0,0,0,0,0,0,0,0,0,0,0,0,0,0,0,0,0,0,0,0
"2582","SAKNAS","M1B",0,0,0,0,0,0,0,0,0,0,0,0,0,0,0,0,0,0,0,0,0,0,0,0,0,0,0,0
"2582","SAKNAS","M2B",0,0,0,0,0,0,0,0,0,0,0,0,0,0,0,0,0,0,0,0,0,0,0,0,0,0,0,0
"2582","SAKNAS","M3+B",0,0,0,0,0,0,0,0,0,0,0,0,0,0,0,0,0,0,0,0,0,0,0,0,0,0,0,0
"2582","SAKNAS","SAKNAS",0,0,0,0,0,0,0,0,0,0,0,0,0,0,39,31,22,27,27,25,27,22,32,30,26,41,37,35
"2581","ESUB","UB",7086,7190,7219,7317,7309,7461,7615,7832,8068,8122,8181,8315,8461,8607,7086,7190,7219,7317,7309,7461,7615,7832,8068,8122,8181,8315,8461,8607
"2581","ESUB","M1B",0,0,0,0,0,0,0,0,0,0,0,0,0,0,0,0,0,0,0,0,0,0,0,0,0,0,0,0
"2581","ESUB","M2B",0,0,0,0,0,0,0,0,0,0,0,0,0,0,0,0,0,0,0,0,0,0,0,0,0,0,0,0
"2581","ESUB","M3+B",0,0,0,0,0,0,0,0,0,0,0,0,0,0,0,0,0,0,0,0,0,0,0,0,0,0,0,0
"2581","ESUB","SAKNAS",0,0,0,0,0,0,0,0,0,0,0,0,0,0,0,0,0,0,0,0,0,0,0,0,0,0,0,0
"2581","ESMB25","UB",0,0,0,0,0,0,0,0,0,0,0,0,0,0,0,0,0,0,0,0,0,0,0,0,0,0,0,0
"2581","ESMB25","M1B",522,522,505,525,524,509,522,516,509,558,527,574,583,583,1044,1044,1010,1050,1048,1018,1044,1032,1018,1116,1054,1148,1166,1166
"2581","ESMB25","M2B",279,274,277,301,305,326,311,333,352,347,345,321,322,347,837,822,831,903,915,978,933,999,1056,1041,1035,963,966,1041
"2581","ESMB25","M3+B",76,76,78,75,73,77,82,94,100,100,99,102,105,116,317,321,338,324,322,344,361,417,440,436,433,448,467,507
"2581","ESMB25","SAKNAS",0,0,0,0,0,0,0,0,0,0,0,0,0,0,0,0,0,0,0,0,0,0,0,0,0,0,0,0
"2581","ESMB24","UB",0,0,0,0,0,0,0,0,0,0,0,0,0,0,0,0,0,0,0,0,0,0,0,0,0,0,0,0
"2581","ESMB24","M1B",140,152,146,149,159,157,159,173,161,160,142,154,154,134,280,304,292,298,318,314,318,346,322,320,284,308,308,268
"2581","ESMB24","M2B",9,11,7,9,9,4,6,8,8,8,6,4,4,8,27,33,21,27,27,12,18,24,24,24,18,12,12,24
"2581","ESMB24","M3+B",1,1,0,0,0,0,0,0,0,0,0,0,0,0,4,4,0,0,0,0,0,0,0,0,0,0,0,0
"2581","ESMB24","SAKNAS",0,0,0,0,0,0,0,0,0,0,0,0,0,0,0,0,0,0,0,0,0,0,0,0,0,0,0,0
"2581","SMUB","UB",5580,5650,5729,5786,5849,5901,5934,6004,5963,6012,6028,6132,6141,6182,11160,11300,11458,11572,11698,11802,11868,12008,11926,12024,12056,12264,12282,12364
"2581","SMUB","M1B",0,0,0,0,0,0,0,0,0,0,0,0,0,0,0,0,0,0,0,0,0,0,0,0,0,0,0,0
"2581","SMUB","M2B",0,0,0,0,0,0,0,0,0,0,0,0,0,0,0,0,0,0,0,0,0,0,0,0,0,0,0,0
"2581","SMUB","M3+B",0,0,0,0,0,0,0,0,0,0,0,0,0,0,0,0,0,0,0,0,0,0,0,0,0,0,0,0
"2581","SMUB","SAKNAS",0,0,0,0,0,0,0,0,0,0,0,0,0,0,0,0,0,0,0,0,0,0,0,0,0,0,0,0
"2581","SBMB25","UB",0,0,0,0,0,0,0,0,0,0,0,0,0,0,0,0,0,0,0,0,0,0,0,0,0,0,0,0
"2581","SBMB25","M1B",1545,1558,1514,1560,1495,1524,1467,1444,1444,1450,1482,1474,1431,1395,4635,4674,4542,4680,4485,4572,4401,4332,4332,4350,4446,4422,4293,4185
"2581","SBMB25","M2B",2112,2067,2087,2057,2079,2057,2073,2055,2025,1976,1976,1951,1941,1942,8448,8268,8348,8228,8316,8228,8292,8220,8100,7904,7904,7804,7764,7768
"2581","SBMB25","M3+B",767,761,768,750,721,717,714,702,724,723,730,729,738,722,3997,3959,3993,3902,3752,3744,3742,3667,3779,3800,3820,3815,3881,3802
"2581","SBMB25","SAKNAS",0,0,0,0,0,0,0,0,0,0,0,0,0,0,0,0,0,0,0,0,0,0,0,0,0,0,0,0
"2581","SBMB24","UB",0,0,0,0,0,0,0,0,0,0,0,0,0,0,0,0,0,0,0,0,0,0,0,0,0,0,0,0
"2581","SBMB24","M1B",234,226,243,261,276,276,280,278,271,252,230,200,196,214,702,678,729,783,828,828,840,834,813,756,690,600,588,642
"2581","SBMB24","M2B",9,8,8,10,13,15,13,8,9,7,7,7,5,10,36,32,32,40,52,60,52,32,36,28,28,28,20,40
"2581","SBMB24","M3+B",0,0,0,0,1,1,0,1,1,2,0,0,0,0,0,0,0,0,5,5,0,5,5,10,0,0,0,0
"2581","SBMB24","SAKNAS",0,0,0,0,0,0,0,0,0,0,0,0,0,0,0,0,0,0,0,0,0,0,0,0,0,0,0,0
"2581","OVRIUB","UB",461,488,476,447,447,422,390,373,390,384,422,421,425,388,1181,1234,1189,1138,1130,1058,978,928,987,963,1050,1032,1041,957
"2581","OVRIUB","M1B",0,0,0,0,0,0,0,0,0,0,0,0,0,0,0,0,0,0,0,0,0,0,0,0,0,0,0,0
"2581","OVRIUB","M2B",0,0,0,0,0,0,0,0,0,0,0,0,0,0,0,0,0,0,0,0,0,0,0,0,0,0,0,0
"2581","OVRIUB","M3+B",0,0,0,0,0,0,0,0,0,0,0,0,0,0,0,0,0,0,0,0,0,0,0,0,0,0,0,0
"2581","OVRIUB","SAKNAS",0,0,0,0,0,0,0,0,0,0,0,0,0,0,0,0,0,0,0,0,0,0,0,0,0,0,0,0
"2581","ÖMB25","UB",0,0,0,0,0,0,0,0,0,0,0,0,0,0,0,0,0,0,0,0,0,0,0,0,0,0,0,0
"2581","ÖMB25","M1B",101,96,115,105,125,118,121,124,111,120,123,103,88,82,395,375,444,414,488,460,475,479,427,470,473,406,334,306
"2581","ÖMB25","M2B",73,88,91,87,85,82,112,101,90,85,81,67,70,83,375,451,458,437,427,409,546,501,443,428,400,343,356,411
"2581","ÖMB25","M3+B",51,48,45,49,50,50,60,52,59,56,55,55,45,36,346,323,297,321,337,502,603,374,397,357,363,364,293,243
"2581","ÖMB25","SAKNAS",0,0,0,0,0,0,0,0,0,0,0,0,0,0,0,0,0,0,0,0,0,0,0,0,0,0,0,0
"2581","ÖMB24","UB",0,0,0,0,0,0,0,0,0,0,0,0,0,0,0,0,0,0,0,0,0,0,0,0,0,0,0,0
"2581","ÖMB24","M1B",10,9,12,11,14,15,17,15,15,7,11,10,13,14,38,33,44,43,51,56,60,57,60,28,41,37,47,54
"2581","ÖMB24","M2B",0,0,1,0,2,4,2,0,2,1,0,0,1,0,0,0,4,0,11,20,10,0,10,4,0,0,4,0
"2581","ÖMB24","M3+B",0,0,0,0,0,1,0,0,0,0,0,0,0,0,0,0,0,0,0,6,0,0,0,0,0,0,0,0
"2581","ÖMB24","SAKNAS",0,0,0,0,0,0,0,0,0,0,0,0,0,0,0,0,0,0,0,0,0,0,0,0,0,0,0,0
"2581","SAKNAS","UB",0,0,0,0,0,0,0,0,0,0,0,0,0,0,0,0,0,0,0,0,0,0,0,0,0,0,0,0
"2581","SAKNAS","M1B",0,0,0,0,0,0,0,0,0,0,0,0,0,0,0,0,0,0,0,0,0,0,0,0,0,0,0,0
"2581","SAKNAS","M2B",0,0,0,0,0,0,0,0,0,0,0,0,0,0,0,0,0,0,0,0,0,0,0,0,0,0,0,0
"2581","SAKNAS","M3+B",0,0,0,0,0,0,0,0,0,0,0,0,0,0,0,0,0,0,0,0,0,0,0,0,0,0,0,0
"2581","SAKNAS","SAKNAS",0,0,0,0,0,0,0,0,0,0,0,0,0,0,34,33,29,31,29,27,28,29,38,45,47,53,61,62
"2560","ESUB","UB",1440,1414,1464,1523,1565,1512,1584,1622,1630,1622,1636,1638,1663,1694,1440,1414,1464,1523,1565,1512,1584,1622,1630,1622,1636,1638,1663,1694
"2560","ESUB","M1B",0,0,0,0,0,0,0,0,0,0,0,0,0,0,0,0,0,0,0,0,0,0,0,0,0,0,0,0
"2560","ESUB","M2B",0,0,0,0,0,0,0,0,0,0,0,0,0,0,0,0,0,0,0,0,0,0,0,0,0,0,0,0
"2560","ESUB","M3+B",0,0,0,0,0,0,0,0,0,0,0,0,0,0,0,0,0,0,0,0,0,0,0,0,0,0,0,0
"2560","ESUB","SAKNAS",0,0,0,0,0,0,0,0,0,0,0,0,0,0,0,0,0,0,0,0,0,0,0,0,0,0,0,0
"2560","ESMB25","UB",0,0,0,0,0,0,0,0,0,0,0,0,0,0,0,0,0,0,0,0,0,0,0,0,0,0,0,0
"2560","ESMB25","M1B",104,113,119,114,93,110,112,104,102,98,93,87,91,89,208,226,238,228,186,220,224,208,204,196,186,174,182,178
"2560","ESMB25","M2B",66,61,60,65,60,57,49,55,57,59,59,61,68,75,198,183,180,195,180,171,147,165,171,177,177,183,204,225
"2560","ESMB25","M3+B",22,25,25,30,25,21,27,24,21,29,24,26,24,20,92,106,109,129,111,93,120,110,95,133,108,117,108,92
"2560","ESMB25","SAKNAS",0,0,0,0,0,0,0,0,0,0,0,0,0,0,0,0,0,0,0,0,0,0,0,0,0,0,0,0
"2560","ESMB24","UB",0,0,0,0,0,0,0,0,0,0,0,0,0,0,0,0,0,0,0,0,0,0,0,0,0,0,0,0
"2560","ESMB24","M1B",47,42,40,46,40,42,41,46,37,31,34,28,28,34,94,84,80,92,80,84,82,92,74,62,68,56,56,68
"2560","ESMB24","M2B",1,1,2,1,0,1,0,1,1,1,2,2,2,2,3,3,6,3,0,3,0,3,3,3,6,6,6,6
"2560","ESMB24","M3+B",0,0,0,1,1,1,1,0,0,0,0,0,0,0,0,0,0,4,4,4,4,0,0,0,0,0,0,0
"2560","ESMB24","SAKNAS",0,0,0,0,0,0,0,0,0,0,0,0,0,0,0,0,0,0,0,0,0,0,0,0,0,0,0,0
"2560","SMUB","UB",1142,1145,1142,1145,1140,1152,1143,1141,1144,1139,1135,1120,1111,1116,2284,2290,2284,2290,2280,2304,2286,2282,2288,2278,2270,2240,2222,2232
"2560","SMUB","M1B",0,0,0,0,0,0,0,0,0,0,0,0,0,0,0,0,0,0,0,0,0,0,0,0,0,0,0,0
"2560","SMUB","M2B",0,0,0,0,0,0,0,0,0,0,0,0,0,0,0,0,0,0,0,0,0,0,0,0,0,0,0,0
"2560","SMUB","M3+B",0,0,0,0,0,0,0,0,0,0,0,0,0,0,0,0,0,0,0,0,0,0,0,0,0,0,0,0
"2560","SMUB","SAKNAS",0,0,0,0,0,0,0,0,0,0,0,0,0,0,0,0,0,0,0,0,0,0,0,0,0,0,0,0
"2560","SBMB25","UB",0,0,0,0,0,0,0,0,0,0,0,0,0,0,0,0,0,0,0,0,0,0,0,0,0,0,0,0
"2560","SBMB25","M1B",282,256,275,271,259,252,263,245,250,258,267,252,257,240,846,768,825,813,777,756,789,735,750,774,801,756,771,720
"2560","SBMB25","M2B",363,362,341,357,345,338,353,342,362,356,341,340,326,316,1452,1448,1364,1428,1380,1352,1412,1368,1448,1424,1364,1360,1304,1264
"2560","SBMB25","M3+B",178,165,159,144,146,157,167,153,134,124,126,126,125,129,941,879,845,780,790,842,901,826,727,678,685,680,671,688
"2560","SBMB25","SAKNAS",0,0,0,0,0,0,0,0,0,0,0,0,0,0,0,0,0,0,0,0,0,0,0,0,0,0,0,0
"2560","SBMB24","UB",0,0,0,0,0,0,0,0,0,0,0,0,0,0,0,0,0,0,0,0,0,0,0,0,0,0,0,0
"2560","SBMB24","M1B",57,54,55,50,53,56,51,50,38,41,40,43,42,37,171,162,165,150,159,168,153,150,114,123,120,129,126,111
"2560","SBMB24","M2B",3,4,4,5,5,4,5,4,5,5,4,6,3,2,12,16,16,20,20,16,20,16,20,20,16,24,12,8
"2560","SBMB24","M3+B",0,0,0,0,0,0,0,0,0,0,0,0,0,0,0,0,0,0,0,0,0,0,0,0,0,0,0,0
"2560","SBMB24","SAKNAS",0,0,0,0,0,0,0,0,0,0,0,0,0,0,0,0,0,0,0,0,0,0,0,0,0,0,0,0
"2560","OVRIUB","UB",96,113,106,100,104,117,101,107,107,122,110,96,96,92,237,285,259,240,252,302,254,271,271,309,266,229,231,222
"2560","OVRIUB","M1B",0,0,0,0,0,0,0,0,0,0,0,0,0,0,0,0,0,0,0,0,0,0,0,0,0,0,0,0
"2560","OVRIUB","M2B",0,0,0,0,0,0,0,0,0,0,0,0,0,0,0,0,0,0,0,0,0,0,0,0,0,0,0,0
"2560","OVRIUB","M3+B",0,0,0,0,0,0,0,0,0,0,0,0,0,0,0,0,0,0,0,0,0,0,0,0,0,0,0,0
"2560","OVRIUB","SAKNAS",0,0,0,0,0,0,0,0,0,0,0,0,0,0,0,0,0,0,0,0,0,0,0,0,0,0,0,0
"2560","ÖMB25","UB",0,0,0,0,0,0,0,0,0,0,0,0,0,0,0,0,0,0,0,0,0,0,0,0,0,0,0,0
"2560","ÖMB25","M1B",28,32,27,27,32,34,21,22,20,15,22,29,17,20,104,120,105,102,117,125,75,82,74,55,84,120,67,75
"2560","ÖMB25","M2B",15,19,22,14,24,18,14,18,11,16,18,13,12,13,77,103,117,75,126,91,72,93,59,83,94,69,61,72
"2560","ÖMB25","M3+B",10,13,14,13,21,20,19,16,19,16,17,16,10,14,70,92,99,81,142,140,127,100,124,108,114,106,71,95
"2560","ÖMB25","SAKNAS",0,0,0,0,0,0,0,0,0,0,0,0,0,0,0,0,0,0,0,0,0,0,0,0,0,0,0,0
"2560","ÖMB24","UB",0,0,0,0,0,0,0,0,0,0,0,0,0,0,0,0,0,0,0,0,0,0,0,0,0,0,0,0
"2560","ÖMB24","M1B",3,3,1,2,3,2,6,4,3,2,2,3,4,4,12,10,3,7,10,7,22,14,10,7,7,11,14,12
"2560","ÖMB24","M2B",0,0,0,0,0,0,0,0,0,0,0,0,0,0,0,0,0,0,0,0,0,0,0,0,0,0,0,0
"2560","ÖMB24","M3+B",0,0,0,0,0,0,0,0,0,0,0,0,0,0,0,0,0,0,0,0,0,0,0,0,0,0,0,0
"2560","ÖMB24","SAKNAS",0,0,0,0,0,0,0,0,0,0,0,0,0,0,0,0,0,0,0,0,0,0,0,0,0,0,0,0
"2560","SAKNAS","UB",0,0,0,0,0,0,0,0,0,0,0,0,0,0,0,0,0,0,0,0,0,0,0,0,0,0,0,0
"2560","SAKNAS","M1B",0,0,0,0,0,0,0,0,0,0,0,0,0,0,0,0,0,0,0,0,0,0,0,0,0,0,0,0
"2560","SAKNAS","M2B",0,0,0,0,0,0,0,0,0,0,0,0,0,0,0,0,0,0,0,0,0,0,0,0,0,0,0,0
"2560","SAKNAS","M3+B",0,0,0,0,0,0,0,0,0,0,0,0,0,0,0,0,0,0,0,0,0,0,0,0,0,0,0,0
"2560","SAKNAS","SAKNAS",0,0,0,0,0,0,0,0,0,0,0,0,0,0,12,11,9,11,4,3,2,3,4,2,7,13,14,12
"2514","ESUB","UB",2965,2999,3001,3043,3099,3155,3137,3189,3217,3279,3356,3430,3464,3460,2965,2999,3001,3043,3099,3155,3137,3189,3217,3279,3356,3430,3464,3460
"2514","ESUB","M1B",0,0,0,0,0,0,0,0,0,0,0,0,0,0,0,0,0,0,0,0,0,0,0,0,0,0,0,0
"2514","ESUB","M2B",0,0,0,0,0,0,0,0,0,0,0,0,0,0,0,0,0,0,0,0,0,0,0,0,0,0,0,0
"2514","ESUB","M3+B",0,0,0,0,0,0,0,0,0,0,0,0,0,0,0,0,0,0,0,0,0,0,0,0,0,0,0,0
"2514","ESUB","SAKNAS",0,0,0,0,0,0,0,0,0,0,0,0,0,0,0,0,0,0,0,0,0,0,0,0,0,0,0,0
"2514","ESMB25","UB",0,0,0,0,0,0,0,0,0,0,0,0,0,0,0,0,0,0,0,0,0,0,0,0,0,0,0,0
"2514","ESMB25","M1B",213,203,217,220,243,238,229,242,231,212,210,203,208,230,426,406,434,440,486,476,458,484,462,424,420,406,416,460
"2514","ESMB25","M2B",117,115,124,123,121,135,119,115,124,115,109,120,131,115,351,345,372,369,363,405,357,345,372,345,327,360,393,345
"2514","ESMB25","M3+B",51,50,50,54,55,48,52,49,53,48,50,48,57,49,219,213,211,228,228,198,227,215,230,209,226,212,257,217
"2514","ESMB25","SAKNAS",0,0,0,0,0,0,0,0,0,0,0,0,0,0,0,0,0,0,0,0,0,0,0,0,0,0,0,0
"2514","ESMB24","UB",0,0,0,0,0,0,0,0,0,0,0,0,0,0,0,0,0,0,0,0,0,0,0,0,0,0,0,0
"2514","ESMB24","M1B",109,109,111,106,106,91,96,99,102,113,116,111,101,115,218,218,222,212,212,182,192,198,204,226,232,222,202,230
"2514","ESMB24","M2B",6,6,5,3,5,5,2,4,2,5,3,3,4,6,18,18,15,9,15,15,6,12,6,15,9,9,12,18
"2514","ESMB24","M3+B",0,0,1,1,1,1,1,0,0,0,0,0,0,0,0,0,4,4,4,4,4,0,0,0,0,0,0,0
"2514","ESMB24","SAKNAS",0,0,0,0,0,0,0,0,0,0,0,0,0,0,0,0,0,0,0,0,0,0,0,0,0,0,0,0
"2514","SMUB","UB",2406,2416,2435,2430,2408,2412,2423,2411,2371,2355,2359,2361,2331,2331,4812,4832,4870,4860,4816,4824,4846,4822,4742,4710,4718,4722,4662,4662
"2514","SMUB","M1B",0,0,0,0,0,0,0,0,0,0,0,0,0,0,0,0,0,0,0,0,0,0,0,0,0,0,0,0
"2514","SMUB","M2B",0,0,0,0,0,0,0,0,0,0,0,0,0,0,0,0,0,0,0,0,0,0,0,0,0,0,0,0
"2514","SMUB","M3+B",0,0,0,0,0,0,0,0,0,0,0,0,0,0,0,0,0,0,0,0,0,0,0,0,0,0,0,0
"2514","SMUB","SAKNAS",0,0,0,0,0,0,0,0,0,0,0,0,0,0,0,0,0,0,0,0,0,0,0,0,0,0,0,0
"2514","SBMB25","UB",0,0,0,0,0,0,0,0,0,0,0,0,0,0,0,0,0,0,0,0,0,0,0,0,0,0,0,0
"2514","SBMB25","M1B",575,517,542,524,506,496,483,492,490,489,480,467,444,446,1725,1551,1626,1572,1518,1488,1449,1476,1470,1467,1440,1401,1332,1338
"2514","SBMB25","M2B",678,701,640,633,606,603,618,599,589,593,592,588,563,562,2712,2804,2560,2532,2424,2412,2472,2396,2356,2372,2368,2352,2252,2248
"2514","SBMB25","M3+B",310,309,297,291,292,276,263,256,242,260,252,252,250,250,1670,1661,1605,1579,1594,1507,1431,1398,1327,1420,1362,1373,1349,1346
"2514","SBMB25","SAKNAS",0,0,0,0,0,0,0,0,0,0,0,0,0,0,0,0,0,0,0,0,0,0,0,0,0,0,0,0
"2514","SBMB24","UB",0,0,0,0,0,0,0,0,0,0,0,0,0,0,0,0,0,0,0,0,0,0,0,0,0,0,0,0
"2514","SBMB24","M1B",132,128,139,143,143,160,157,159,156,138,119,102,106,104,396,384,417,429,429,480,471,477,468,414,357,306,318,312
"2514","SBMB24","M2B",4,7,8,8,5,7,12,9,8,7,7,9,11,9,16,28,32,32,20,28,48,36,32,28,28,36,44,36
"2514","SBMB24","M3+B",1,1,1,1,1,1,1,1,2,0,1,1,0,0,5,5,5,5,5,5,5,5,10,0,5,5,0,0
"2514","SBMB24","SAKNAS",0,0,0,0,0,0,0,0,0,0,0,0,0,0,0,0,0,0,0,0,0,0,0,0,0,0,0,0
"2514","OVRIUB","UB",201,201,199,194,202,214,215,188,209,206,197,183,179,155,489,497,485,486,507,545,551,479,509,507,483,456,448,373
"2514","OVRIUB","M1B",0,0,0,0,0,0,0,0,0,0,0,0,0,0,0,0,0,0,0,0,0,0,0,0,0,0,0,0
"2514","OVRIUB","M2B",0,0,0,0,0,0,0,0,0,0,0,0,0,0,0,0,0,0,0,0,0,0,0,0,0,0,0,0
"2514","OVRIUB","M3+B",0,0,0,0,0,0,0,0,0,0,0,0,0,0,0,0,0,0,0,0,0,0,0,0,0,0,0,0
"2514","OVRIUB","SAKNAS",0,0,0,0,0,0,0,0,0,0,0,0,0,0,0,0,0,0,0,0,0,0,0,0,0,0,0,0
"2514","ÖMB25","UB",0,0,0,0,0,0,0,0,0,0,0,0,0,0,0,0,0,0,0,0,0,0,0,0,0,0,0,0
"2514","ÖMB25","M1B",50,55,47,46,47,47,45,44,40,33,35,41,37,37,195,219,180,177,181,181,172,168,148,121,128,153,137,141
"2514","ÖMB25","M2B",41,32,37,30,32,26,36,36,38,24,31,22,24,20,207,161,180,148,157,123,180,183,186,120,146,110,121,101
"2514","ÖMB25","M3+B",18,19,18,20,19,22,18,19,16,16,18,19,15,11,115,123,121,139,134,149,126,124,102,102,122,130,100,70
"2514","ÖMB25","SAKNAS",0,0,0,0,0,0,0,0,0,0,0,0,0,0,0,0,0,0,0,0,0,0,0,0,0,0,0,0
"2514","ÖMB24","UB",0,0,0,0,0,0,0,0,0,0,0,0,0,0,0,0,0,0,0,0,0,0,0,0,0,0,0,0
"2514","ÖMB24","M1B",8,8,9,9,11,10,8,11,8,12,8,7,5,6,32,31,31,31,39,34,26,35,28,41,26,24,16,20
"2514","ÖMB24","M2B",0,1,0,0,0,0,0,1,1,0,0,0,0,0,0,5,0,0,0,0,0,5,5,0,0,0,0,0
"2514","ÖMB24","M3+B",1,1,0,0,0,0,0,0,0,1,0,0,0,0,5,5,0,0,0,0,0,0,0,6,0,0,0,0
"2514","ÖMB24","SAKNAS",0,0,0,0,0,0,0,0,0,0,0,0,0,0,0,0,0,0,0,0,0,0,0,0,0,0,0,0
"2514","SAKNAS","UB",0,0,0,0,0,0,0,0,0,0,0,0,0,0,0,0,0,0,0,0,0,0,0,0,0,0,0,0
"2514","SAKNAS","M1B",0,0,0,0,0,0,0,0,0,0,0,0,0,0,0,0,0,0,0,0,0,0,0,0,0,0,0,0
"2514","SAKNAS","M2B",0,0,0,0,0,0,0,0,0,0,0,0,0,0,0,0,0,0,0,0,0,0,0,0,0,0,0,0
"2514","SAKNAS","M3+B",0,0,0,0,0,0,0,0,0,0,0,0,0,0,0,0,0,0,0,0,0,0,0,0,0,0,0,0
"2514","SAKNAS","SAKNAS",0,0,0,0,0,0,0,0,0,0,0,0,0,0,15,13,16,12,17,12,11,11,12,6,15,22,24,14
"00","ESUB","UB",1716073,1707925,1712192,1727447,1752604,1772498,1800832,1839986,1879405,1925939,1967551,2005669,2048760,2077552,1716073,1707925,1712192,1727447,1752604,1772498,1800832,1839986,1879405,1925939,1967551,2005669,2048760,2077552
"00","ESUB","M1B",0,0,0,0,0,0,0,0,0,0,0,0,0,0,0,0,0,0,0,0,0,0,0,0,0,0,0,0
"00","ESUB","M2B",0,0,0,0,0,0,0,0,0,0,0,0,0,0,0,0,0,0,0,0,0,0,0,0,0,0,0,0
"00","ESUB","M3+B",0,0,0,0,0,0,0,0,0,0,0,0,0,0,0,0,0,0,0,0,0,0,0,0,0,0,0,0
"00","ESUB","SAKNAS",0,0,0,0,0,0,0,0,0,0,0,0,0,0,0,0,0,0,0,0,0,0,0,0,0,0,0,0
"00","ESMB25","UB",0,0,0,0,0,0,0,0,0,0,0,0,0,0,0,0,0,0,0,0,0,0,0,0,0,0,0,0
"00","ESMB25","M1B",141355,141922,142615,143644,143284,142711,143112,143419,144917,147620,148292,148969,150698,152678,282710,283844,285230,287288,286568,285422,286224,286838,289834,295240,296584,297938,301396,305356
"00","ESMB25","M2B",86392,87463,88599,89458,90790,92318,93957,96294,98569,100833,101272,101366,102188,103850,259176,262389,265797,268374,272370,276954,281871,288882,295707,302499,303816,304098,306564,311550
"00","ESMB25","M3+B",28965,29169,30127,31201,32185,33046,34298,35459,36538,37280,37415,36995,36885,36682,125634,126698,131473,136641,141320,145454,151306,156594,161326,164584,165259,162943,162142,160903
"00","ESMB25","SAKNAS",0,0,0,0,0,0,0,0,0,0,0,0,0,0,0,0,0,0,0,0,0,0,0,0,0,0,0,0
"00","ESMB24","UB",0,0,0,0,0,0,0,0,0,0,0,0,0,0,0,0,0,0,0,0,0,0,0,0,0,0,0,0
"00","ESMB24","M1B",39703,40501,41669,43264,45020,47558,49599,51479,52565,53297,53398,53347,53847,54619,79406,81002,83338,86528,90040,95116,99198,102958,105130,106594,106796,106694,107694,109238
"00","ESMB24","M2B",2446,2532,2727,2920,3152,3525,3835,4055,4159,4169,4071,4035,4103,4199,7338,7596,8181,8760,9456,10575,11505,12165,12477,12507,12213,12105,12309,12597
"00","ESMB24","M3+B",156,168,168,197,220,237,260,276,284,281,291,304,341,379,641,687,686,811,909,973,1065,1131,1168,1159,1202,1256,1415,1564
"00","ESMB24","SAKNAS",0,0,0,0,0,0,0,0,0,0,0,0,0,0,0,0,0,0,0,0,0,0,0,0,0,0,0,0
"00","SMUB","UB",1052231,1057415,1065254,1078223,1088887,1099858,1109836,1121967,1133577,1145562,1156177,1165181,1175703,1184580,2104462,2114830,2130508,2156446,2177774,2199716,2219672,2243934,2267154,2291124,2312354,2330362,2351406,2369160
"00","SMUB","M1B",0,0,0,0,0,0,0,0,0,0,0,0,0,0,0,0,0,0,0,0,0,0,0,0,0,0,0,0
"00","SMUB","M2B",0,0,0,0,0,0,0,0,0,0,0,0,0,0,0,0,0,0,0,0,0,0,0,0,0,0,0,0
"00","SMUB","M3+B",0,0,0,0,0,0,0,0,0,0,0,0,0,0,0,0,0,0,0,0,0,0,0,0,0,0,0,0
"00","SMUB","SAKNAS",0,0,0,0,0,0,0,0,0,0,0,0,0,0,0,0,0,0,0,0,0,0,0,0,0,0,0,0
"00","SBMB25","UB",0,0,0,0,0,0,0,0,0,0,0,0,0,0,0,0,0,0,0,0,0,0,0,0,0,0,0,0
"00","SBMB25","M1B",322260,322255,321804,320217,318986,317404,316438,316860,316101,318051,319811,323040,326699,328765,966780,966765,965412,960651,956958,952212,949314,950580,948303,954153,959433,969120,980097,986295
"00","SBMB25","M2B",452327,452869,453099,454648,456833,459706,461650,464375,467497,470652,474497,477159,480299,482601,1809308,1811476,1812396,1818592,1827332,1838824,1846600,1857500,1869988,1882608,1897988,1908636,1921196,1930404
"00","SBMB25","M3+B",177513,176219,177043,178633,181391,185217,188956,192231,194162,195687,197355,197762,196519,195365,938505,931895,937791,947334,963337,985363,1006483,1025501,1036676,1045150,1053438,1054514,1046853,1040110
"00","SBMB25","SAKNAS",0,0,0,0,0,0,0,0,0,0,0,0,0,0,0,0,0,0,0,0,0,0,0,0,0,0,0,0
"00","SBMB24","UB",0,0,0,0,0,0,0,0,0,0,0,0,0,0,0,0,0,0,0,0,0,0,0,0,0,0,0,0
"00","SBMB24","M1B",48566,50171,51725,54168,56582,58505,60535,61695,61901,60989,59392,58141,57092,57350,145698,150513,155175,162504,169746,175515,181605,185085,185703,182967,178176,174423,171276,172050
"00","SBMB24","M2B",3681,4015,4280,4593,5018,5348,5786,6026,6116,5947,5796,5738,5655,5706,14724,16060,17120,18372,20072,21392,23144,24104,24464,23788,23184,22952,22620,22824
"00","SBMB24","M3+B",231,266,303,339,384,440,480,503,534,539,506,483,489,537,1185,1364,1562,1744,1971,2245,2444,2560,2718,2754,2581,2468,2503,2731
"00","SBMB24","SAKNAS",0,0,0,0,0,0,0,0,0,0,0,0,0,0,0,0,0,0,0,0,0,0,0,0,0,0,0,0
"00","OVRIUB","UB",157325,163616,168057,170798,171185,176822,179218,178148,178217,173088,172136,173408,168258,165541,406151,423784,435933,443870,445445,462057,468572,465092,464680,449271,445788,448597,433358,425979
"00","OVRIUB","M1B",0,0,0,0,0,0,0,0,0,0,0,0,0,0,0,0,0,0,0,0,0,0,0,0,0,0,0,0
"00","OVRIUB","M2B",0,0,0,0,0,0,0,0,0,0,0,0,0,0,0,0,0,0,0,0,0,0,0,0,0,0,0,0
"00","OVRIUB","M3+B",0,0,0,0,0,0,0,0,0,0,0,0,0,0,0,0,0,0,0,0,0,0,0,0,0,0,0,0
"00","OVRIUB","SAKNAS",0,0,0,0,0,0,0,0,0,0,0,0,0,0,0,0,0,0,0,0,0,0,0,0,0,0,0,0
"00","ÖMB25","UB",0,0,0,0,0,0,0,0,0,0,0,0,0,0,0,0,0,0,0,0,0,0,0,0,0,0,0,0
"00","ÖMB25","M1B",42631,45285,46513,47335,47529,48925,49380,48727,48378,45532,44391,43913,41324,40909,172717,184106,189227,193117,193851,199744,201948,198946,197095,185110,180131,178253,166903,164788
"00","ÖMB25","M2B",38082,40316,42328,43658,44490,46140,47432,47749,47380,45678,45045,44685,42299,41394,197877,210202,220806,228201,232668,242024,248482,249943,247643,238206,234521,232520,219037,214036
"00","ÖMB25","M3+B",29464,31679,33507,34442,35432,37633,39099,39226,38955,36330,35847,35147,32683,31219,212294,230150,244572,251295,258672,276723,287025,286648,284454,262652,257756,251783,232234,220725
"00","ÖMB25","SAKNAS",0,0,0,0,0,0,0,0,0,0,0,0,0,0,0,0,0,0,0,0,0,0,0,0,0,0,0,0
"00","ÖMB24","UB",0,0,0,0,0,0,0,0,0,0,0,0,0,0,0,0,0,0,0,0,0,0,0,0,0,0,0,0
"00","ÖMB24","M1B",5490,5854,6174,6525,6725,7223,7608,7750,7778,7507,7387,7315,7019,6949,21460,22916,24239,25763,26531,28484,30000,30517,30505,29341,29028,28736,27516,27193
"00","ÖMB24","M2B",624,649,727,821,947,995,1077,1067,1115,1117,1053,1045,989,975,3081,3219,3685,4135,4753,5012,5353,5331,5529,5536,5204,5200,4906,4854
"00","ÖMB24","M3+B",67,79,96,83,102,105,120,103,123,141,128,114,124,125,410,491,594,517,647,656,752,641,753,868,778,707,770,786
"00","ÖMB24","SAKNAS",0,0,0,0,0,0,0,0,0,0,0,0,0,0,0,0,0,0,0,0,0,0,0,0,0,0,0,0
"00","SAKNAS","UB",0,0,0,0,0,0,0,0,0,0,0,0,0,0,0,0,0,0,0,0,0,0,0,0,0,0,0,0
"00","SAKNAS","M1B",0,0,0,0,0,0,0,0,0,0,0,0,0,0,0,0,0,0,0,0,0,0,0,0,0,0,0,0
"00","SAKNAS","M2B",0,0,0,0,0,0,0,0,0,0,0,0,0,0,0,0,0,0,0,0,0,0,0,0,0,0,0,0
"00","SAKNAS","M3+B",0,0,0,0,0,0,0,0,0,0,0,0,0,0,0,0,0,0,0,0,0,0,0,0,0,0,0,0
"00","SAKNAS","SAKNAS",0,0,0,0,0,0,0,0,0,0,0,0,0,0,17225,17981,18947,18965,17993,18194,16847,15249,16877,17245,18545,22582,30752,27015
