"Region","Boendeform","000000TT 2012","000000TT 2013","000000TT 2014","000000TT 2015","000000TT 2016","000000TT 2017","000000TT 2018","000000TT 2019","000000TT 2020","000000TT 2021","000000TT 2022","000000TT 2023","000000TT 2024","000000TT 2025"
"2580","SMAG",2.7,2.7,2.7,2.7,2.7,2.7,2.7,2.7,2.6,2.6,2.6,2.6,2.6,2.6
"2580","SMBO",2.6,2.5,2.5,2.6,2.5,2.4,2.2,2.2,2.2,2.1,2.2,2.2,2.2,2.2
"2580","SMHY0",1.9,1.9,1.7,1.8,1.8,1.7,1.8,1.8,1.6,1.5,1.6,1.6,1.7,1.6
"2580","FBBO",1.6,1.6,1.6,1.6,1.6,1.6,1.6,1.6,1.6,1.6,1.5,1.5,1.5,1.5
"2580","FBHY0",1.8,1.8,1.8,1.8,1.8,1.8,1.7,1.7,1.7,1.7,1.7,1.7,1.6,1.7
"2580","SPBO",1.3,1.3,1.3,1.3,1.3,1.3,1.3,1.3,1.2,1.2,1.2,1.2,1.2,1.2
"2580","OB",1.7,1.8,1.8,1.8,1.8,1.8,1.7,1.7,1.6,1.7,1.6,1.7,1.7,1.7
"2580","OVR",1.6,1.6,1.7,1.7,1.6,1.7,1.9,1.9,2.0,2.0,2.2,2.3,2.4,2.3
"2580","TOT",2.1,2.1,2.1,2.1,2.1,2.1,2.0,2.0,2.0,2.0,2.0,2.0,2.0,2.0
"2582","SMAG",2.5,2.5,2.5,2.5,2.5,2.5,2.5,2.5,2.5,2.4,2.4,2.4,2.4,2.4
"2582","SMBO",2.2,2.1,2.1,2.1,2.1,2.0,2.1,2.0,2.1,2.0,2.0,2.0,2.0,2.0
"2582","SMHY0",2.0,1.9,2.0,2.1,2.0,1.8,1.9,2.0,2.0,1.9,1.9,2.0,1.9,1.9
"2582","FBBO",1.5,1.5,1.5,1.5,1.4,1.4,1.5,1.5,1.4,1.4,1.4,1.4,1.4,1.4
"2582","FBHY0",1.6,1.6,1.6,1.7,1.7,1.7,1.7,1.6,1.6,1.6,1.6,1.6,1.6,1.6
"2582","SPBO",1.1,1.1,1.1,1.1,1.1,1.1,1.1,1.1,1.1,1.1,1.1,1.1,1.1,1.1
"2582","OB",1.7,1.6,1.6,1.6,1.6,1.7,..,..,..,..,..,..,1.3,..
"2582","OVR",1.4,1.3,1.2,1.2,1.1,1.1,1.1,1.1,1.1,1.2,1.3,1.3,1.2,1.1
"2582","TOT",2.1,2.1,2.0,2.1,2.1,2.0,2.0,2.0,2.0,2.0,2.0,2.0,2.0,2.0
"2581","SMAG",2.6,2.6,2.6,2.6,2.6,2.6,2.5,2.5,2.5,2.5,2.5,2.5,2.5,2.5
"2581","SMBO",2.1,2.0,2.0,1.9,2.0,2.0,1.9,1.7,1.7,1.7,1.7,1.7,1.7,1.7
"2581","SMHY0",1.8,1.8,1.7,1.9,3.4,3.9,2.2,2.2,1.8,1.8,1.7,1.7,1.7,1.7
"2581","FBBO",1.6,1.7,1.6,1.6,1.6,1.6,1.6,1.6,1.5,1.5,1.5,1.5,1.5,1.5
"2581","FBHY0",1.5,1.5,1.5,1.5,1.5,1.5,1.5,1.5,1.5,1.5,1.5,1.5,1.5,1.5
"2581","SPBO",1.1,1.1,1.1,1.2,1.2,1.1,1.1,1.1,1.1,1.1,1.1,1.1,1.1,1.1
"2581","OB",1.7,1.7,1.7,1.7,1.7,1.7,2.0,1.9,1.9,2.0,2.0,1.9,1.8,1.8
"2581","OVR",1.7,1.7,1.7,1.8,1.6,1.7,1.7,1.8,1.9,2.0,2.0,2.0,2.0,2.0
"2581","TOT",2.1,2.1,2.1,2.1,2.1,2.1,2.1,2.1,2.1,2.1,2.1,2.0,2.0,2.0
"2560","SMAG",2.4,2.4,2.4,2.4,2.3,2.3,2.3,2.3,2.3,2.3,2.3,2.3,2.3,2.2
"2560","SMBO",..,..,..,..,..,..,..,..,..,..,..,..,..,..
"2560","SMHY0",2.0,1.9,2.0,1.9,1.9,2.0,1.8,1.9,2.2,1.8,1.9,2.0,1.9,2.1
"2560","FBBO",1.4,1.4,1.5,1.5,1.4,1.4,1.4,1.3,1.3,1.4,1.3,1.3,1.3,1.2
"2560","FBHY0",1.5,1.5,1.5,1.5,1.5,1.5,1.5,1.5,1.5,1.4,1.4,1.4,1.4,1.4
"2560","SPBO",1.2,1.1,1.2,1.3,1.3,1.2,1.3,1.2,1.3,1.2,1.3,1.3,1.2,1.2
"2560","OB",2.2,2.3,2.4,2.6,2.5,2.2,2.0,2.1,2.0,2.2,2.1,2.2,2.2,2.1
"2560","OVR",1.6,1.6,1.4,1.6,1.5,1.7,1.6,1.5,1.5,1.6,1.6,1.9,1.6,1.7
"2560","TOT",2.1,2.1,2.1,2.1,2.1,2.1,2.1,2.0,2.0,2.0,2.0,2.0,2.0,2.0
"2514","SMAG",2.4,2.4,2.4,2.4,2.3,2.3,2.3,2.3,2.3,2.3,2.3,2.2,2.2,2.2
"2514","SMBO",2.1,2.1,1.9,2.0,2.0,2.0,1.8,1.8,1.8,1.7,1.7,1.8,1.8,1.7
"2514","SMHY0",2.3,2.5,2.4,2.5,2.5,2.4,2.4,2.3,2.3,2.3,2.2,2.0,2.1,2.1
"2514","FBBO",1.5,1.5,1.5,1.5,1.5,1.5,1.5,1.5,1.5,1.5,1.5,1.4,1.4,1.4
"2514","FBHY0",1.5,1.5,1.5,1.5,1.5,1.5,1.5,1.5,1.5,1.5,1.5,1.5,1.4,1.4
"2514","SPBO",1.1,1.1,1.1,1.1,1.1,1.1,1.1,1.1,1.1,1.1,1.1,1.1,1.1,1.1
"2514","OB",1.7,1.8,1.6,1.7,1.7,1.6,1.6,1.4,1.4,1.4,1.5,1.7,1.9,1.9
"2514","OVR",1.5,1.5,1.5,1.5,1.4,1.4,1.4,1.4,1.4,1.4,1.4,1.6,1.5,1.5
"2514","TOT",2.1,2.1,2.1,2.1,2.0,2.0,2.0,2.0,2.0,2.0,2.0,2.0,1.9,1.9
"00","SMAG",2.7,2.7,2.7,2.7,2.7,2.7,2.7,2.6,2.6,2.6,2.6,2.6,2.6,2.6
"00","SMBO",2.4,2.4,2.4,2.4,2.4,2.4,2.4,2.4,2.4,2.4,2.4,2.4,2.5,2.5
"00","SMHY0",2.3,2.3,2.3,2.3,2.3,2.3,2.3,2.3,2.3,2.3,2.3,2.2,2.2,2.2
"00","FBBO",1.8,1.8,1.8,1.8,1.8,1.8,1.8,1.8,1.8,1.8,1.8,1.8,1.8,1.8
"00","FBHY0",1.9,1.9,1.9,2.0,2.0,2.0,2.0,2.0,1.9,1.9,1.9,1.9,1.9,1.9
"00","SPBO",1.2,1.3,1.2,1.2,1.2,1.2,1.3,1.3,1.2,1.2,1.2,1.2,1.2,1.2
"00","OB",1.9,1.9,1.9,1.9,1.9,1.9,1.9,1.9,1.9,1.9,1.9,1.8,1.8,1.8
"00","OVR",1.5,1.6,1.6,1.6,1.6,1.6,1.6,1.7,1.7,1.7,1.8,1.8,1.8,1.7
"00","TOT",2.2,2.2,2.2,2.2,2.2,2.2,2.2,2.2,2.2,2.2,2.1,2.1,2.1,2.1
