Region,Alder,Kon,000008FP 2025
2580,0,1,179.0
2580,0,2,164.5
2580,1,1,330.5
2580,1,2,293.5
2580,2,1,375.0
2580,2,2,294.5
2580,3,1,350.0
2580,3,2,314.0
2580,4,1,383.0
2580,4,2,407.0
2580,5,1,415.5
2580,5,2,392.5
2580,6,1,402.0
2580,6,2,401.5
2580,7,1,389.5
2580,7,2,407.5
2580,8,1,405.5
2580,8,2,392.0
2580,9,1,440.0
2580,9,2,397.5
2580,10,1,428.5
2580,10,2,391.0
2580,11,1,453.5
2580,11,2,450.0
2580,12,1,435.5
2580,12,2,404.0
2580,13,1,420.0
2580,13,2,380.0
2580,14,1,466.0
2580,14,2,415.0
2580,15,1,452.5
2580,15,2,405.0
2580,16,1,466.0
2580,16,2,429.5
2580,17,1,458.0
2580,17,2,415.0
2580,18,1,477.5
2580,18,2,417.0
2580,19,1,480.0
2580,19,2,463.0
2580,20,1,562.0
2580,20,2,507.5
2580,21,1,628.0
2580,21,2,491.0
2580,22,1,646.5
2580,22,2,530.0
2580,23,1,650.0
2580,23,2,472.5
2580,24,1,691.0
2580,24,2,524.5
2580,25,1,661.5
2580,25,2,491.5
2580,26,1,708.5
2580,26,2,484.5
2580,27,1,602.0
2580,27,2,438.0
2580,28,1,548.5
2580,28,2,449.0
2580,29,1,563.5
2580,29,2,450.0
2580,30,1,550.0
2580,30,2,477.5
2580,31,1,650.0
2580,31,2,497.0
2580,32,1,596.0
2580,32,2,516.5
2580,33,1,648.0
2580,33,2,558.0
2580,34,1,630.0
2580,34,2,552.0
2580,35,1,593.0
2580,35,2,540.5
2580,36,1,589.5
2580,36,2,508.5
2580,37,1,615.5
2580,37,2,532.0
2580,38,1,567.5
2580,38,2,498.5
2580,39,1,516.5
2580,39,2,498.5
2580,40,1,496.5
2580,40,2,459.5
2580,41,1,484.0
2580,41,2,477.5
2580,42,1,496.0
2580,42,2,434.5
2580,43,1,433.5
2580,43,2,439.0
2580,44,1,448.5
2580,44,2,439.5
2580,45,1,501.0
2580,45,2,458.0
2580,46,1,439.5
2580,46,2,445.0
2580,47,1,445.5
2580,47,2,419.0
2580,48,1,462.5
2580,48,2,433.5
2580,49,1,493.0
2580,49,2,432.5
2580,50,1,483.5
2580,50,2,475.0
2580,51,1,491.0
2580,51,2,484.5
2580,52,1,496.0
2580,52,2,491.0
2580,53,1,492.5
2580,53,2,508.5
2580,54,1,482.5
2580,54,2,496.0
2580,55,1,500.5
2580,55,2,515.0
2580,56,1,498.0
2580,56,2,472.0
2580,57,1,509.5
2580,57,2,524.5
2580,58,1,588.0
2580,58,2,514.5
2580,59,1,524.5
2580,59,2,570.0
2580,60,1,540.0
2580,60,2,545.5
2580,61,1,528.0
2580,61,2,569.5
2580,62,1,514.0
2580,62,2,465.5
2580,63,1,488.0
2580,63,2,470.0
2580,64,1,416.5
2580,64,2,405.5
2580,65,1,426.0
2580,65,2,455.0
2580,66,1,410.5
2580,66,2,432.5
2580,67,1,426.0
2580,67,2,415.5
2580,68,1,406.0
2580,68,2,455.0
2580,69,1,389.5
2580,69,2,477.0
2580,70,1,383.0
2580,70,2,399.5
2580,71,1,425.0
2580,71,2,408.0
2580,72,1,389.5
2580,72,2,426.5
2580,73,1,380.0
2580,73,2,413.5
2580,74,1,358.5
2580,74,2,428.5
2580,75,1,381.5
2580,75,2,408.0
2580,76,1,385.5
2580,76,2,400.5
2580,77,1,362.5
2580,77,2,435.5
2580,78,1,354.5
2580,78,2,411.0
2580,79,1,332.0
2580,79,2,422.5
2582,0,1,50.5
2582,0,2,46.0
2582,1,1,118.5
2582,1,2,118.5
2582,2,1,122.5
2582,2,2,113.0
2582,3,1,150.0
2582,3,2,112.0
2582,4,1,176.0
2582,4,2,122.0
2582,5,1,135.5
2582,5,2,142.0
2582,6,1,160.5
2582,6,2,145.5
2582,7,1,132.5
2582,7,2,141.0
2582,8,1,167.0
2582,8,2,137.5
2582,9,1,156.0
2582,9,2,151.5
2582,10,1,179.0
2582,10,2,158.5
2582,11,1,136.0
2582,11,2,130.0
2582,12,1,160.5
2582,12,2,115.0
2582,13,1,158.0
2582,13,2,137.0
2582,14,1,151.0
2582,14,2,141.5
2582,15,1,149.0
2582,15,2,132.5
2582,16,1,159.5
2582,16,2,155.5
2582,17,1,153.0
2582,17,2,133.5
2582,18,1,170.0
2582,18,2,135.5
2582,19,1,164.5
2582,19,2,145.5
2582,20,1,153.0
2582,20,2,132.5
2582,21,1,189.0
2582,21,2,159.5
2582,22,1,159.0
2582,22,2,126.0
2582,23,1,164.5
2582,23,2,141.0
2582,24,1,175.0
2582,24,2,118.5
2582,25,1,186.5
2582,25,2,141.0
2582,26,1,176.5
2582,26,2,124.5
2582,27,1,164.5
2582,27,2,111.0
2582,28,1,171.5
2582,28,2,122.5
2582,29,1,168.5
2582,29,2,123.0
2582,30,1,165.5
2582,30,2,154.0
2582,31,1,191.0
2582,31,2,171.0
2582,32,1,215.5
2582,32,2,169.0
2582,33,1,220.0
2582,33,2,185.5
2582,34,1,237.5
2582,34,2,167.0
2582,35,1,243.0
2582,35,2,202.0
2582,36,1,213.0
2582,36,2,171.5
2582,37,1,195.5
2582,37,2,180.0
2582,38,1,193.5
2582,38,2,187.0
2582,39,1,173.0
2582,39,2,160.5
2582,40,1,184.5
2582,40,2,159.5
2582,41,1,166.5
2582,41,2,151.0
2582,42,1,173.0
2582,42,2,133.0
2582,43,1,170.5
2582,43,2,153.5
2582,44,1,175.0
2582,44,2,164.0
2582,45,1,168.0
2582,45,2,155.0
2582,46,1,161.0
2582,46,2,141.0
2582,47,1,187.5
2582,47,2,135.5
2582,48,1,132.0
2582,48,2,151.5
2582,49,1,153.0
2582,49,2,145.5
2582,50,1,183.5
2582,50,2,190.0
2582,51,1,168.5
2582,51,2,169.5
2582,52,1,155.5
2582,52,2,182.5
2582,53,1,182.0
2582,53,2,190.5
2582,54,1,210.5
2582,54,2,170.5
2582,55,1,176.0
2582,55,2,175.5
2582,56,1,173.0
2582,56,2,155.0
2582,57,1,170.5
2582,57,2,177.0
2582,58,1,174.0
2582,58,2,174.5
2582,59,1,237.5
2582,59,2,166.5
2582,60,1,197.0
2582,60,2,199.0
2582,61,1,183.5
2582,61,2,169.5
2582,62,1,160.0
2582,62,2,166.0
2582,63,1,154.0
2582,63,2,170.0
2582,64,1,166.5
2582,64,2,157.5
2582,65,1,148.5
2582,65,2,180.0
2582,66,1,196.5
2582,66,2,180.0
2582,67,1,166.5
2582,67,2,185.0
2582,68,1,180.0
2582,68,2,196.5
2582,69,1,197.5
2582,69,2,161.0
2582,70,1,161.0
2582,70,2,185.0
2582,71,1,165.5
2582,71,2,165.5
2582,72,1,177.0
2582,72,2,180.0
2582,73,1,178.0
2582,73,2,184.0
2582,74,1,148.5
2582,74,2,173.0
2582,75,1,170.5
2582,75,2,152.0
2582,76,1,176.0
2582,76,2,177.5
2582,77,1,164.0
2582,77,2,193.0
2582,78,1,154.0
2582,78,2,191.5
2582,79,1,180.5
2582,79,2,186.0
2581,0,1,87.5
2581,0,2,85.0
2581,1,1,184.5
2581,1,2,160.0
2581,2,1,197.5
2581,2,2,194.0
2581,3,1,216.0
2581,3,2,190.5
2581,4,1,253.5
2581,4,2,213.0
2581,5,1,209.0
2581,5,2,226.0
2581,6,1,255.0
2581,6,2,221.5
2581,7,1,187.5
2581,7,2,205.5
2581,8,1,225.5
2581,8,2,246.0
2581,9,1,259.5
2581,9,2,217.5
2581,10,1,236.5
2581,10,2,230.5
2581,11,1,261.5
2581,11,2,241.0
2581,12,1,235.5
2581,12,2,265.0
2581,13,1,234.0
2581,13,2,227.0
2581,14,1,246.0
2581,14,2,230.0
2581,15,1,238.0
2581,15,2,233.5
2581,16,1,220.5
2581,16,2,240.0
2581,17,1,268.0
2581,17,2,226.5
2581,18,1,251.5
2581,18,2,214.0
2581,19,1,248.0
2581,19,2,225.5
2581,20,1,245.5
2581,20,2,189.0
2581,21,1,236.5
2581,21,2,204.5
2581,22,1,226.5
2581,22,2,202.5
2581,23,1,226.5
2581,23,2,180.0
2581,24,1,234.0
2581,24,2,189.0
2581,25,1,219.5
2581,25,2,199.0
2581,26,1,247.5
2581,26,2,178.5
2581,27,1,240.0
2581,27,2,167.0
2581,28,1,205.5
2581,28,2,211.0
2581,29,1,248.0
2581,29,2,202.0
2581,30,1,238.0
2581,30,2,226.0
2581,31,1,261.5
2581,31,2,253.5
2581,32,1,271.5
2581,32,2,267.5
2581,33,1,293.0
2581,33,2,299.5
2581,34,1,274.5
2581,34,2,295.5
2581,35,1,317.5
2581,35,2,275.0
2581,36,1,325.5
2581,36,2,269.5
2581,37,1,294.5
2581,37,2,277.5
2581,38,1,277.5
2581,38,2,264.5
2581,39,1,263.0
2581,39,2,249.5
2581,40,1,281.5
2581,40,2,218.0
2581,41,1,233.0
2581,41,2,245.5
2581,42,1,247.0
2581,42,2,250.0
2581,43,1,258.5
2581,43,2,241.5
2581,44,1,235.0
2581,44,2,238.5
2581,45,1,265.5
2581,45,2,244.5
2581,46,1,245.5
2581,46,2,224.0
2581,47,1,262.5
2581,47,2,215.5
2581,48,1,224.0
2581,48,2,232.0
2581,49,1,239.0
2581,49,2,244.5
2581,50,1,230.0
2581,50,2,267.5
2581,51,1,261.5
2581,51,2,315.5
2581,52,1,235.5
2581,52,2,277.5
2581,53,1,300.5
2581,53,2,265.5
2581,54,1,313.5
2581,54,2,261.5
2581,55,1,284.0
2581,55,2,271.5
2581,56,1,261.0
2581,56,2,266.0
2581,57,1,297.0
2581,57,2,283.0
2581,58,1,293.5
2581,58,2,280.0
2581,59,1,286.0
2581,59,2,275.0
2581,60,1,289.5
2581,60,2,263.0
2581,61,1,272.0
2581,61,2,286.5
2581,62,1,272.0
2581,62,2,274.0
2581,63,1,255.0
2581,63,2,237.5
2581,64,1,244.5
2581,64,2,243.0
2581,65,1,245.5
2581,65,2,232.0
2581,66,1,247.5
2581,66,2,265.5
2581,67,1,276.0
2581,67,2,258.5
2581,68,1,244.5
2581,68,2,272.0
2581,69,1,225.0
2581,69,2,279.0
2581,70,1,241.0
2581,70,2,278.0
2581,71,1,233.5
2581,71,2,246.5
2581,72,1,276.5
2581,72,2,253.5
2581,73,1,213.5
2581,73,2,264.0
2581,74,1,234.5
2581,74,2,252.5
2581,75,1,237.5
2581,75,2,245.0
2581,76,1,271.0
2581,76,2,242.5
2581,77,1,266.5
2581,77,2,285.0
2581,78,1,230.0
2581,78,2,283.0
2581,79,1,228.0
2581,79,2,243.5
2560,0,1,18.0
2560,0,2,16.5
2560,1,1,41.5
2560,1,2,31.0
2560,2,1,42.0
2560,2,2,28.0
2560,3,1,40.0
2560,3,2,37.5
2560,4,1,43.5
2560,4,2,39.5
2560,5,1,36.5
2560,5,2,36.5
2560,6,1,55.5
2560,6,2,41.0
2560,7,1,29.0
2560,7,2,48.5
2560,8,1,32.0
2560,8,2,39.0
2560,9,1,45.5
2560,9,2,40.5
2560,10,1,44.5
2560,10,2,40.0
2560,11,1,41.0
2560,11,2,31.0
2560,12,1,41.5
2560,12,2,31.5
2560,13,1,46.5
2560,13,2,49.0
2560,14,1,41.5
2560,14,2,51.5
2560,15,1,44.5
2560,15,2,33.5
2560,16,1,43.5
2560,16,2,39.5
2560,17,1,35.5
2560,17,2,48.5
2560,18,1,40.0
2560,18,2,29.5
2560,19,1,43.0
2560,19,2,34.0
2560,20,1,32.0
2560,20,2,38.0
2560,21,1,41.5
2560,21,2,36.0
2560,22,1,41.0
2560,22,2,30.5
2560,23,1,39.5
2560,23,2,24.5
2560,24,1,48.5
2560,24,2,25.0
2560,25,1,40.0
2560,25,2,32.5
2560,26,1,60.5
2560,26,2,37.5
2560,27,1,32.5
2560,27,2,22.0
2560,28,1,37.5
2560,28,2,40.5
2560,29,1,40.5
2560,29,2,38.0
2560,30,1,43.5
2560,30,2,45.0
2560,31,1,47.5
2560,31,2,39.0
2560,32,1,50.0
2560,32,2,39.5
2560,33,1,47.5
2560,33,2,53.5
2560,34,1,67.5
2560,34,2,67.0
2560,35,1,62.5
2560,35,2,47.5
2560,36,1,44.5
2560,36,2,56.0
2560,37,1,68.5
2560,37,2,35.5
2560,38,1,48.5
2560,38,2,53.5
2560,39,1,48.0
2560,39,2,29.0
2560,40,1,36.0
2560,40,2,46.5
2560,41,1,39.0
2560,41,2,45.0
2560,42,1,44.5
2560,42,2,41.0
2560,43,1,50.5
2560,43,2,28.0
2560,44,1,50.0
2560,44,2,37.5
2560,45,1,41.5
2560,45,2,42.0
2560,46,1,41.5
2560,46,2,35.0
2560,47,1,39.0
2560,47,2,38.5
2560,48,1,38.5
2560,48,2,39.5
2560,49,1,45.0
2560,49,2,42.5
2560,50,1,55.0
2560,50,2,40.0
2560,51,1,49.5
2560,51,2,56.5
2560,52,1,58.5
2560,52,2,50.0
2560,53,1,50.0
2560,53,2,47.0
2560,54,1,43.5
2560,54,2,41.5
2560,55,1,54.0
2560,55,2,43.0
2560,56,1,58.0
2560,56,2,42.5
2560,57,1,44.0
2560,57,2,58.5
2560,58,1,50.5
2560,58,2,74.0
2560,59,1,55.0
2560,59,2,40.5
2560,60,1,65.0
2560,60,2,50.5
2560,61,1,56.5
2560,61,2,55.0
2560,62,1,48.5
2560,62,2,30.5
2560,63,1,55.0
2560,63,2,46.0
2560,64,1,48.5
2560,64,2,42.0
2560,65,1,55.5
2560,65,2,51.0
2560,66,1,46.0
2560,66,2,56.0
2560,67,1,60.5
2560,67,2,50.0
2560,68,1,45.5
2560,68,2,56.0
2560,69,1,46.5
2560,69,2,42.5
2560,70,1,42.5
2560,70,2,43.0
2560,71,1,54.5
2560,71,2,42.5
2560,72,1,63.0
2560,72,2,49.5
2560,73,1,60.0
2560,73,2,46.5
2560,74,1,55.5
2560,74,2,58.0
2560,75,1,57.0
2560,75,2,43.5
2560,76,1,44.5
2560,76,2,39.0
2560,77,1,45.5
2560,77,2,44.0
2560,78,1,46.5
2560,78,2,51.5
2560,79,1,40.0
2560,79,2,47.0
2514,0,1,20.5
2514,0,2,26.5
2514,1,1,64.5
2514,1,2,56.0
2514,2,1,66.0
2514,2,2,51.0
2514,3,1,63.0
2514,3,2,65.5
2514,4,1,74.5
2514,4,2,70.5
2514,5,1,69.0
2514,5,2,74.5
2514,6,1,70.5
2514,6,2,71.0
2514,7,1,75.0
2514,7,2,62.0
2514,8,1,77.5
2514,8,2,72.0
2514,9,1,65.0
2514,9,2,58.5
2514,10,1,86.0
2514,10,2,79.5
2514,11,1,87.5
2514,11,2,62.0
2514,12,1,74.5
2514,12,2,74.0
2514,13,1,72.0
2514,13,2,71.5
2514,14,1,76.5
2514,14,2,74.0
2514,15,1,90.0
2514,15,2,83.0
2514,16,1,82.5
2514,16,2,68.5
2514,17,1,88.5
2514,17,2,78.0
2514,18,1,85.5
2514,18,2,73.5
2514,19,1,95.5
2514,19,2,69.5
2514,20,1,76.0
2514,20,2,71.5
2514,21,1,76.5
2514,21,2,68.0
2514,22,1,73.5
2514,22,2,61.0
2514,23,1,69.0
2514,23,2,38.0
2514,24,1,71.0
2514,24,2,60.0
2514,25,1,76.0
2514,25,2,61.0
2514,26,1,85.5
2514,26,2,57.0
2514,27,1,66.5
2514,27,2,57.5
2514,28,1,69.0
2514,28,2,56.0
2514,29,1,81.5
2514,29,2,51.0
2514,30,1,80.5
2514,30,2,77.0
2514,31,1,76.5
2514,31,2,81.0
2514,32,1,97.0
2514,32,2,71.0
2514,33,1,93.5
2514,33,2,86.0
2514,34,1,112.5
2514,34,2,70.0
2514,35,1,106.5
2514,35,2,78.0
2514,36,1,114.5
2514,36,2,93.0
2514,37,1,86.5
2514,37,2,93.0
2514,38,1,92.5
2514,38,2,79.0
2514,39,1,89.5
2514,39,2,79.5
2514,40,1,89.5
2514,40,2,61.0
2514,41,1,78.5
2514,41,2,66.0
2514,42,1,82.0
2514,42,2,56.0
2514,43,1,76.5
2514,43,2,76.0
2514,44,1,83.5
2514,44,2,66.0
2514,45,1,84.5
2514,45,2,62.0
2514,46,1,74.5
2514,46,2,84.0
2514,47,1,66.5
2514,47,2,60.5
2514,48,1,82.5
2514,48,2,75.0
2514,49,1,78.0
2514,49,2,87.5
2514,50,1,92.5
2514,50,2,86.5
2514,51,1,88.0
2514,51,2,89.0
2514,52,1,101.5
2514,52,2,100.5
2514,53,1,110.0
2514,53,2,109.0
2514,54,1,89.0
2514,54,2,88.5
2514,55,1,112.5
2514,55,2,110.0
2514,56,1,102.5
2514,56,2,104.5
2514,57,1,133.0
2514,57,2,112.0
2514,58,1,101.5
2514,58,2,108.0
2514,59,1,124.5
2514,59,2,115.0
2514,60,1,118.5
2514,60,2,116.0
2514,61,1,101.5
2514,61,2,108.0
2514,62,1,128.5
2514,62,2,95.0
2514,63,1,112.5
2514,63,2,111.5
2514,64,1,104.0
2514,64,2,102.5
2514,65,1,118.0
2514,65,2,116.0
2514,66,1,120.5
2514,66,2,107.0
2514,67,1,102.0
2514,67,2,81.5
2514,68,1,138.0
2514,68,2,109.0
2514,69,1,95.0
2514,69,2,126.5
2514,70,1,120.0
2514,70,2,103.5
2514,71,1,122.0
2514,71,2,112.5
2514,72,1,113.5
2514,72,2,97.0
2514,73,1,96.0
2514,73,2,91.0
2514,74,1,99.5
2514,74,2,102.0
2514,75,1,92.5
2514,75,2,117.5
2514,76,1,101.0
2514,76,2,128.0
2514,77,1,107.5
2514,77,2,115.5
2514,78,1,92.0
2514,78,2,94.0
2514,79,1,94.0
2514,79,2,105.5
2580,80,1,326.0
2580,80,2,386.0
2580,81,1,281.0
2580,81,2,341.5
2580,82,1,286.0
2580,82,2,317.0
2580,83,1,253.5
2580,83,2,271.5
2580,84,1,210.0
2580,84,2,283.0
2580,85,1,207.0
2580,85,2,221.0
2580,86,1,165.5
2580,86,2,241.5
2580,87,1,132.5
2580,87,2,178.5
2580,88,1,109.5
2580,88,2,178.5
2580,89,1,113.0
2580,89,2,153.0
2580,90,1,80.5
2580,90,2,124.5
2580,91,1,65.5
2580,91,2,107.0
2580,92,1,39.5
2580,92,2,78.5
2580,93,1,34.0
2580,93,2,74.5
2580,94,1,26.5
2580,94,2,47.5
2580,95,1,24.5
2580,95,2,37.0
2580,96,1,10.0
2580,96,2,32.5
2580,97,1,13.0
2580,97,2,18.0
2580,98,1,6.5
2580,98,2,8.5
2580,99,1,2.5
2580,99,2,7.0
2580,100+1,1,2.0
2580,100+1,2,15.5
2582,80,1,124.0
2582,80,2,149.5
2582,81,1,168.0
2582,81,2,149.0
2582,82,1,125.5
2582,82,2,129.0
2582,83,1,113.5
2582,83,2,110.0
2582,84,1,81.5
2582,84,2,84.0
2582,85,1,73.0
2582,85,2,100.0
2582,86,1,53.5
2582,86,2,88.0
2582,87,1,48.5
2582,87,2,74.0
2582,88,1,43.5
2582,88,2,78.5
2582,89,1,43.5
2582,89,2,52.0
2582,90,1,32.5
2582,90,2,66.0
2582,91,1,15.5
2582,91,2,38.5
2582,92,1,20.5
2582,92,2,31.5
2582,93,1,14.5
2582,93,2,36.5
2582,94,1,11.0
2582,94,2,19.0
2582,95,1,5.0
2582,95,2,23.0
2582,96,1,6.0
2582,96,2,19.0
2582,97,1,2.0
2582,97,2,17.5
2582,98,1,1.5
2582,98,2,4.0
2582,99,1,3.0
2582,99,2,2.5
2582,100+1,1,0.5
2582,100+1,2,7.0
2581,80,1,216.5
2581,80,2,249.0
2581,81,1,192.0
2581,81,2,232.5
2581,82,1,183.0
2581,82,2,191.5
2581,83,1,154.0
2581,83,2,167.5
2581,84,1,121.0
2581,84,2,139.5
2581,85,1,95.5
2581,85,2,107.5
2581,86,1,91.5
2581,86,2,117.5
2581,87,1,78.5
2581,87,2,107.0
2581,88,1,56.0
2581,88,2,79.5
2581,89,1,53.0
2581,89,2,85.5
2581,90,1,38.5
2581,90,2,76.0
2581,91,1,31.0
2581,91,2,66.5
2581,92,1,24.5
2581,92,2,47.5
2581,93,1,14.0
2581,93,2,36.5
2581,94,1,12.5
2581,94,2,30.0
2581,95,1,6.0
2581,95,2,23.0
2581,96,1,3.5
2581,96,2,21.5
2581,97,1,2.5
2581,97,2,14.0
2581,98,1,0.5
2581,98,2,10.5
2581,99,1,0.5
2581,99,2,6.0
2581,100+1,1,3.0
2581,100+1,2,6.5
2560,80,1,43.0
2560,80,2,61.0
2560,81,1,46.5
2560,81,2,38.0
2560,82,1,41.5
2560,82,2,39.5
2560,83,1,26.5
2560,83,2,36.0
2560,84,1,19.5
2560,84,2,19.5
2560,85,1,21.5
2560,85,2,28.5
2560,86,1,18.5
2560,86,2,34.0
2560,87,1,16.5
2560,87,2,23.5
2560,88,1,12.5
2560,88,2,23.0
2560,89,1,17.0
2560,89,2,21.0
2560,90,1,9.5
2560,90,2,20.5
2560,91,1,6.0
2560,91,2,17.0
2560,92,1,8.5
2560,92,2,10.5
2560,93,1,5.5
2560,93,2,8.5
2560,94,1,8.0
2560,94,2,5.5
2560,95,1,0.5
2560,95,2,12.5
2560,96,1,1.5
2560,96,2,9.5
2560,97,1,1.0
2560,97,2,2.0
2560,98,1,0.0
2560,98,2,1.0
2560,99,1,0.0
2560,99,2,0.0
2560,100+1,1,0.0
2560,100+1,2,0.0
2514,80,1,88.5
2514,80,2,101.0
2514,81,1,80.5
2514,81,2,93.5
2514,82,1,111.0
2514,82,2,76.0
2514,83,1,59.5
2514,83,2,64.0
2514,84,1,62.0
2514,84,2,68.5
2514,85,1,50.0
2514,85,2,73.0
2514,86,1,52.5
2514,86,2,51.5
2514,87,1,29.5
2514,87,2,58.5
2514,88,1,34.5
2514,88,2,50.5
2514,89,1,38.5
2514,89,2,44.0
2514,90,1,23.5
2514,90,2,32.0
2514,91,1,13.5
2514,91,2,33.0
2514,92,1,21.5
2514,92,2,25.0
2514,93,1,8.0
2514,93,2,22.5
2514,94,1,7.0
2514,94,2,13.5
2514,95,1,6.0
2514,95,2,6.0
2514,96,1,4.0
2514,96,2,9.0
2514,97,1,3.5
2514,97,2,11.5
2514,98,1,0.5
2514,98,2,3.5
2514,99,1,0.0
2514,99,2,2.5
2514,100+1,1,0.5
2514,100+1,2,6.5
