Region,Civilstand,Alder,Kon,000008FQ 2025
2580,SC,0,1,343.5
2580,SC,0,2,311.0
2580,SC,1,1,354.0
2580,SC,1,2,292.0
2580,SC,2,1,362.0
2580,SC,2,2,304.5
2580,SC,3,1,365.5
2580,SC,3,2,360.0
2580,SC,4,1,398.0
2580,SC,4,2,403.0
2580,SC,5,1,407.5
2580,SC,5,2,396.5
2580,SC,6,1,397.5
2580,SC,6,2,403.5
2580,SC,7,1,397.0
2580,SC,7,2,399.5
2580,SC,8,1,424.0
2580,SC,8,2,395.0
2580,SC,9,1,435.0
2580,SC,9,2,393.5
2580,SC,10,1,439.5
2580,SC,10,2,420.5
2580,SC,11,1,446.0
2580,SC,11,2,427.0
2580,SC,12,1,427.0
2580,SC,12,2,392.5
2580,SC,13,1,444.5
2580,SC,13,2,396.5
2580,SC,14,1,458.5
2580,SC,14,2,412.0
2580,SC,15,1,456.0
2580,SC,15,2,417.0
2580,SC,16,1,465.5
2580,SC,16,2,421.0
2580,SC,17,1,465.5
2580,SC,17,2,417.5
2580,SC,18,1,459.0
2580,SC,18,2,433.5
2580,SC,19,1,520.5
2580,SC,19,2,485.0
2580,SC,20,1,603.5
2580,SC,20,2,503.0
2580,SC,21,1,654.5
2580,SC,21,2,507.5
2580,SC,22,1,640.5
2580,SC,22,2,503.5
2580,SC,23,1,681.5
2580,SC,23,2,502.0
2580,SC,24,1,681.5
2580,SC,24,2,507.5
2580,SC,25,1,676.5
2580,SC,25,2,487.5
2580,SC,26,1,650.0
2580,SC,26,2,457.5
2580,SC,27,1,578.0
2580,SC,27,2,442.0
2580,SC,28,1,557.5
2580,SC,28,2,451.0
2580,SC,29,1,556.5
2580,SC,29,2,466.0
2580,SC,30,1,597.5
2580,SC,30,2,488.0
2580,SC,31,1,619.0
2580,SC,31,2,506.5
2580,SC,32,1,623.5
2580,SC,32,2,538.5
2580,SC,33,1,642.5
2580,SC,33,2,556.5
2580,SC,34,1,609.5
2580,SC,34,2,546.0
2580,SC,35,1,592.0
2580,SC,35,2,524.5
2580,SC,36,1,601.5
2580,SC,36,2,518.5
2580,SC,37,1,590.0
2580,SC,37,2,512.0
2580,SC,38,1,542.0
2580,SC,38,2,501.5
2580,SC,39,1,510.0
2580,SC,39,2,480.5
2580,SC,40,1,488.0
2580,SC,40,2,468.0
2580,SC,41,1,489.5
2580,SC,41,2,457.5
2580,SC,42,1,465.0
2580,SC,42,2,435.0
2580,SC,43,1,442.0
2580,SC,43,2,439.0
2580,SC,44,1,474.0
2580,SC,44,2,448.0
2580,SC,45,1,471.0
2580,SC,45,2,454.0
2580,SC,46,1,445.0
2580,SC,46,2,431.0
2580,SC,47,1,452.5
2580,SC,47,2,425.5
2580,SC,48,1,478.0
2580,SC,48,2,433.0
2580,SC,49,1,488.0
2580,SC,49,2,452.5
2580,SC,50,1,486.0
2580,SC,50,2,482.0
2580,SC,51,1,493.5
2580,SC,51,2,487.5
2580,SC,52,1,493.5
2580,SC,52,2,500.0
2580,SC,53,1,489.0
2580,SC,53,2,504.0
2580,SC,54,1,491.5
2580,SC,54,2,507.0
2580,SC,55,1,499.0
2580,SC,55,2,490.0
2580,SC,56,1,504.0
2580,SC,56,2,498.5
2580,SC,57,1,549.5
2580,SC,57,2,519.0
2580,SC,58,1,556.0
2580,SC,58,2,545.0
2580,SC,59,1,532.5
2580,SC,59,2,555.5
2580,SC,60,1,535.0
2580,SC,60,2,557.5
2580,SC,61,1,521.5
2580,SC,61,2,519.5
2580,SC,62,1,501.5
2580,SC,62,2,467.0
2580,SC,63,1,451.5
2580,SC,63,2,438.5
2580,SC,64,1,422.5
2580,SC,64,2,430.0
2580,SC,65,1,417.5
2580,SC,65,2,443.0
2580,SC,66,1,415.5
2580,SC,66,2,424.5
2580,SC,67,1,419.0
2580,SC,67,2,434.5
2580,SC,68,1,397.5
2580,SC,68,2,466.0
2580,SC,69,1,385.0
2580,SC,69,2,438.5
2580,SC,70,1,405.0
2580,SC,70,2,404.5
2580,SC,71,1,407.0
2580,SC,71,2,417.0
2580,SC,72,1,386.0
2580,SC,72,2,418.0
2580,SC,73,1,370.0
2580,SC,73,2,423.5
2580,SC,74,1,368.0
2580,SC,74,2,417.0
2580,SC,75,1,387.0
2580,SC,75,2,405.5
2580,SC,76,1,370.5
2580,SC,76,2,419.5
2580,SC,77,1,360.5
2580,SC,77,2,423.0
2580,SC,78,1,343.5
2580,SC,78,2,416.0
2580,SC,79,1,330.5
2580,SC,79,2,405.5
2582,SC,0,1,107.5
2582,SC,0,2,104.0
2582,SC,1,1,119.5
2582,SC,1,2,115.0
2582,SC,2,1,138.5
2582,SC,2,2,113.5
2582,SC,3,1,163.0
2582,SC,3,2,116.0
2582,SC,4,1,156.5
2582,SC,4,2,132.5
2582,SC,5,1,146.5
2582,SC,5,2,143.5
2582,SC,6,1,146.5
2582,SC,6,2,144.0
2582,SC,7,1,149.5
2582,SC,7,2,140.0
2582,SC,8,1,163.0
2582,SC,8,2,143.5
2582,SC,9,1,167.0
2582,SC,9,2,154.0
2582,SC,10,1,157.5
2582,SC,10,2,146.5
2582,SC,11,1,149.0
2582,SC,11,2,121.5
2582,SC,12,1,159.5
2582,SC,12,2,126.0
2582,SC,13,1,153.5
2582,SC,13,2,139.5
2582,SC,14,1,151.5
2582,SC,14,2,137.0
2582,SC,15,1,153.0
2582,SC,15,2,144.5
2582,SC,16,1,156.0
2582,SC,16,2,145.0
2582,SC,17,1,162.0
2582,SC,17,2,134.0
2582,SC,18,1,167.0
2582,SC,18,2,142.5
2582,SC,19,1,154.0
2582,SC,19,2,139.0
2582,SC,20,1,176.5
2582,SC,20,2,145.5
2582,SC,21,1,176.5
2582,SC,21,2,144.0
2582,SC,22,1,158.5
2582,SC,22,2,130.5
2582,SC,23,1,171.0
2582,SC,23,2,130.5
2582,SC,24,1,179.0
2582,SC,24,2,128.0
2582,SC,25,1,183.5
2582,SC,25,2,135.0
2582,SC,26,1,167.5
2582,SC,26,2,117.0
2582,SC,27,1,168.5
2582,SC,27,2,115.0
2582,SC,28,1,169.0
2582,SC,28,2,123.0
2582,SC,29,1,165.0
2582,SC,29,2,135.5
2582,SC,30,1,182.0
2582,SC,30,2,161.0
2582,SC,31,1,200.5
2582,SC,31,2,175.0
2582,SC,32,1,217.0
2582,SC,32,2,176.0
2582,SC,33,1,226.5
2582,SC,33,2,177.0
2582,SC,34,1,241.5
2582,SC,34,2,182.5
2582,SC,35,1,226.5
2582,SC,35,2,189.0
2582,SC,36,1,208.5
2582,SC,36,2,173.5
2582,SC,37,1,193.5
2582,SC,37,2,185.5
2582,SC,38,1,182.0
2582,SC,38,2,174.0
2582,SC,39,1,177.5
2582,SC,39,2,160.5
2582,SC,40,1,175.5
2582,SC,40,2,153.5
2582,SC,41,1,170.0
2582,SC,41,2,143.5
2582,SC,42,1,172.5
2582,SC,42,2,143.0
2582,SC,43,1,176.0
2582,SC,43,2,159.0
2582,SC,44,1,172.5
2582,SC,44,2,158.0
2582,SC,45,1,163.5
2582,SC,45,2,148.5
2582,SC,46,1,171.5
2582,SC,46,2,139.5
2582,SC,47,1,162.5
2582,SC,47,2,144.5
2582,SC,48,1,143.5
2582,SC,48,2,148.0
2582,SC,49,1,166.0
2582,SC,49,2,168.5
2582,SC,50,1,177.0
2582,SC,50,2,178.5
2582,SC,51,1,162.0
2582,SC,51,2,178.0
2582,SC,52,1,169.0
2582,SC,52,2,186.0
2582,SC,53,1,196.5
2582,SC,53,2,179.5
2582,SC,54,1,194.5
2582,SC,54,2,173.5
2582,SC,55,1,173.0
2582,SC,55,2,165.5
2582,SC,56,1,173.0
2582,SC,56,2,165.5
2582,SC,57,1,173.5
2582,SC,57,2,176.5
2582,SC,58,1,204.0
2582,SC,58,2,169.5
2582,SC,59,1,219.5
2582,SC,59,2,182.0
2582,SC,60,1,189.0
2582,SC,60,2,186.5
2582,SC,61,1,170.0
2582,SC,61,2,167.0
2582,SC,62,1,158.5
2582,SC,62,2,167.0
2582,SC,63,1,160.0
2582,SC,63,2,164.0
2582,SC,64,1,158.5
2582,SC,64,2,168.5
2582,SC,65,1,173.0
2582,SC,65,2,180.5
2582,SC,66,1,180.0
2582,SC,66,2,184.0
2582,SC,67,1,174.5
2582,SC,67,2,189.5
2582,SC,68,1,191.0
2582,SC,68,2,178.5
2582,SC,69,1,176.5
2582,SC,69,2,174.0
2582,SC,70,1,164.5
2582,SC,70,2,175.0
2582,SC,71,1,170.5
2582,SC,71,2,173.0
2582,SC,72,1,177.0
2582,SC,72,2,182.0
2582,SC,73,1,165.5
2582,SC,73,2,178.5
2582,SC,74,1,157.5
2582,SC,74,2,163.0
2582,SC,75,1,174.5
2582,SC,75,2,164.0
2582,SC,76,1,170.0
2582,SC,76,2,185.5
2582,SC,77,1,159.5
2582,SC,77,2,191.5
2582,SC,78,1,166.0
2582,SC,78,2,189.5
2582,SC,79,1,153.5
2582,SC,79,2,167.0
2581,SC,0,1,179.0
2581,SC,0,2,164.5
2581,SC,1,1,191.5
2581,SC,1,2,177.5
2581,SC,2,1,207.0
2581,SC,2,2,192.0
2581,SC,3,1,235.0
2581,SC,3,2,202.0
2581,SC,4,1,231.0
2581,SC,4,2,219.0
2581,SC,5,1,232.5
2581,SC,5,2,224.0
2581,SC,6,1,220.0
2581,SC,6,2,212.0
2581,SC,7,1,206.0
2581,SC,7,2,227.5
2581,SC,8,1,243.0
2581,SC,8,2,230.5
2581,SC,9,1,251.0
2581,SC,9,2,224.5
2581,SC,10,1,247.0
2581,SC,10,2,236.5
2581,SC,11,1,248.0
2581,SC,11,2,253.5
2581,SC,12,1,236.0
2581,SC,12,2,244.5
2581,SC,13,1,241.0
2581,SC,13,2,229.5
2581,SC,14,1,239.0
2581,SC,14,2,231.0
2581,SC,15,1,231.0
2581,SC,15,2,237.5
2581,SC,16,1,243.0
2581,SC,16,2,232.5
2581,SC,17,1,260.5
2581,SC,17,2,220.5
2581,SC,18,1,251.5
2581,SC,18,2,225.0
2581,SC,19,1,251.0
2581,SC,19,2,206.5
2581,SC,20,1,235.0
2581,SC,20,2,198.5
2581,SC,21,1,230.0
2581,SC,21,2,201.0
2581,SC,22,1,231.0
2581,SC,22,2,189.5
2581,SC,23,1,227.5
2581,SC,23,2,182.0
2581,SC,24,1,225.5
2581,SC,24,2,195.5
2581,SC,25,1,232.5
2581,SC,25,2,185.0
2581,SC,26,1,245.0
2581,SC,26,2,174.5
2581,SC,27,1,224.5
2581,SC,27,2,192.0
2581,SC,28,1,224.5
2581,SC,28,2,204.0
2581,SC,29,1,245.0
2581,SC,29,2,214.5
2581,SC,30,1,249.0
2581,SC,30,2,239.5
2581,SC,31,1,267.0
2581,SC,31,2,260.0
2581,SC,32,1,280.0
2581,SC,32,2,284.5
2581,SC,33,1,284.5
2581,SC,33,2,297.0
2581,SC,34,1,297.5
2581,SC,34,2,285.0
2581,SC,35,1,321.0
2581,SC,35,2,272.5
2581,SC,36,1,306.5
2581,SC,36,2,274.0
2581,SC,37,1,288.5
2581,SC,37,2,271.0
2581,SC,38,1,269.0
2581,SC,38,2,257.0
2581,SC,39,1,273.0
2581,SC,39,2,233.5
2581,SC,40,1,259.0
2581,SC,40,2,231.0
2581,SC,41,1,241.0
2581,SC,41,2,248.5
2581,SC,42,1,252.5
2581,SC,42,2,247.0
2581,SC,43,1,246.0
2581,SC,43,2,239.5
2581,SC,44,1,251.0
2581,SC,44,2,242.5
2581,SC,45,1,254.0
2581,SC,45,2,234.5
2581,SC,46,1,255.5
2581,SC,46,2,219.5
2581,SC,47,1,242.5
2581,SC,47,2,223.5
2581,SC,48,1,231.0
2581,SC,48,2,239.0
2581,SC,49,1,235.0
2581,SC,49,2,252.0
2581,SC,50,1,245.5
2581,SC,50,2,295.0
2581,SC,51,1,249.0
2581,SC,51,2,295.0
2581,SC,52,1,266.0
2581,SC,52,2,270.5
2581,SC,53,1,308.5
2581,SC,53,2,266.5
2581,SC,54,1,297.5
2581,SC,54,2,264.0
2581,SC,55,1,276.0
2581,SC,55,2,269.0
2581,SC,56,1,275.5
2581,SC,56,2,274.5
2581,SC,57,1,297.0
2581,SC,57,2,282.5
2581,SC,58,1,289.5
2581,SC,58,2,277.5
2581,SC,59,1,288.0
2581,SC,59,2,269.0
2581,SC,60,1,281.5
2581,SC,60,2,276.0
2581,SC,61,1,271.0
2581,SC,61,2,278.0
2581,SC,62,1,263.5
2581,SC,62,2,257.0
2581,SC,63,1,251.0
2581,SC,63,2,241.5
2581,SC,64,1,245.0
2581,SC,64,2,236.0
2581,SC,65,1,244.5
2581,SC,65,2,249.0
2581,SC,66,1,262.0
2581,SC,66,2,261.0
2581,SC,67,1,262.5
2581,SC,67,2,265.0
2581,SC,68,1,232.5
2581,SC,68,2,276.0
2581,SC,69,1,233.5
2581,SC,69,2,279.0
2581,SC,70,1,238.0
2581,SC,70,2,263.0
2581,SC,71,1,255.0
2581,SC,71,2,248.0
2581,SC,72,1,244.5
2581,SC,72,2,260.0
2581,SC,73,1,224.5
2581,SC,73,2,259.5
2581,SC,74,1,237.0
2581,SC,74,2,248.5
2581,SC,75,1,253.0
2581,SC,75,2,244.0
2581,SC,76,1,270.0
2581,SC,76,2,264.0
2581,SC,77,1,248.5
2581,SC,77,2,285.5
2581,SC,78,1,229.0
2581,SC,78,2,261.0
2581,SC,79,1,222.0
2581,SC,79,2,249.0
2560,SC,0,1,38.5
2560,SC,0,2,31.0
2560,SC,1,1,42.0
2560,SC,1,2,30.5
2560,SC,2,1,40.0
2560,SC,2,2,32.5
2560,SC,3,1,41.0
2560,SC,3,2,39.0
2560,SC,4,1,42.0
2560,SC,4,2,38.5
2560,SC,5,1,44.5
2560,SC,5,2,38.0
2560,SC,6,1,43.5
2560,SC,6,2,45.0
2560,SC,7,1,31.0
2560,SC,7,2,43.0
2560,SC,8,1,40.0
2560,SC,8,2,40.5
2560,SC,9,1,42.5
2560,SC,9,2,40.0
2560,SC,10,1,44.5
2560,SC,10,2,35.0
2560,SC,11,1,40.0
2560,SC,11,2,32.0
2560,SC,12,1,45.0
2560,SC,12,2,40.0
2560,SC,13,1,43.0
2560,SC,13,2,50.0
2560,SC,14,1,43.5
2560,SC,14,2,43.0
2560,SC,15,1,43.0
2560,SC,15,2,36.0
2560,SC,16,1,40.0
2560,SC,16,2,44.5
2560,SC,17,1,38.0
2560,SC,17,2,38.5
2560,SC,18,1,42.0
2560,SC,18,2,31.5
2560,SC,19,1,37.0
2560,SC,19,2,35.5
2560,SC,20,1,36.0
2560,SC,20,2,39.0
2560,SC,21,1,42.0
2560,SC,21,2,32.5
2560,SC,22,1,40.0
2560,SC,22,2,28.0
2560,SC,23,1,43.5
2560,SC,23,2,24.0
2560,SC,24,1,45.0
2560,SC,24,2,30.0
2560,SC,25,1,52.0
2560,SC,25,2,33.0
2560,SC,26,1,44.0
2560,SC,26,2,30.5
2560,SC,27,1,34.5
2560,SC,27,2,30.5
2560,SC,28,1,40.5
2560,SC,28,2,40.0
2560,SC,29,1,41.5
2560,SC,29,2,40.5
2560,SC,30,1,45.5
2560,SC,30,2,43.0
2560,SC,31,1,49.0
2560,SC,31,2,39.5
2560,SC,32,1,48.0
2560,SC,32,2,46.5
2560,SC,33,1,57.0
2560,SC,33,2,60.0
2560,SC,34,1,65.5
2560,SC,34,2,57.5
2560,SC,35,1,55.0
2560,SC,35,2,51.0
2560,SC,36,1,54.0
2560,SC,36,2,46.0
2560,SC,37,1,60.0
2560,SC,37,2,44.5
2560,SC,38,1,49.0
2560,SC,38,2,42.5
2560,SC,39,1,42.0
2560,SC,39,2,36.5
2560,SC,40,1,36.0
2560,SC,40,2,46.0
2560,SC,41,1,41.5
2560,SC,41,2,42.5
2560,SC,42,1,48.5
2560,SC,42,2,34.5
2560,SC,43,1,50.0
2560,SC,43,2,33.0
2560,SC,44,1,46.0
2560,SC,44,2,40.0
2560,SC,45,1,42.5
2560,SC,45,2,37.0
2560,SC,46,1,38.0
2560,SC,46,2,37.5
2560,SC,47,1,40.0
2560,SC,47,2,40.0
2560,SC,48,1,41.5
2560,SC,48,2,40.0
2560,SC,49,1,49.5
2560,SC,49,2,41.5
2560,SC,50,1,53.0
2560,SC,50,2,48.5
2560,SC,51,1,53.0
2560,SC,51,2,53.5
2560,SC,52,1,55.0
2560,SC,52,2,48.0
2560,SC,53,1,48.0
2560,SC,53,2,44.5
2560,SC,54,1,47.5
2560,SC,54,2,43.0
2560,SC,55,1,56.0
2560,SC,55,2,42.0
2560,SC,56,1,52.0
2560,SC,56,2,50.5
2560,SC,57,1,46.0
2560,SC,57,2,66.5
2560,SC,58,1,54.0
2560,SC,58,2,57.0
2560,SC,59,1,59.0
2560,SC,59,2,45.5
2560,SC,60,1,61.5
2560,SC,60,2,52.5
2560,SC,61,1,53.0
2560,SC,61,2,43.0
2560,SC,62,1,50.5
2560,SC,62,2,38.5
2560,SC,63,1,51.5
2560,SC,63,2,43.5
2560,SC,64,1,52.5
2560,SC,64,2,47.0
2560,SC,65,1,50.5
2560,SC,65,2,53.5
2560,SC,66,1,54.0
2560,SC,66,2,53.0
2560,SC,67,1,53.0
2560,SC,67,2,53.5
2560,SC,68,1,46.5
2560,SC,68,2,49.5
2560,SC,69,1,44.5
2560,SC,69,2,41.5
2560,SC,70,1,48.5
2560,SC,70,2,43.0
2560,SC,71,1,58.0
2560,SC,71,2,45.5
2560,SC,72,1,61.5
2560,SC,72,2,49.0
2560,SC,73,1,57.5
2560,SC,73,2,51.0
2560,SC,74,1,56.5
2560,SC,74,2,51.5
2560,SC,75,1,51.0
2560,SC,75,2,41.5
2560,SC,76,1,46.0
2560,SC,76,2,41.5
2560,SC,77,1,44.5
2560,SC,77,2,48.5
2560,SC,78,1,44.0
2560,SC,78,2,49.5
2560,SC,79,1,41.5
2560,SC,79,2,54.0
2514,SC,0,1,51.0
2514,SC,0,2,55.0
2514,SC,1,1,67.5
2514,SC,1,2,53.0
2514,SC,2,1,64.5
2514,SC,2,2,58.5
2514,SC,3,1,67.0
2514,SC,3,2,68.0
2514,SC,4,1,73.5
2514,SC,4,2,73.0
2514,SC,5,1,69.0
2514,SC,5,2,72.0
2514,SC,6,1,73.0
2514,SC,6,2,65.5
2514,SC,7,1,77.0
2514,SC,7,2,68.5
2514,SC,8,1,70.0
2514,SC,8,2,65.0
2514,SC,9,1,76.0
2514,SC,9,2,69.5
2514,SC,10,1,87.0
2514,SC,10,2,69.0
2514,SC,11,1,80.0
2514,SC,11,2,69.5
2514,SC,12,1,73.5
2514,SC,12,2,71.5
2514,SC,13,1,74.5
2514,SC,13,2,72.5
2514,SC,14,1,83.5
2514,SC,14,2,79.0
2514,SC,15,1,86.0
2514,SC,15,2,76.5
2514,SC,16,1,85.5
2514,SC,16,2,73.5
2514,SC,17,1,86.5
2514,SC,17,2,74.5
2514,SC,18,1,91.5
2514,SC,18,2,75.5
2514,SC,19,1,85.5
2514,SC,19,2,67.0
2514,SC,20,1,79.0
2514,SC,20,2,70.5
2514,SC,21,1,73.5
2514,SC,21,2,65.5
2514,SC,22,1,70.5
2514,SC,22,2,48.0
2514,SC,23,1,69.0
2514,SC,23,2,49.0
2514,SC,24,1,71.5
2514,SC,24,2,59.5
2514,SC,25,1,84.5
2514,SC,25,2,60.0
2514,SC,26,1,75.0
2514,SC,26,2,56.5
2514,SC,27,1,67.0
2514,SC,27,2,58.0
2514,SC,28,1,75.5
2514,SC,28,2,53.0
2514,SC,29,1,82.5
2514,SC,29,2,64.0
2514,SC,30,1,78.0
2514,SC,30,2,79.5
2514,SC,31,1,86.0
2514,SC,31,2,75.0
2514,SC,32,1,95.5
2514,SC,32,2,78.5
2514,SC,33,1,101.0
2514,SC,33,2,77.5
2514,SC,34,1,111.0
2514,SC,34,2,75.5
2514,SC,35,1,110.0
2514,SC,35,2,85.0
2514,SC,36,1,101.5
2514,SC,36,2,93.0
2514,SC,37,1,88.5
2514,SC,37,2,86.5
2514,SC,38,1,91.5
2514,SC,38,2,79.5
2514,SC,39,1,89.0
2514,SC,39,2,70.0
2514,SC,40,1,85.5
2514,SC,40,2,62.0
2514,SC,41,1,80.0
2514,SC,41,2,62.0
2514,SC,42,1,78.0
2514,SC,42,2,64.5
2514,SC,43,1,79.5
2514,SC,43,2,72.5
2514,SC,44,1,86.5
2514,SC,44,2,63.0
2514,SC,45,1,78.0
2514,SC,45,2,74.0
2514,SC,46,1,70.0
2514,SC,46,2,72.5
2514,SC,47,1,75.5
2514,SC,47,2,67.0
2514,SC,48,1,80.0
2514,SC,48,2,82.5
2514,SC,49,1,85.0
2514,SC,49,2,87.5
2514,SC,50,1,90.5
2514,SC,50,2,87.0
2514,SC,51,1,94.0
2514,SC,51,2,93.5
2514,SC,52,1,106.0
2514,SC,52,2,105.5
2514,SC,53,1,100.0
2514,SC,53,2,97.5
2514,SC,54,1,101.5
2514,SC,54,2,99.5
2514,SC,55,1,107.0
2514,SC,55,2,109.5
2514,SC,56,1,117.5
2514,SC,56,2,106.5
2514,SC,57,1,116.5
2514,SC,57,2,110.5
2514,SC,58,1,114.0
2514,SC,58,2,111.5
2514,SC,59,1,122.5
2514,SC,59,2,116.0
2514,SC,60,1,109.5
2514,SC,60,2,111.5
2514,SC,61,1,114.0
2514,SC,61,2,101.5
2514,SC,62,1,121.5
2514,SC,62,2,102.5
2514,SC,63,1,106.0
2514,SC,63,2,108.0
2514,SC,64,1,112.5
2514,SC,64,2,108.5
2514,SC,65,1,119.0
2514,SC,65,2,113.5
2514,SC,66,1,113.0
2514,SC,66,2,93.5
2514,SC,67,1,118.0
2514,SC,67,2,96.5
2514,SC,68,1,117.5
2514,SC,68,2,116.0
2514,SC,69,1,107.5
2514,SC,69,2,115.5
2514,SC,70,1,121.5
2514,SC,70,2,108.0
2514,SC,71,1,117.5
2514,SC,71,2,104.5
2514,SC,72,1,106.5
2514,SC,72,2,96.0
2514,SC,73,1,96.5
2514,SC,73,2,94.5
2514,SC,74,1,95.0
2514,SC,74,2,109.5
2514,SC,75,1,97.5
2514,SC,75,2,122.5
2514,SC,76,1,102.5
2514,SC,76,2,121.5
2514,SC,77,1,101.0
2514,SC,77,2,107.5
2514,SC,78,1,95.0
2514,SC,78,2,98.0
2514,SC,79,1,89.0
2514,SC,79,2,104.0
2580,SC,80,1,300.0
2580,SC,80,2,361.5
2580,SC,81,1,286.0
2580,SC,81,2,331.5
2580,SC,82,1,268.0
2580,SC,82,2,293.0
2580,SC,83,1,234.5
2580,SC,83,2,278.5
2580,SC,84,1,207.5
2580,SC,84,2,251.0
2580,SC,85,1,184.5
2580,SC,85,2,233.0
2580,SC,86,1,149.5
2580,SC,86,2,208.5
2580,SC,87,1,120.5
2580,SC,87,2,181.0
2580,SC,88,1,114.0
2580,SC,88,2,165.5
2580,SC,89,1,96.0
2580,SC,89,2,138.5
2580,SC,90,1,71.5
2580,SC,90,2,114.5
2580,SC,91,1,53.5
2580,SC,91,2,94.0
2580,SC,92,1,33.5
2580,SC,92,2,76.5
2580,SC,93,1,31.5
2580,SC,93,2,59.5
2580,SC,94,1,25.5
2580,SC,94,2,44.5
2580,SC,95,1,16.5
2580,SC,95,2,32.5
2580,SC,96,1,11.0
2580,SC,96,2,24.0
2580,SC,97,1,9.5
2580,SC,97,2,12.0
2580,SC,98,1,4.0
2580,SC,98,2,7.5
2580,SC,99,1,2.5
2580,SC,99,2,6.5
2580,SC,100+1,1,1.0
2580,SC,100+1,2,12.0
2582,SC,80,1,146.5
2582,SC,80,2,150.0
2582,SC,81,1,144.5
2582,SC,81,2,139.5
2582,SC,82,1,122.0
2582,SC,82,2,120.5
2582,SC,83,1,96.0
2582,SC,83,2,96.0
2582,SC,84,1,77.0
2582,SC,84,2,92.0
2582,SC,85,1,63.5
2582,SC,85,2,94.0
2582,SC,86,1,51.5
2582,SC,86,2,80.5
2582,SC,87,1,46.0
2582,SC,87,2,79.5
2582,SC,88,1,43.0
2582,SC,88,2,62.5
2582,SC,89,1,40.0
2582,SC,89,2,58.5
2582,SC,90,1,23.0
2582,SC,90,2,52.5
2582,SC,91,1,16.5
2582,SC,91,2,35.0
2582,SC,92,1,17.0
2582,SC,92,2,34.0
2582,SC,93,1,13.0
2582,SC,93,2,28.0
2582,SC,94,1,8.5
2582,SC,94,2,21.5
2582,SC,95,1,5.0
2582,SC,95,2,21.0
2582,SC,96,1,4.5
2582,SC,96,2,16.5
2582,SC,97,1,1.5
2582,SC,97,2,10.5
2582,SC,98,1,1.0
2582,SC,98,2,3.0
2582,SC,99,1,2.0
2582,SC,99,2,3.0
2582,SC,100+1,1,0.5
2582,SC,100+1,2,5.5
2581,SC,80,1,204.5
2581,SC,80,2,241.5
2581,SC,81,1,188.0
2581,SC,81,2,208.5
2581,SC,82,1,170.0
2581,SC,82,2,181.5
2581,SC,83,1,137.0
2581,SC,83,2,153.0
2581,SC,84,1,107.0
2581,SC,84,2,123.5
2581,SC,85,1,92.0
2581,SC,85,2,114.0
2581,SC,86,1,87.0
2581,SC,86,2,112.5
2581,SC,87,1,65.0
2581,SC,87,2,92.0
2581,SC,88,1,53.5
2581,SC,88,2,81.0
2581,SC,89,1,46.5
2581,SC,89,2,80.5
2581,SC,90,1,36.5
2581,SC,90,2,74.5
2581,SC,91,1,28.0
2581,SC,91,2,56.0
2581,SC,92,1,18.0
2581,SC,92,2,40.5
2581,SC,93,1,12.5
2581,SC,93,2,32.5
2581,SC,94,1,10.0
2581,SC,94,2,27.0
2581,SC,95,1,3.5
2581,SC,95,2,22.0
2581,SC,96,1,4.0
2581,SC,96,2,17.0
2581,SC,97,1,0.5
2581,SC,97,2,12.0
2581,SC,98,1,0.5
2581,SC,98,2,7.0
2581,SC,99,1,1.0
2581,SC,99,2,5.5
2581,SC,100+1,1,2.0
2581,SC,100+1,2,4.5
2560,SC,80,1,45.0
2560,SC,80,2,48.5
2560,SC,81,1,43.0
2560,SC,81,2,39.5
2560,SC,82,1,34.5
2560,SC,82,2,37.0
2560,SC,83,1,22.0
2560,SC,83,2,28.5
2560,SC,84,1,21.5
2560,SC,84,2,24.5
2560,SC,85,1,20.5
2560,SC,85,2,31.0
2560,SC,86,1,17.5
2560,SC,86,2,28.5
2560,SC,87,1,13.5
2560,SC,87,2,24.0
2560,SC,88,1,16.0
2560,SC,88,2,22.0
2560,SC,89,1,12.5
2560,SC,89,2,19.5
2560,SC,90,1,8.5
2560,SC,90,2,19.0
2560,SC,91,1,7.0
2560,SC,91,2,13.0
2560,SC,92,1,6.0
2560,SC,92,2,11.0
2560,SC,93,1,8.0
2560,SC,93,2,6.0
2560,SC,94,1,3.5
2560,SC,94,2,9.0
2560,SC,95,1,1.5
2560,SC,95,2,11.5
2560,SC,96,1,1.0
2560,SC,96,2,4.5
2560,SC,97,1,0.0
2560,SC,97,2,2.5
2560,SC,98,1,0.0
2560,SC,98,2,0.0
2560,SC,99,1,0.0
2560,SC,99,2,0.0
2560,SC,100+1,1,0.0
2560,SC,100+1,2,0.0
2514,SC,80,1,86.0
2514,SC,80,2,96.0
2514,SC,81,1,96.5
2514,SC,81,2,86.0
2514,SC,82,1,84.0
2514,SC,82,2,69.0
2514,SC,83,1,59.5
2514,SC,83,2,66.5
2514,SC,84,1,57.5
2514,SC,84,2,73.0
2514,SC,85,1,51.0
2514,SC,85,2,59.5
2514,SC,86,1,40.5
2514,SC,86,2,55.0
2514,SC,87,1,32.0
2514,SC,87,2,56.0
2514,SC,88,1,36.5
2514,SC,88,2,46.0
2514,SC,89,1,31.5
2514,SC,89,2,39.5
2514,SC,90,1,17.5
2514,SC,90,2,32.0
2514,SC,91,1,19.0
2514,SC,91,2,28.0
2514,SC,92,1,13.5
2514,SC,92,2,24.0
2514,SC,93,1,7.0
2514,SC,93,2,18.0
2514,SC,94,1,6.5
2514,SC,94,2,10.0
2514,SC,95,1,5.0
2514,SC,95,2,6.5
2514,SC,96,1,4.0
2514,SC,96,2,10.5
2514,SC,97,1,2.0
2514,SC,97,2,7.5
2514,SC,98,1,0.0
2514,SC,98,2,2.5
2514,SC,99,1,0.0
2514,SC,99,2,2.5
2514,SC,100+1,1,0.5
2514,SC,100+1,2,5.5
