"Region","Alder","Kon","0000086B 2025","0000086F 2025","00000869 2025","00000867 2025","00000868 2025","0000086A 2025","0000086D 2025","0000086E 2025","0000086C 2025"
"2580","0","1",11,7,3,0,4,3,7,6,1
"2580","0","2",12,9,3,0,3,3,4,9,-5
"2580","1","1",18,17,5,3,1,2,12,16,-4
"2580","1","2",17,18,4,3,-1,1,16,14,2
"2580","2","1",17,20,3,0,-3,3,14,20,-6
"2580","2","2",22,15,5,0,7,5,17,15,2
"2580","3","1",12,14,3,4,-2,-1,13,13,0
"2580","3","2",17,8,8,0,9,8,8,8,0
"2580","4","1",16,11,3,0,5,3,14,13,1
"2580","4","2",19,8,4,0,11,4,16,10,6
"2580","5","1",19,8,3,3,11,0,18,7,11
"2580","5","2",5,6,3,3,-1,0,5,7,-2
"2580","6","1",23,7,6,0,16,6,19,5,14
"2580","6","2",12,13,3,0,-1,3,7,10,-3
"2580","7","1",19,11,4,0,8,4,16,11,5
"2580","7","2",12,8,0,3,4,-3,12,6,6
"2580","8","1",14,8,3,0,6,3,12,7,5
"2580","8","2",5,8,3,3,-3,0,7,4,3
"2580","9","1",11,8,0,0,3,0,9,8,1
"2580","9","2",8,8,3,0,0,3,8,8,0
"2580","10","1",13,7,0,0,6,0,8,6,2
"2580","10","2",8,0,0,0,8,0,12,0,12
"2580","11","1",12,4,3,0,8,3,4,4,0
"2580","11","2",9,5,3,3,4,0,6,3,3
"2580","12","1",7,9,0,3,-2,-3,3,6,-3
"2580","12","2",11,7,4,3,4,1,10,4,6
"2580","13","1",11,9,3,3,2,0,5,5,0
"2580","13","2",10,4,3,0,6,3,7,4,3
"2580","14","1",12,10,6,0,2,6,4,5,-1
"2580","14","2",14,11,3,0,3,3,12,11,1
"2580","15","1",10,10,3,0,0,3,8,10,-2
"2580","15","2",9,5,3,0,4,3,4,5,-1
"2580","16","1",21,8,8,0,13,8,15,7,8
"2580","16","2",13,12,0,0,1,0,10,12,-2
"2580","17","1",10,7,6,4,3,2,4,5,-1
"2580","17","2",12,4,3,3,8,0,8,0,8
"2580","18","1",14,3,4,0,11,4,10,3,7
"2580","18","2",12,17,0,0,-5,0,13,17,-4
"2580","19","1",118,35,7,0,83,7,111,35,76
"2580","19","2",97,67,4,3,30,1,93,67,26
"2580","20","1",163,75,4,3,88,1,162,68,94
"2580","20","2",120,89,3,3,31,0,110,83,27
"2580","21","1",143,89,3,0,54,3,139,89,50
"2580","21","2",120,110,3,3,10,0,115,105,10
"2580","22","1",91,108,0,4,-17,-4,89,102,-13
"2580","22","2",112,87,7,3,25,4,102,87,15
"2580","23","1",93,77,3,3,16,0,87,76,11
"2580","23","2",89,77,16,3,12,13,75,75,0
"2580","24","1",92,119,9,3,-27,6,81,114,-33
"2580","24","2",97,101,8,0,-4,8,87,99,-12
"2580","25","1",89,138,5,6,-49,-1,80,133,-53
"2580","25","2",93,89,10,6,4,4,82,80,2
"2580","26","1",106,121,18,8,-15,10,90,114,-24
"2580","26","2",85,76,10,6,9,4,76,71,5
"2580","27","1",95,83,14,10,12,4,82,79,3
"2580","27","2",81,62,14,4,19,10,65,57,8
"2580","28","1",63,63,11,7,0,4,49,58,-9
"2580","28","2",76,51,14,3,25,11,63,49,14
"2580","29","1",55,63,8,10,-8,-2,49,55,-6
"2580","29","2",60,39,14,0,21,14,44,37,7
"2580","30","1",51,58,13,7,-7,6,38,52,-14
"2580","30","2",43,33,11,0,10,11,37,32,5
"2580","31","1",68,65,13,10,3,3,57,59,-2
"2580","31","2",48,39,12,8,9,4,36,33,3
"2580","32","1",61,42,13,5,19,8,52,36,16
"2580","32","2",47,33,12,4,14,8,33,32,1
"2580","33","1",55,41,15,8,14,7,40,38,2
"2580","33","2",38,33,11,3,5,8,32,34,-2
"2580","34","1",48,48,12,0,0,12,36,42,-6
"2580","34","2",37,38,14,9,-1,5,25,30,-5
"2580","35","1",42,36,13,8,6,5,31,28,3
"2580","35","2",24,26,3,3,-2,0,21,21,0
"2580","36","1",28,25,13,8,3,5,18,20,-2
"2580","36","2",31,29,9,3,2,6,19,25,-6
"2580","37","1",41,31,11,3,10,8,31,27,4
"2580","37","2",25,23,8,4,2,4,18,17,1
"2580","38","1",39,24,11,3,15,8,30,21,9
"2580","38","2",29,13,4,3,16,1,25,13,12
"2580","39","1",39,27,11,4,12,7,26,22,4
"2580","39","2",20,11,6,0,9,6,15,8,7
"2580","40","1",27,22,8,5,5,3,17,21,-4
"2580","40","2",12,11,3,3,1,0,13,8,5
"2580","41","1",25,17,10,3,8,7,13,13,0
"2580","41","2",14,15,5,0,-1,5,9,15,-6
"2580","42","1",25,16,8,7,9,1,19,12,7
"2580","42","2",12,11,0,3,1,-3,11,13,-2
"2580","43","1",23,16,9,4,7,5,16,10,6
"2580","43","2",24,16,5,0,8,5,17,16,1
"2580","44","1",22,13,5,0,9,5,15,12,3
"2580","44","2",12,7,0,0,5,0,10,7,3
"2580","45","1",24,11,10,4,13,6,14,6,8
"2580","45","2",16,10,3,0,6,3,13,10,3
"2580","46","1",15,8,3,0,7,3,11,7,4
"2580","46","2",5,7,0,3,-2,-3,5,3,2
"2580","47","1",12,16,5,3,-4,2,10,13,-3
"2580","47","2",9,6,0,0,3,0,9,6,3
"2580","48","1",14,11,0,3,3,-3,14,8,6
"2580","48","2",10,6,0,3,4,-3,10,3,7
"2580","49","1",13,10,5,4,3,1,12,9,3
"2580","49","2",13,10,3,0,3,3,10,7,3
"2580","50","1",14,11,5,3,3,2,12,10,2
"2580","50","2",21,6,3,0,15,3,15,6,9
"2580","51","1",13,10,6,3,3,3,8,7,1
"2580","51","2",17,16,6,0,1,6,12,15,-3
"2580","52","1",11,6,7,0,5,7,8,4,4
"2580","52","2",17,10,5,0,7,5,10,10,0
"2580","53","1",20,12,7,0,8,7,10,8,2
"2580","53","2",7,5,0,0,2,0,7,7,0
"2580","54","1",18,16,9,0,2,9,7,11,-4
"2580","54","2",8,16,0,3,-8,-3,9,11,-2
"2580","55","1",15,9,6,0,6,6,10,9,1
"2580","55","2",8,18,3,0,-10,3,3,18,-15
"2580","56","1",11,3,6,0,8,6,6,4,2
"2580","56","2",12,10,0,0,2,0,10,10,0
"2580","57","1",10,6,3,3,4,0,5,4,1
"2580","57","2",12,10,3,0,2,3,8,10,-2
"2580","58","1",13,15,0,3,-2,-3,13,14,-1
"2580","58","2",10,7,0,3,3,-3,10,6,4
"2580","59","1",14,9,7,3,5,4,6,8,-2
"2580","59","2",7,15,0,0,-8,0,7,15,-8
"2580","60","1",12,9,3,3,3,0,8,6,2
"2580","60","2",11,7,0,0,4,0,11,7,4
"2580","61","1",8,11,3,0,-3,3,6,6,0
"2580","61","2",8,9,0,0,-1,0,8,9,-1
"2580","62","1",13,15,5,0,-2,5,11,14,-3
"2580","62","2",4,14,0,0,-10,0,4,14,-10
"2580","63","1",4,9,0,0,-5,0,4,9,-5
"2580","63","2",9,7,0,0,2,0,8,7,1
"2580","64","1",12,12,3,3,0,0,8,10,-2
"2580","64","2",8,9,0,0,-1,0,8,9,-1
"2580","65","1",11,12,3,0,-1,3,5,14,-9
"2580","65","2",10,11,0,0,-1,0,10,11,-1
"2580","66","1",6,8,3,0,-2,3,0,8,-8
"2580","66","2",10,7,0,0,3,0,10,7,3
"2580","67","1",14,5,3,0,9,3,12,6,6
"2580","67","2",4,4,0,0,0,0,4,4,0
"2580","68","1",10,4,0,0,6,0,8,4,4
"2580","68","2",8,5,3,0,3,3,6,4,2
"2580","69","1",4,5,0,0,-1,0,4,5,-1
"2580","69","2",7,8,3,0,-1,3,4,8,-4
"2580","70","1",4,3,0,0,1,0,5,3,2
"2580","70","2",4,5,0,3,-1,-3,3,3,0
"2580","71","1",3,4,0,3,-1,-3,3,3,0
"2580","71","2",3,3,0,0,0,0,3,3,0
"2580","72","1",4,3,0,0,1,0,4,3,1
"2580","72","2",4,3,0,0,1,0,4,3,1
"2580","73","1",5,4,3,0,1,3,4,4,0
"2580","73","2",10,3,0,3,7,-3,10,3,7
"2580","74","1",3,3,0,0,0,0,3,3,0
"2580","74","2",0,3,0,0,-3,0,0,3,-3
"2580","75","1",5,3,0,0,2,0,4,3,1
"2580","75","2",4,0,0,0,4,0,3,0,3
"2580","76","1",3,4,0,0,-1,0,3,4,-1
"2580","76","2",3,3,0,0,0,0,3,3,0
"2580","77","1",3,3,0,0,0,0,3,3,0
"2580","77","2",0,3,0,0,-3,0,0,3,-3
"2580","78","1",4,5,0,0,-1,0,4,5,-1
"2580","78","2",0,5,0,0,-5,0,0,5,-5
"2580","79","1",4,4,0,0,0,0,3,4,-1
"2580","79","2",6,4,0,0,2,0,6,4,2
"2580","80","1",3,0,0,0,3,0,3,0,3
"2580","80","2",6,0,0,0,6,0,6,0,6
"2580","81","1",4,0,0,0,4,0,5,0,5
"2580","81","2",0,3,0,0,-3,0,0,3,-3
"2580","82","1",3,0,0,0,3,0,3,0,3
"2580","82","2",3,3,0,0,0,0,3,3,0
"2580","83","1",6,4,0,0,2,0,6,4,2
"2580","83","2",3,0,3,0,3,3,0,0,0
"2580","84","1",0,0,0,0,0,0,0,0,0
"2580","84","2",3,4,0,0,-1,0,3,4,-1
"2580","85","1",3,0,0,0,3,0,3,0,3
"2580","85","2",3,0,3,0,3,3,0,0,0
"2580","86","1",0,0,0,0,0,0,0,0,0
"2580","86","2",4,0,0,0,4,0,4,0,4
"2580","87","1",0,0,0,0,0,0,0,0,0
"2580","87","2",3,3,0,0,0,0,3,3,0
"2580","88","1",0,0,0,0,0,0,0,0,0
"2580","88","2",0,3,0,0,-3,0,0,3,-3
"2580","89","1",0,0,0,0,0,0,0,0,0
"2580","89","2",0,0,0,0,0,0,0,0,0
"2580","90","1",0,0,0,0,0,0,0,0,0
"2580","90","2",0,0,0,0,0,0,0,0,0
"2580","91","1",0,0,0,0,0,0,0,0,0
"2580","91","2",0,3,0,0,-3,0,0,3,-3
"2580","92","1",0,0,0,0,0,0,0,0,0
"2580","92","2",3,0,0,0,3,0,3,0,3
"2580","93","1",0,0,0,0,0,0,0,0,0
"2580","93","2",0,0,0,0,0,0,0,0,0
"2580","94","1",0,0,0,0,0,0,0,0,0
"2580","94","2",3,0,0,0,3,0,3,0,3
"2580","95","1",0,0,0,0,0,0,0,0,0
"2580","95","2",0,0,0,0,0,0,0,0,0
"2580","96","1",0,0,0,0,0,0,0,0,0
"2580","96","2",0,3,0,0,-3,0,0,3,-3
"2580","97","1",0,0,0,0,0,0,0,0,0
"2580","97","2",0,0,0,0,0,0,0,0,0
"2580","98","1",0,0,0,0,0,0,0,0,0
"2580","98","2",0,0,0,0,0,0,0,0,0
"2580","99","1",0,0,0,0,0,0,0,0,0
"2580","99","2",0,0,0,0,0,0,0,0,0
"2580","100+1","1",0,0,0,0,0,0,0,0,0
"2580","100+1","2",0,0,0,0,0,0,0,0,0
"2582","0","1",3,4,3,0,-1,3,5,4,1
"2582","0","2",6,5,0,0,1,0,6,5,1
"2582","1","1",10,0,3,0,10,3,10,0,10
"2582","1","2",14,3,7,0,11,7,7,3,4
"2582","2","1",14,3,9,0,11,9,8,3,5
"2582","2","2",9,3,4,0,6,4,6,3,3
"2582","3","1",12,7,7,0,5,7,3,4,-1
"2582","3","2",8,3,0,3,5,-3,4,3,1
"2582","4","1",7,3,0,0,4,0,7,3,4
"2582","4","2",8,6,6,3,2,3,4,3,1
"2582","5","1",8,5,7,0,3,7,4,5,-1
"2582","5","2",11,4,5,3,7,2,7,5,2
"2582","6","1",13,5,4,3,8,1,12,6,6
"2582","6","2",8,3,5,0,5,5,3,3,0
"2582","7","1",10,4,3,0,6,3,4,4,0
"2582","7","2",12,10,4,0,2,4,6,10,-4
"2582","8","1",12,7,6,0,5,6,3,4,-1
"2582","8","2",4,0,3,3,4,0,3,0,3
"2582","9","1",5,4,4,0,1,4,4,4,0
"2582","9","2",12,3,3,0,9,3,13,3,10
"2582","10","1",10,8,3,0,2,3,8,8,0
"2582","10","2",8,4,3,0,4,3,10,3,7
"2582","11","1",7,3,3,0,4,3,5,3,2
"2582","11","2",3,7,3,0,-4,3,5,3,2
"2582","12","1",7,4,0,0,3,0,4,4,0
"2582","12","2",6,0,6,0,6,6,3,0,3
"2582","13","1",8,3,4,0,5,4,4,4,0
"2582","13","2",7,3,3,0,4,3,3,3,0
"2582","14","1",4,6,3,0,-2,3,3,6,-3
"2582","14","2",5,4,3,0,1,3,6,4,2
"2582","15","1",3,3,0,0,0,0,0,4,-4
"2582","15","2",4,0,3,0,4,3,0,0,0
"2582","16","1",6,3,3,0,3,3,4,3,1
"2582","16","2",5,9,7,0,-4,7,3,9,-6
"2582","17","1",9,6,4,0,3,4,5,6,-1
"2582","17","2",0,3,0,0,-3,0,0,3,-3
"2582","18","1",6,3,0,0,3,0,3,3,0
"2582","18","2",8,6,5,0,2,5,3,6,-3
"2582","19","1",11,12,4,0,-1,4,9,12,-3
"2582","19","2",10,18,0,0,-8,0,13,18,-5
"2582","20","1",52,26,3,3,26,0,46,22,24
"2582","20","2",21,32,4,0,-11,4,22,32,-10
"2582","21","1",37,38,0,0,-1,0,35,38,-3
"2582","21","2",26,31,3,0,-5,3,26,31,-5
"2582","22","1",30,38,6,3,-8,3,25,39,-14
"2582","22","2",20,31,3,0,-11,3,16,31,-15
"2582","23","1",32,34,8,3,-2,5,26,28,-2
"2582","23","2",29,29,3,0,0,3,22,28,-6
"2582","24","1",23,25,3,0,-2,3,22,25,-3
"2582","24","2",17,14,6,0,3,6,14,16,-2
"2582","25","1",32,30,12,0,2,12,21,28,-7
"2582","25","2",24,16,3,0,8,3,21,16,5
"2582","26","1",36,32,13,4,4,9,24,30,-6
"2582","26","2",17,24,3,3,-7,0,16,22,-6
"2582","27","1",33,22,9,0,11,9,23,22,1
"2582","27","2",21,20,5,0,1,5,17,15,2
"2582","28","1",28,20,7,0,8,7,18,20,-2
"2582","28","2",24,14,3,0,10,3,16,14,2
"2582","29","1",25,18,7,0,7,7,16,18,-2
"2582","29","2",18,10,7,0,8,7,13,11,2
"2582","30","1",38,18,14,0,20,14,22,15,7
"2582","30","2",28,14,14,3,14,11,14,11,3
"2582","31","1",31,26,15,0,5,15,19,26,-7
"2582","31","2",32,8,10,0,24,10,16,8,8
"2582","32","1",32,19,13,0,13,13,23,15,8
"2582","32","2",15,10,8,3,5,5,8,6,2
"2582","33","1",32,13,12,3,19,9,16,12,4
"2582","33","2",19,10,7,0,9,7,13,11,2
"2582","34","1",42,14,20,0,28,20,18,14,4
"2582","34","2",18,15,10,3,3,7,14,14,0
"2582","35","1",31,13,16,0,18,16,15,13,2
"2582","35","2",21,10,5,0,11,5,16,10,6
"2582","36","1",34,9,24,0,25,24,10,9,1
"2582","36","2",17,14,4,0,3,4,11,14,-3
"2582","37","1",32,21,22,3,11,19,11,21,-10
"2582","37","2",18,6,6,3,12,3,13,4,9
"2582","38","1",26,9,13,0,17,13,9,9,0
"2582","38","2",17,13,11,4,4,7,5,10,-5
"2582","39","1",40,19,14,0,21,14,22,17,5
"2582","39","2",15,11,8,0,4,8,10,7,3
"2582","40","1",34,9,21,0,25,21,14,11,3
"2582","40","2",15,10,6,3,5,3,8,8,0
"2582","41","1",32,7,22,5,25,17,13,3,10
"2582","41","2",15,5,7,0,10,7,9,4,5
"2582","42","1",31,6,22,3,25,19,8,3,5
"2582","42","2",9,3,3,0,6,3,3,4,-1
"2582","43","1",32,8,18,0,24,18,13,4,9
"2582","43","2",5,4,5,3,1,2,3,3,0
"2582","44","1",21,11,18,5,10,13,7,11,-4
"2582","44","2",8,3,3,0,5,3,3,3,0
"2582","45","1",16,11,9,3,5,6,6,9,-3
"2582","45","2",9,4,3,0,5,3,7,0,7
"2582","46","1",22,14,17,4,8,13,5,10,-5
"2582","46","2",11,8,8,0,3,8,5,8,-3
"2582","47","1",21,5,15,0,16,15,5,5,0
"2582","47","2",10,4,4,0,6,4,4,4,0
"2582","48","1",17,7,8,0,10,8,8,7,1
"2582","48","2",0,3,0,0,-3,0,0,3,-3
"2582","49","1",16,9,12,5,7,7,4,5,-1
"2582","49","2",3,6,5,3,-3,2,3,7,-4
"2582","50","1",20,6,15,0,14,15,3,6,-3
"2582","50","2",9,11,3,3,-2,0,5,9,-4
"2582","51","1",11,0,6,0,11,6,0,0,0
"2582","51","2",5,3,3,0,2,3,5,3,2
"2582","52","1",12,5,13,0,7,13,0,5,-5
"2582","52","2",3,9,0,0,-6,0,3,10,-7
"2582","53","1",13,4,8,3,9,5,5,4,1
"2582","53","2",7,7,3,3,0,0,3,7,-4
"2582","54","1",14,9,8,0,5,8,8,6,2
"2582","54","2",5,3,0,0,2,0,5,3,2
"2582","55","1",10,5,6,0,5,6,5,6,-1
"2582","55","2",3,3,0,3,0,-3,0,3,-3
"2582","56","1",12,4,8,0,8,8,7,4,3
"2582","56","2",3,5,0,0,-2,0,0,5,-5
"2582","57","1",11,9,7,3,2,4,7,5,2
"2582","57","2",3,5,0,0,-2,0,3,5,-2
"2582","58","1",12,10,5,0,2,5,6,10,-4
"2582","58","2",0,0,0,0,0,0,0,0,0
"2582","59","1",10,3,8,0,7,8,3,3,0
"2582","59","2",4,5,0,0,-1,0,4,5,-1
"2582","60","1",3,6,4,0,-3,4,0,6,-6
"2582","60","2",7,5,0,0,2,0,7,5,2
"2582","61","1",9,5,3,0,4,3,3,4,-1
"2582","61","2",3,4,0,3,-1,-3,3,3,0
"2582","62","1",8,3,5,0,5,5,4,3,1
"2582","62","2",3,3,0,0,0,0,3,0,3
"2582","63","1",5,0,4,0,5,4,0,0,0
"2582","63","2",3,4,0,0,-1,0,3,4,-1
"2582","64","1",9,7,4,3,2,1,3,3,0
"2582","64","2",6,7,0,0,-1,0,6,7,-1
"2582","65","1",7,0,3,0,7,3,0,0,0
"2582","65","2",3,0,0,0,3,0,3,0,3
"2582","66","1",0,3,0,3,-3,-3,0,0,0
"2582","66","2",3,3,0,0,0,0,3,3,0
"2582","67","1",6,3,3,0,3,3,3,3,0
"2582","67","2",0,4,0,0,-4,0,0,4,-4
"2582","68","1",3,0,3,3,3,0,0,0,0
"2582","68","2",4,3,0,0,1,0,0,3,-3
"2582","69","1",0,4,0,0,-4,0,0,4,-4
"2582","69","2",5,3,0,0,2,0,5,3,2
"2582","70","1",7,0,3,0,7,3,0,0,0
"2582","70","2",3,3,3,0,0,3,0,3,-3
"2582","71","1",3,3,0,0,0,0,0,3,-3
"2582","71","2",3,3,0,0,0,0,3,3,0
"2582","72","1",3,3,0,0,0,0,3,3,0
"2582","72","2",0,3,0,0,-3,0,0,3,-3
"2582","73","1",3,3,3,0,0,3,0,3,-3
"2582","73","2",0,0,0,3,0,-3,0,0,0
"2582","74","1",0,0,0,0,0,0,0,0,0
"2582","74","2",0,0,0,0,0,0,0,0,0
"2582","75","1",4,0,3,0,4,3,5,0,5
"2582","75","2",0,3,0,0,-3,0,0,3,-3
"2582","76","1",0,0,0,0,0,0,0,0,0
"2582","76","2",0,3,0,0,-3,0,0,3,-3
"2582","77","1",0,0,0,0,0,0,0,0,0
"2582","77","2",0,0,0,0,0,0,0,0,0
"2582","78","1",0,3,0,0,-3,0,0,3,-3
"2582","78","2",5,4,0,0,1,0,5,4,1
"2582","79","1",0,0,0,0,0,0,0,0,0
"2582","79","2",0,0,0,0,0,0,0,0,0
"2582","80","1",0,0,0,0,0,0,0,0,0
"2582","80","2",3,0,0,0,3,0,3,0,3
"2582","81","1",0,3,0,0,-3,0,0,3,-3
"2582","81","2",0,0,0,0,0,0,0,0,0
"2582","82","1",3,3,0,0,0,0,3,3,0
"2582","82","2",3,0,0,0,3,0,3,0,3
"2582","83","1",0,0,0,0,0,0,0,0,0
"2582","83","2",3,0,0,0,3,0,3,0,3
"2582","84","1",0,0,0,0,0,0,0,0,0
"2582","84","2",4,0,0,0,4,0,4,0,4
"2582","85","1",0,3,0,0,-3,0,0,3,-3
"2582","85","2",0,0,0,0,0,0,0,0,0
"2582","86","1",0,0,0,0,0,0,0,0,0
"2582","86","2",0,0,0,0,0,0,0,0,0
"2582","87","1",0,0,0,0,0,0,0,0,0
"2582","87","2",0,0,0,0,0,0,0,0,0
"2582","88","1",0,0,0,0,0,0,0,0,0
"2582","88","2",0,0,0,0,0,0,0,0,0
"2582","89","1",0,0,0,0,0,0,0,0,0
"2582","89","2",0,0,0,0,0,0,0,0,0
"2582","90","1",0,0,0,0,0,0,0,0,0
"2582","90","2",0,0,0,0,0,0,0,0,0
"2582","91","1",0,3,0,0,-3,0,0,3,-3
"2582","91","2",0,0,0,0,0,0,0,0,0
"2582","92","1",0,0,0,0,0,0,0,0,0
"2582","92","2",0,0,0,0,0,0,0,0,0
"2582","93","1",0,0,0,0,0,0,0,0,0
"2582","93","2",0,0,0,0,0,0,0,0,0
"2582","94","1",0,0,0,0,0,0,0,0,0
"2582","94","2",0,0,0,0,0,0,0,0,0
"2582","95","1",0,0,0,0,0,0,0,0,0
"2582","95","2",3,0,0,0,3,0,3,0,3
"2582","96","1",0,0,0,0,0,0,0,0,0
"2582","96","2",3,0,0,0,3,0,3,0,3
"2582","97","1",0,0,0,0,0,0,0,0,0
"2582","97","2",0,0,0,0,0,0,0,0,0
"2582","98","1",0,0,0,0,0,0,0,0,0
"2582","98","2",0,0,0,0,0,0,0,0,0
"2582","99","1",0,0,0,0,0,0,0,0,0
"2582","99","2",0,0,0,0,0,0,0,0,0
"2582","100+1","1",0,0,0,0,0,0,0,0,0
"2582","100+1","2",0,0,0,0,0,0,0,0,0
"2581","0","1",6,3,3,0,3,3,4,3,1
"2581","0","2",9,3,0,0,6,0,8,3,5
"2581","1","1",11,10,0,3,1,-3,11,7,4
"2581","1","2",12,10,0,0,2,0,9,10,-1
"2581","2","1",11,9,4,0,2,4,8,9,-1
"2581","2","2",3,7,0,0,-4,0,3,7,-4
"2581","3","1",5,8,0,0,-3,0,5,5,0
"2581","3","2",5,3,0,0,2,0,5,3,2
"2581","4","1",9,9,3,3,0,0,6,3,3
"2581","4","2",3,6,0,0,-3,0,3,6,-3
"2581","5","1",4,7,0,0,-3,0,3,7,-4
"2581","5","2",5,3,0,3,2,-3,5,0,5
"2581","6","1",0,0,0,0,0,0,0,0,0
"2581","6","2",10,6,0,4,4,-4,10,3,7
"2581","7","1",8,0,0,0,8,0,5,0,5
"2581","7","2",6,0,0,0,6,0,7,0,7
"2581","8","1",8,3,0,3,5,-3,8,3,5
"2581","8","2",3,3,0,0,0,0,3,3,0
"2581","9","1",6,3,3,0,3,3,4,3,1
"2581","9","2",4,0,0,0,4,0,3,0,3
"2581","10","1",0,4,0,0,-4,0,0,7,-7
"2581","10","2",6,4,0,0,2,0,7,4,3
"2581","11","1",5,5,0,0,0,0,0,5,-5
"2581","11","2",3,3,3,0,0,3,0,3,-3
"2581","12","1",4,3,0,0,1,0,4,4,0
"2581","12","2",3,4,0,4,-1,-4,3,5,-2
"2581","13","1",3,7,0,0,-4,0,3,7,-4
"2581","13","2",5,0,0,0,5,0,5,0,5
"2581","14","1",4,7,0,0,-3,0,4,6,-2
"2581","14","2",6,3,3,0,3,3,3,3,0
"2581","15","1",5,0,0,0,5,0,4,0,4
"2581","15","2",6,8,0,0,-2,0,6,8,-2
"2581","16","1",4,5,0,0,-1,0,4,5,-1
"2581","16","2",8,7,0,0,1,0,8,5,3
"2581","17","1",5,6,0,0,-1,0,5,6,-1
"2581","17","2",3,3,0,0,0,0,3,3,0
"2581","18","1",4,8,0,0,-4,0,3,8,-5
"2581","18","2",5,4,0,0,1,0,4,4,0
"2581","19","1",17,25,0,0,-8,0,18,26,-8
"2581","19","2",24,41,3,0,-17,3,19,41,-22
"2581","20","1",26,51,3,0,-25,3,25,51,-26
"2581","20","2",31,49,0,0,-18,0,31,48,-17
"2581","21","1",40,42,3,0,-2,3,36,42,-6
"2581","21","2",39,61,0,3,-22,-3,39,56,-17
"2581","22","1",36,35,3,0,1,3,36,30,6
"2581","22","2",36,45,0,0,-9,0,30,40,-10
"2581","23","1",28,42,3,0,-14,3,27,37,-10
"2581","23","2",31,32,0,3,-1,-3,31,35,-4
"2581","24","1",29,29,0,3,0,-3,26,28,-2
"2581","24","2",28,25,8,0,3,8,22,23,-1
"2581","25","1",30,25,3,0,5,3,27,25,2
"2581","25","2",32,36,0,3,-4,-3,32,32,0
"2581","26","1",30,30,0,0,0,0,30,26,4
"2581","26","2",31,18,7,0,13,7,25,18,7
"2581","27","1",21,15,3,3,6,0,20,16,4
"2581","27","2",22,13,3,3,9,0,21,14,7
"2581","28","1",19,25,3,0,-6,3,18,25,-7
"2581","28","2",18,22,0,0,-4,0,16,16,0
"2581","29","1",18,14,0,0,4,0,18,13,5
"2581","29","2",19,18,3,3,1,0,15,12,3
"2581","30","1",19,19,0,0,0,0,16,18,-2
"2581","30","2",22,21,3,0,1,3,18,21,-3
"2581","31","1",19,19,0,3,0,-3,16,17,-1
"2581","31","2",19,15,3,3,4,0,14,15,-1
"2581","32","1",15,20,3,3,-5,0,13,16,-3
"2581","32","2",16,16,0,4,0,-4,19,14,5
"2581","33","1",13,8,0,0,5,0,12,8,4
"2581","33","2",18,13,0,0,5,0,15,12,3
"2581","34","1",19,10,3,3,9,0,15,9,6
"2581","34","2",14,9,3,0,5,3,12,9,3
"2581","35","1",12,17,0,3,-5,-3,12,14,-2
"2581","35","2",8,5,3,0,3,3,6,5,1
"2581","36","1",8,11,0,0,-3,0,5,11,-6
"2581","36","2",6,5,0,0,1,0,7,5,2
"2581","37","1",18,0,0,3,18,-3,16,3,13
"2581","37","2",7,12,0,3,-5,-3,7,6,1
"2581","38","1",9,11,3,0,-2,3,12,10,2
"2581","38","2",9,8,0,0,1,0,9,8,1
"2581","39","1",9,3,0,3,6,-3,11,0,11
"2581","39","2",4,5,0,0,-1,0,3,3,0
"2581","40","1",13,8,3,0,5,3,10,8,2
"2581","40","2",3,3,0,0,0,0,5,3,2
"2581","41","1",7,6,0,0,1,0,4,6,-2
"2581","41","2",8,5,0,0,3,0,5,4,1
"2581","42","1",3,8,0,0,-5,0,3,8,-5
"2581","42","2",5,0,0,0,5,0,5,0,5
"2581","43","1",4,10,0,0,-6,0,3,10,-7
"2581","43","2",3,7,0,0,-4,0,3,7,-4
"2581","44","1",3,5,0,0,-2,0,0,5,-5
"2581","44","2",7,3,3,0,4,3,0,3,-3
"2581","45","1",6,7,4,0,-1,4,5,7,-2
"2581","45","2",6,6,0,3,0,-3,3,10,-7
"2581","46","1",5,3,0,0,2,0,0,3,-3
"2581","46","2",3,5,0,0,-2,0,3,5,-2
"2581","47","1",3,6,3,0,-3,3,0,6,-6
"2581","47","2",6,6,0,0,0,0,3,6,-3
"2581","48","1",4,5,3,0,-1,3,0,5,-5
"2581","48","2",8,8,0,0,0,0,3,6,-3
"2581","49","1",8,0,0,0,8,0,8,0,8
"2581","49","2",4,8,0,0,-4,0,4,8,-4
"2581","50","1",9,4,3,0,5,3,5,7,-2
"2581","50","2",9,3,4,0,6,4,7,3,4
"2581","51","1",5,6,3,0,-1,3,6,6,0
"2581","51","2",6,12,0,3,-6,-3,3,4,-1
"2581","52","1",3,0,0,0,3,0,3,0,3
"2581","52","2",6,3,0,0,3,0,4,3,1
"2581","53","1",8,3,3,3,5,0,4,0,4
"2581","53","2",6,0,0,0,6,0,6,0,6
"2581","54","1",6,9,0,3,-3,-3,3,6,-3
"2581","54","2",0,9,3,0,-9,3,3,7,-4
"2581","55","1",9,3,0,0,6,0,9,3,6
"2581","55","2",6,5,0,0,1,0,3,0,3
"2581","56","1",0,10,0,0,-10,0,0,10,-10
"2581","56","2",3,3,0,0,0,0,6,3,3
"2581","57","1",7,0,0,0,7,0,7,0,7
"2581","57","2",7,3,0,0,4,0,7,3,4
"2581","58","1",3,8,3,0,-5,3,7,8,-1
"2581","58","2",3,8,0,0,-5,0,3,8,-5
"2581","59","1",3,6,0,0,-3,0,3,4,-1
"2581","59","2",8,7,3,0,1,3,3,7,-4
"2581","60","1",0,5,3,0,-5,3,0,3,-3
"2581","60","2",0,3,0,0,-3,0,0,3,-3
"2581","61","1",0,4,0,0,-4,0,0,5,-5
"2581","61","2",0,0,0,0,0,0,0,0,0
"2581","62","1",4,0,0,0,4,0,4,0,4
"2581","62","2",4,4,0,0,0,0,4,4,0
"2581","63","1",3,5,0,0,-2,0,3,4,-1
"2581","63","2",6,10,0,0,-4,0,6,10,-4
"2581","64","1",0,6,0,0,-6,0,0,6,-6
"2581","64","2",4,11,0,3,-7,-3,4,9,-5
"2581","65","1",0,7,0,0,-7,0,0,3,-3
"2581","65","2",0,3,0,0,-3,0,0,3,-3
"2581","66","1",3,3,0,0,0,0,3,3,0
"2581","66","2",5,8,0,0,-3,0,4,8,-4
"2581","67","1",3,4,0,0,-1,0,3,4,-1
"2581","67","2",3,3,0,0,0,0,3,3,0
"2581","68","1",0,6,0,0,-6,0,0,6,-6
"2581","68","2",6,0,0,0,6,0,6,0,6
"2581","69","1",6,3,0,0,3,0,6,3,3
"2581","69","2",6,4,0,0,2,0,6,4,2
"2581","70","1",5,0,0,0,5,0,5,0,5
"2581","70","2",3,4,0,0,-1,0,3,4,-1
"2581","71","1",0,0,0,0,0,0,0,0,0
"2581","71","2",3,0,0,0,3,0,3,0,3
"2581","72","1",3,0,0,0,3,0,3,0,3
"2581","72","2",3,6,0,0,-3,0,3,6,-3
"2581","73","1",0,0,0,0,0,0,0,0,0
"2581","73","2",3,3,0,0,0,0,3,3,0
"2581","74","1",4,3,0,0,1,0,0,3,-3
"2581","74","2",0,3,0,0,-3,0,0,3,-3
"2581","75","1",3,7,0,0,-4,0,3,7,-4
"2581","75","2",3,3,0,0,0,0,3,3,0
"2581","76","1",7,0,0,0,7,0,7,0,7
"2581","76","2",3,0,0,0,3,0,3,0,3
"2581","77","1",3,3,0,0,0,0,3,3,0
"2581","77","2",3,4,0,0,-1,0,3,4,-1
"2581","78","1",0,3,0,0,-3,0,0,3,-3
"2581","78","2",3,3,0,0,0,0,3,3,0
"2581","79","1",0,0,0,0,0,0,0,0,0
"2581","79","2",0,0,0,0,0,0,0,0,0
"2581","80","1",3,3,0,0,0,0,3,3,0
"2581","80","2",3,3,3,0,0,3,0,3,-3
"2581","81","1",3,3,0,0,0,0,3,3,0
"2581","81","2",0,0,0,0,0,0,0,0,0
"2581","82","1",0,3,0,0,-3,0,0,3,-3
"2581","82","2",0,0,0,0,0,0,0,0,0
"2581","83","1",0,5,0,0,-5,0,0,5,-5
"2581","83","2",0,6,0,0,-6,0,0,6,-6
"2581","84","1",0,5,0,0,-5,0,0,5,-5
"2581","84","2",0,3,0,0,-3,0,0,3,-3
"2581","85","1",0,0,0,0,0,0,0,0,0
"2581","85","2",3,3,0,0,0,0,3,3,0
"2581","86","1",3,0,0,0,3,0,3,0,3
"2581","86","2",0,0,0,0,0,0,0,0,0
"2581","87","1",0,0,0,0,0,0,0,0,0
"2581","87","2",0,0,0,0,0,0,0,0,0
"2581","88","1",0,0,0,0,0,0,0,0,0
"2581","88","2",0,0,0,0,0,0,0,0,0
"2581","89","1",0,0,0,0,0,0,0,0,0
"2581","89","2",0,0,0,0,0,0,0,0,0
"2581","90","1",0,0,0,0,0,0,0,0,0
"2581","90","2",0,0,0,0,0,0,0,0,0
"2581","91","1",0,0,0,0,0,0,0,0,0
"2581","91","2",3,0,0,0,3,0,3,0,3
"2581","92","1",0,0,0,0,0,0,0,0,0
"2581","92","2",0,0,0,0,0,0,0,0,0
"2581","93","1",0,0,0,0,0,0,0,0,0
"2581","93","2",0,0,0,0,0,0,0,0,0
"2581","94","1",0,0,0,0,0,0,0,0,0
"2581","94","2",0,0,0,0,0,0,0,0,0
"2581","95","1",0,0,0,0,0,0,0,0,0
"2581","95","2",3,0,0,0,3,0,3,0,3
"2581","96","1",0,0,0,0,0,0,0,0,0
"2581","96","2",0,0,0,0,0,0,0,0,0
"2581","97","1",0,0,0,0,0,0,0,0,0
"2581","97","2",0,0,0,0,0,0,0,0,0
"2581","98","1",3,0,0,0,3,0,3,0,3
"2581","98","2",0,0,0,0,0,0,0,0,0
"2581","99","1",0,0,0,0,0,0,0,0,0
"2581","99","2",0,0,0,0,0,0,0,0,0
"2581","100+1","1",0,0,0,0,0,0,0,0,0
"2581","100+1","2",0,0,0,0,0,0,0,0,0
"2560","0","1",0,0,0,0,0,0,0,0,0
"2560","0","2",3,4,0,0,-1,0,3,4,-1
"2560","1","1",3,0,0,0,3,0,3,0,3
"2560","1","2",0,0,0,0,0,0,0,0,0
"2560","2","1",3,0,0,0,3,0,3,0,3
"2560","2","2",4,8,6,0,-4,6,4,8,-4
"2560","3","1",3,0,0,0,3,0,3,0,3
"2560","3","2",3,0,3,0,3,3,3,0,3
"2560","4","1",8,3,6,0,5,6,5,3,2
"2560","4","2",5,3,0,3,2,-3,0,0,0
"2560","5","1",0,4,0,0,-4,0,0,4,-4
"2560","5","2",0,0,0,0,0,0,0,0,0
"2560","6","1",7,3,0,0,4,0,3,3,0
"2560","6","2",0,3,0,0,-3,0,0,3,-3
"2560","7","1",3,0,0,0,3,0,0,0,0
"2560","7","2",3,0,3,0,3,3,0,0,0
"2560","8","1",3,3,0,0,0,0,3,3,0
"2560","8","2",4,0,0,0,4,0,4,0,4
"2560","9","1",0,4,0,0,-4,0,0,4,-4
"2560","9","2",0,0,0,0,0,0,0,0,0
"2560","10","1",0,0,0,0,0,0,0,0,0
"2560","10","2",0,0,0,0,0,0,0,0,0
"2560","11","1",0,3,0,0,-3,0,0,3,-3
"2560","11","2",4,6,0,0,-2,0,0,6,-6
"2560","12","1",0,0,0,0,0,0,0,0,0
"2560","12","2",0,4,0,0,-4,0,0,4,-4
"2560","13","1",3,4,3,0,-1,3,0,4,-4
"2560","13","2",3,3,0,0,0,0,3,3,0
"2560","14","1",0,3,0,0,-3,0,0,3,-3
"2560","14","2",3,3,3,0,0,3,3,3,0
"2560","15","1",0,4,0,0,-4,0,0,4,-4
"2560","15","2",0,0,0,0,0,0,0,0,0
"2560","16","1",3,3,0,0,0,0,3,3,0
"2560","16","2",3,3,0,0,0,0,3,3,0
"2560","17","1",0,0,0,0,0,0,0,0,0
"2560","17","2",0,0,0,0,0,0,0,0,0
"2560","18","1",0,0,0,0,0,0,0,0,0
"2560","18","2",0,3,0,0,-3,0,0,3,-3
"2560","19","1",0,4,0,0,-4,0,0,4,-4
"2560","19","2",9,8,0,0,1,0,9,8,1
"2560","20","1",5,4,0,0,1,0,5,4,1
"2560","20","2",10,6,0,0,4,0,10,6,4
"2560","21","1",8,6,0,0,2,0,8,6,2
"2560","21","2",7,10,0,0,-3,0,7,10,-3
"2560","22","1",7,4,0,0,3,0,7,5,2
"2560","22","2",6,3,3,0,3,3,6,3,3
"2560","23","1",6,7,0,0,-1,0,9,7,2
"2560","23","2",3,6,0,0,-3,0,3,6,-3
"2560","24","1",5,6,0,0,-1,0,6,6,0
"2560","24","2",7,7,0,0,0,0,7,7,0
"2560","25","1",6,4,0,0,2,0,6,4,2
"2560","25","2",5,12,0,0,-7,0,5,12,-7
"2560","26","1",3,8,0,3,-5,-3,3,8,-5
"2560","26","2",8,3,3,3,5,0,4,5,-1
"2560","27","1",3,3,3,0,0,3,6,3,3
"2560","27","2",3,4,3,0,-1,3,0,4,-4
"2560","28","1",4,0,0,0,4,0,4,0,4
"2560","28","2",7,4,0,0,3,0,5,4,1
"2560","29","1",4,5,0,0,-1,0,7,5,2
"2560","29","2",3,3,3,0,0,3,0,3,-3
"2560","30","1",4,3,0,0,1,0,4,3,1
"2560","30","2",4,3,0,0,1,0,3,3,0
"2560","31","1",3,7,0,0,-4,0,3,7,-4
"2560","31","2",3,3,0,0,0,0,3,3,0
"2560","32","1",3,3,0,0,0,0,5,3,2
"2560","32","2",3,4,0,0,-1,0,0,4,-4
"2560","33","1",3,0,0,0,3,0,3,0,3
"2560","33","2",5,5,0,0,0,0,5,5,0
"2560","34","1",9,3,3,0,6,3,4,3,1
"2560","34","2",7,6,0,0,1,0,3,6,-3
"2560","35","1",6,5,3,3,1,0,7,4,3
"2560","35","2",4,3,0,0,1,0,0,0,0
"2560","36","1",4,5,0,0,-1,0,4,3,1
"2560","36","2",4,3,3,0,1,3,3,0,3
"2560","37","1",7,3,0,0,4,0,6,3,3
"2560","37","2",4,3,3,0,1,3,3,3,0
"2560","38","1",3,4,0,0,-1,0,3,3,0
"2560","38","2",3,3,3,0,0,3,3,3,0
"2560","39","1",3,3,0,3,0,-3,0,0,0
"2560","39","2",3,3,0,0,0,0,3,0,3
"2560","40","1",6,6,3,0,0,3,3,6,-3
"2560","40","2",3,0,0,0,3,0,3,0,3
"2560","41","1",4,0,0,0,4,0,3,0,3
"2560","41","2",3,3,0,0,0,0,3,3,0
"2560","42","1",3,3,0,0,0,0,3,3,0
"2560","42","2",0,0,0,0,0,0,0,0,0
"2560","43","1",4,6,5,0,-2,5,3,7,-4
"2560","43","2",5,0,0,0,5,0,0,0,0
"2560","44","1",6,0,3,0,6,3,0,0,0
"2560","44","2",0,0,0,0,0,0,0,0,0
"2560","45","1",0,3,0,0,-3,0,3,3,0
"2560","45","2",3,3,0,0,0,0,3,3,0
"2560","46","1",3,6,0,3,-3,-3,3,3,0
"2560","46","2",5,3,3,0,2,3,4,3,1
"2560","47","1",6,3,0,0,3,0,6,3,3
"2560","47","2",0,0,0,0,0,0,0,0,0
"2560","48","1",3,3,3,0,0,3,0,3,-3
"2560","48","2",0,0,0,0,0,0,0,0,0
"2560","49","1",0,3,0,0,-3,0,0,3,-3
"2560","49","2",4,0,0,0,4,0,3,0,3
"2560","50","1",3,0,0,0,3,0,3,0,3
"2560","50","2",4,0,0,0,4,0,3,0,3
"2560","51","1",5,0,0,0,5,0,0,0,0
"2560","51","2",0,0,0,0,0,0,0,0,0
"2560","52","1",3,0,3,0,3,3,0,0,0
"2560","52","2",3,0,0,0,3,0,3,0,3
"2560","53","1",3,0,0,0,3,0,3,0,3
"2560","53","2",3,3,0,0,0,0,3,3,0
"2560","54","1",0,0,0,0,0,0,0,0,0
"2560","54","2",0,0,0,0,0,0,0,0,0
"2560","55","1",0,0,0,0,0,0,0,0,0
"2560","55","2",3,3,0,0,0,0,3,3,0
"2560","56","1",0,3,0,3,-3,-3,0,0,0
"2560","56","2",3,0,0,0,3,0,3,0,3
"2560","57","1",0,0,0,0,0,0,0,0,0
"2560","57","2",3,3,0,0,0,0,3,3,0
"2560","58","1",3,0,0,0,3,0,3,0,3
"2560","58","2",0,4,0,0,-4,0,0,4,-4
"2560","59","1",0,0,0,0,0,0,0,0,0
"2560","59","2",3,0,3,0,3,3,3,0,3
"2560","60","1",4,0,0,0,4,0,4,0,4
"2560","60","2",0,0,0,0,0,0,0,0,0
"2560","61","1",0,0,0,0,0,0,0,0,0
"2560","61","2",0,0,0,0,0,0,0,0,0
"2560","62","1",0,0,0,0,0,0,0,0,0
"2560","62","2",3,0,0,0,3,0,0,0,0
"2560","63","1",4,0,0,0,4,0,4,0,4
"2560","63","2",0,0,0,0,0,0,0,0,0
"2560","64","1",0,0,0,0,0,0,0,0,0
"2560","64","2",3,0,0,0,3,0,3,0,3
"2560","65","1",0,0,0,0,0,0,0,0,0
"2560","65","2",0,3,0,0,-3,0,0,3,-3
"2560","66","1",3,0,3,0,3,3,0,0,0
"2560","66","2",0,0,0,0,0,0,0,0,0
"2560","67","1",0,3,0,3,-3,-3,0,0,0
"2560","67","2",0,3,0,0,-3,0,0,3,-3
"2560","68","1",0,0,0,0,0,0,0,0,0
"2560","68","2",0,0,0,0,0,0,0,0,0
"2560","69","1",0,0,0,0,0,0,0,0,0
"2560","69","2",0,3,0,0,-3,0,0,3,-3
"2560","70","1",0,0,0,0,0,0,0,0,0
"2560","70","2",0,0,0,0,0,0,0,0,0
"2560","71","1",0,0,0,0,0,0,0,0,0
"2560","71","2",3,0,0,0,3,0,3,0,3
"2560","72","1",0,0,0,0,0,0,0,0,0
"2560","72","2",3,3,0,0,0,0,3,3,0
"2560","73","1",0,0,0,0,0,0,0,0,0
"2560","73","2",0,0,0,0,0,0,0,0,0
"2560","74","1",0,0,0,0,0,0,0,0,0
"2560","74","2",0,0,0,0,0,0,0,0,0
"2560","75","1",0,0,0,0,0,0,0,0,0
"2560","75","2",0,0,0,0,0,0,0,0,0
"2560","76","1",0,0,0,0,0,0,0,0,0
"2560","76","2",0,0,0,0,0,0,0,0,0
"2560","77","1",0,0,0,0,0,0,0,0,0
"2560","77","2",0,0,0,0,0,0,0,0,0
"2560","78","1",0,0,0,0,0,0,0,0,0
"2560","78","2",3,0,0,0,3,0,3,0,3
"2560","79","1",3,0,0,0,3,0,3,0,3
"2560","79","2",0,0,0,0,0,0,0,0,0
"2560","80","1",0,0,0,0,0,0,0,0,0
"2560","80","2",0,0,0,0,0,0,0,0,0
"2560","81","1",0,0,0,0,0,0,0,0,0
"2560","81","2",0,0,0,0,0,0,0,0,0
"2560","82","1",3,3,0,0,0,0,3,3,0
"2560","82","2",0,0,0,0,0,0,0,0,0
"2560","83","1",0,0,0,0,0,0,0,0,0
"2560","83","2",0,0,0,0,0,0,0,0,0
"2560","84","1",0,0,0,0,0,0,0,0,0
"2560","84","2",4,0,0,0,4,0,4,0,4
"2560","85","1",0,0,0,0,0,0,0,0,0
"2560","85","2",0,0,0,0,0,0,0,0,0
"2560","86","1",0,0,0,0,0,0,0,0,0
"2560","86","2",0,0,0,0,0,0,0,0,0
"2560","87","1",0,0,0,0,0,0,0,0,0
"2560","87","2",0,0,0,0,0,0,0,0,0
"2560","88","1",0,0,0,0,0,0,0,0,0
"2560","88","2",0,0,0,0,0,0,0,0,0
"2560","89","1",0,0,0,0,0,0,0,0,0
"2560","89","2",0,0,0,0,0,0,0,0,0
"2560","90","1",0,0,0,0,0,0,0,0,0
"2560","90","2",0,0,0,0,0,0,0,0,0
"2560","91","1",0,0,0,0,0,0,0,0,0
"2560","91","2",0,0,0,0,0,0,0,0,0
"2560","92","1",0,0,0,0,0,0,0,0,0
"2560","92","2",0,0,0,0,0,0,0,0,0
"2560","93","1",0,0,0,0,0,0,0,0,0
"2560","93","2",0,0,0,0,0,0,0,0,0
"2560","94","1",0,0,0,0,0,0,0,0,0
"2560","94","2",0,0,0,0,0,0,0,0,0
"2560","95","1",0,0,0,0,0,0,0,0,0
"2560","95","2",0,0,0,0,0,0,0,0,0
"2560","96","1",0,0,0,0,0,0,0,0,0
"2560","96","2",0,0,0,0,0,0,0,0,0
"2560","97","1",0,0,0,0,0,0,0,0,0
"2560","97","2",0,0,0,0,0,0,0,0,0
"2560","98","1",0,0,0,0,0,0,0,0,0
"2560","98","2",0,0,0,0,0,0,0,0,0
"2560","99","1",0,0,0,0,0,0,0,0,0
"2560","99","2",0,0,0,0,0,0,0,0,0
"2560","100+1","1",0,0,0,0,0,0,0,0,0
"2560","100+1","2",0,0,0,0,0,0,0,0,0
"2514","0","1",0,0,0,0,0,0,0,0,0
"2514","0","2",0,3,0,0,-3,0,0,3,-3
"2514","1","1",7,0,0,0,7,0,7,0,7
"2514","1","2",0,4,0,0,-4,0,0,3,-3
"2514","2","1",0,5,0,0,-5,0,0,5,-5
"2514","2","2",3,0,3,0,3,3,0,0,0
"2514","3","1",3,6,3,0,-3,3,0,6,-6
"2514","3","2",3,0,0,0,3,0,3,0,3
"2514","4","1",3,0,0,0,3,0,4,0,4
"2514","4","2",3,3,0,0,0,0,3,3,0
"2514","5","1",3,0,3,3,3,0,0,0,0
"2514","5","2",0,0,0,0,0,0,0,0,0
"2514","6","1",4,0,0,0,4,0,4,0,4
"2514","6","2",3,3,0,0,0,0,3,3,0
"2514","7","1",3,3,0,0,0,0,3,3,0
"2514","7","2",4,0,0,0,4,0,3,0,3
"2514","8","1",4,4,0,0,0,0,4,3,1
"2514","8","2",0,3,0,0,-3,0,0,3,-3
"2514","9","1",3,0,0,0,3,0,3,0,3
"2514","9","2",0,4,0,0,-4,0,0,4,-4
"2514","10","1",0,3,0,0,-3,0,0,3,-3
"2514","10","2",3,5,3,0,-2,3,0,5,-5
"2514","11","1",3,0,0,0,3,0,3,0,3
"2514","11","2",4,0,0,0,4,0,3,0,3
"2514","12","1",0,0,0,0,0,0,0,0,0
"2514","12","2",0,4,0,0,-4,0,0,4,-4
"2514","13","1",3,3,0,0,0,0,3,3,0
"2514","13","2",3,0,0,0,3,0,3,0,3
"2514","14","1",3,0,3,0,3,3,0,0,0
"2514","14","2",4,4,3,0,0,3,4,4,0
"2514","15","1",0,3,0,0,-3,0,0,3,-3
"2514","15","2",0,0,0,0,0,0,0,0,0
"2514","16","1",0,3,0,0,-3,0,0,3,-3
"2514","16","2",5,6,0,0,-1,0,5,6,-1
"2514","17","1",0,0,0,0,0,0,0,0,0
"2514","17","2",0,0,0,0,0,0,0,0,0
"2514","18","1",5,0,0,0,5,0,0,0,0
"2514","18","2",3,0,0,0,3,0,3,0,3
"2514","19","1",6,3,0,0,3,0,6,3,3
"2514","19","2",3,20,0,0,-17,0,3,20,-17
"2514","20","1",13,11,0,3,2,-3,13,12,1
"2514","20","2",13,14,0,0,-1,0,13,14,-1
"2514","21","1",8,18,3,0,-10,3,9,18,-9
"2514","21","2",12,16,0,0,-4,0,12,16,-4
"2514","22","1",3,9,0,0,-6,0,3,9,-6
"2514","22","2",10,13,0,0,-3,0,10,13,-3
"2514","23","1",7,9,0,0,-2,0,7,9,-2
"2514","23","2",11,10,0,3,1,-3,10,12,-2
"2514","24","1",8,12,0,0,-4,0,8,10,-2
"2514","24","2",5,6,0,3,-1,-3,7,8,-1
"2514","25","1",13,6,0,0,7,0,13,6,7
"2514","25","2",20,13,3,0,7,3,18,13,5
"2514","26","1",10,20,0,4,-10,-4,12,16,-4
"2514","26","2",9,5,3,0,4,3,5,5,0
"2514","27","1",10,13,0,3,-3,-3,10,11,-1
"2514","27","2",3,3,0,0,0,0,5,3,2
"2514","28","1",4,5,0,0,-1,0,4,4,0
"2514","28","2",8,6,0,0,2,0,8,3,5
"2514","29","1",7,6,3,3,1,0,6,7,-1
"2514","29","2",5,7,3,0,-2,3,5,7,-2
"2514","30","1",6,7,0,0,-1,0,6,8,-2
"2514","30","2",8,11,0,0,-3,0,6,11,-5
"2514","31","1",7,10,3,3,-3,0,6,7,-1
"2514","31","2",6,7,3,0,-1,3,3,8,-5
"2514","32","1",8,7,0,5,1,-5,8,4,4
"2514","32","2",4,4,0,3,0,-3,3,0,3
"2514","33","1",5,10,0,0,-5,0,5,10,-5
"2514","33","2",6,3,3,0,3,3,3,3,0
"2514","34","1",11,5,0,0,6,0,11,5,6
"2514","34","2",9,4,3,3,5,0,6,3,3
"2514","35","1",7,5,3,0,2,3,3,5,-2
"2514","35","2",4,6,0,0,-2,0,0,6,-6
"2514","36","1",8,9,4,3,-1,1,4,5,-1
"2514","36","2",3,3,0,3,0,-3,3,0,3
"2514","37","1",5,4,0,0,1,0,4,4,0
"2514","37","2",0,0,0,0,0,0,0,0,0
"2514","38","1",9,9,0,0,0,0,8,9,-1
"2514","38","2",4,4,0,3,0,-3,4,3,1
"2514","39","1",7,7,0,0,0,0,7,7,0
"2514","39","2",3,10,0,0,-7,0,3,10,-7
"2514","40","1",9,4,4,0,5,4,6,5,1
"2514","40","2",5,3,0,0,2,0,5,3,2
"2514","41","1",3,3,0,3,0,-3,3,3,0
"2514","41","2",7,3,0,0,4,0,0,3,-3
"2514","42","1",0,0,0,0,0,0,0,0,0
"2514","42","2",3,3,0,0,0,0,3,3,0
"2514","43","1",3,0,0,0,3,0,3,0,3
"2514","43","2",5,3,0,0,2,0,0,3,-3
"2514","44","1",8,5,0,0,3,0,7,3,4
"2514","44","2",3,3,0,0,0,0,3,3,0
"2514","45","1",0,7,0,0,-7,0,0,5,-5
"2514","45","2",0,0,0,0,0,0,0,0,0
"2514","46","1",4,4,0,0,0,0,4,3,1
"2514","46","2",3,4,0,0,-1,0,3,0,3
"2514","47","1",4,3,0,0,1,0,4,3,1
"2514","47","2",4,3,0,0,1,0,4,3,1
"2514","48","1",3,3,3,0,0,3,3,3,0
"2514","48","2",3,3,0,0,0,0,0,3,-3
"2514","49","1",5,4,3,0,1,3,3,4,-1
"2514","49","2",3,4,3,4,-1,-1,3,0,3
"2514","50","1",4,0,0,0,4,0,0,0,0
"2514","50","2",0,3,0,3,-3,-3,0,4,-4
"2514","51","1",4,0,0,0,4,0,4,0,4
"2514","51","2",3,0,0,0,3,0,3,0,3
"2514","52","1",0,0,0,0,0,0,0,0,0
"2514","52","2",5,3,0,0,2,0,4,3,1
"2514","53","1",3,3,3,0,0,3,0,3,-3
"2514","53","2",0,4,0,0,-4,0,0,4,-4
"2514","54","1",4,0,0,0,4,0,4,0,4
"2514","54","2",6,0,3,0,6,3,3,0,3
"2514","55","1",3,3,0,0,0,0,3,3,0
"2514","55","2",5,0,0,0,5,0,5,0,5
"2514","56","1",4,0,0,0,4,0,0,0,0
"2514","56","2",0,4,0,0,-4,0,0,4,-4
"2514","57","1",0,3,3,0,-3,3,3,3,0
"2514","57","2",4,3,0,0,1,0,6,5,1
"2514","58","1",5,5,0,0,0,0,3,3,0
"2514","58","2",3,0,0,0,3,0,3,0,3
"2514","59","1",0,0,0,0,0,0,0,0,0
"2514","59","2",0,4,3,0,-4,3,3,4,-1
"2514","60","1",0,3,0,0,-3,0,3,3,0
"2514","60","2",3,4,3,0,-1,3,3,4,-1
"2514","61","1",4,3,0,0,1,0,4,3,1
"2514","61","2",0,3,0,0,-3,0,0,0,0
"2514","62","1",0,0,0,0,0,0,0,0,0
"2514","62","2",5,4,0,0,1,0,5,3,2
"2514","63","1",4,0,0,0,4,0,4,0,4
"2514","63","2",5,0,0,0,5,0,5,0,5
"2514","64","1",5,3,0,0,2,0,3,3,0
"2514","64","2",4,3,0,0,1,0,4,3,1
"2514","65","1",5,0,0,0,5,0,5,0,5
"2514","65","2",5,3,0,0,2,0,8,3,5
"2514","66","1",3,0,0,0,3,0,3,0,3
"2514","66","2",3,3,0,0,0,0,3,3,0
"2514","67","1",3,5,0,0,-2,0,3,5,-2
"2514","67","2",0,3,0,0,-3,0,0,3,-3
"2514","68","1",3,3,0,0,0,0,3,3,0
"2514","68","2",3,4,0,0,-1,0,3,4,-1
"2514","69","1",3,0,0,0,3,0,3,0,3
"2514","69","2",0,3,0,0,-3,0,0,3,-3
"2514","70","1",0,0,0,0,0,0,0,0,0
"2514","70","2",0,0,0,0,0,0,0,0,0
"2514","71","1",3,3,3,0,0,3,0,3,-3
"2514","71","2",3,3,0,4,0,-4,3,3,0
"2514","72","1",0,0,0,0,0,0,0,0,0
"2514","72","2",0,3,0,0,-3,0,0,3,-3
"2514","73","1",0,4,0,0,-4,0,0,3,-3
"2514","73","2",0,6,0,0,-6,0,0,6,-6
"2514","74","1",0,3,0,0,-3,0,0,3,-3
"2514","74","2",0,0,0,0,0,0,0,0,0
"2514","75","1",3,0,0,0,3,0,3,0,3
"2514","75","2",3,0,0,0,3,0,3,0,3
"2514","76","1",0,0,0,0,0,0,0,0,0
"2514","76","2",5,0,3,0,5,3,3,0,3
"2514","77","1",3,3,0,0,0,0,3,3,0
"2514","77","2",0,3,0,0,-3,0,0,3,-3
"2514","78","1",0,0,0,0,0,0,0,0,0
"2514","78","2",0,0,0,0,0,0,0,0,0
"2514","79","1",0,6,0,0,-6,0,0,4,-4
"2514","79","2",4,3,0,0,1,0,4,3,1
"2514","80","1",0,0,0,0,0,0,0,0,0
"2514","80","2",0,3,0,0,-3,0,0,3,-3
"2514","81","1",0,0,0,0,0,0,0,0,0
"2514","81","2",0,0,0,0,0,0,0,0,0
"2514","82","1",0,0,0,0,0,0,0,0,0
"2514","82","2",0,3,0,0,-3,0,0,3,-3
"2514","83","1",0,0,0,0,0,0,0,0,0
"2514","83","2",0,0,0,0,0,0,0,0,0
"2514","84","1",3,0,0,0,3,0,3,0,3
"2514","84","2",0,0,0,0,0,0,0,0,0
"2514","85","1",0,3,0,0,-3,0,0,3,-3
"2514","85","2",3,6,0,0,-3,0,3,6,-3
"2514","86","1",0,0,0,0,0,0,0,0,0
"2514","86","2",0,0,0,0,0,0,0,0,0
"2514","87","1",0,0,0,0,0,0,0,0,0
"2514","87","2",3,0,0,0,3,0,3,0,3
"2514","88","1",0,0,0,0,0,0,0,0,0
"2514","88","2",0,3,0,0,-3,0,0,3,-3
"2514","89","1",0,0,0,0,0,0,0,0,0
"2514","89","2",0,0,0,0,0,0,0,0,0
"2514","90","1",0,0,0,0,0,0,0,0,0
"2514","90","2",0,0,0,0,0,0,0,0,0
"2514","91","1",0,0,0,0,0,0,0,0,0
"2514","91","2",0,0,0,0,0,0,0,0,0
"2514","92","1",0,0,0,0,0,0,0,0,0
"2514","92","2",0,0,0,0,0,0,0,0,0
"2514","93","1",0,0,0,0,0,0,0,0,0
"2514","93","2",0,0,0,0,0,0,0,0,0
"2514","94","1",0,0,0,0,0,0,0,0,0
"2514","94","2",0,0,0,0,0,0,0,0,0
"2514","95","1",0,0,0,0,0,0,0,0,0
"2514","95","2",0,0,0,0,0,0,0,0,0
"2514","96","1",0,0,0,0,0,0,0,0,0
"2514","96","2",0,0,0,0,0,0,0,0,0
"2514","97","1",0,0,0,0,0,0,0,0,0
"2514","97","2",0,0,0,0,0,0,0,0,0
"2514","98","1",0,0,0,0,0,0,0,0,0
"2514","98","2",0,0,0,0,0,0,0,0,0
"2514","99","1",0,0,0,0,0,0,0,0,0
"2514","99","2",0,0,0,0,0,0,0,0,0
"2514","100+1","1",0,0,0,0,0,0,0,0,0
"2514","100+1","2",0,0,0,0,0,0,0,0,0
