"ModerFodregion","Alder","000005MU 2026","000005MU 2027","000005MU 2028","000005MU 2029","000005MU 2030","000005MU 2031","000005MU 2032","000005MU 2033","000005MU 2034","000005MU 2035","000005MU 2036","000005MU 2037","000005MU 2038","000005MU 2039","000005MU 2040","000005MU 2041","000005MU 2042","000005MU 2043","000005MU 2044","000005MU 2045","000005MU 2046","000005MU 2047","000005MU 2048","000005MU 2049","000005MU 2050"
"300","16",18,17,16,16,16,15,15,13,13,13,12,12,11,10,10,10,9,9,9,8,8,8,8,8,8
"300","17",36,37,34,33,32,32,30,27,25,24,22,21,20,18,16,15,14,12,11,10,9,8,7,6,5
"300","18",78,78,77,72,70,68,67,52,52,48,47,44,42,40,35,32,30,28,26,24,22,21,19,18,16
"300","19",174,173,169,169,158,153,148,127,121,121,113,109,102,96,93,81,74,68,64,59,54,50,46,42,38
"300","20",340,337,328,324,324,303,294,267,261,248,247,228,218,204,191,184,158,143,130,119,109,98,88,79,69
"300","21",560,575,558,551,547,549,514,474,458,449,429,430,400,385,362,342,332,289,264,244,227,212,195,178,165
"300","22",856,856,861,850,842,839,846,784,769,747,738,710,717,672,653,620,593,582,514,476,448,424,403,379,356
"300","23",1079,1076,1070,1116,1129,1149,1177,1183,1118,1101,1075,1067,1033,1048,989,968,925,891,881,785,733,697,667,641,611
"300","24",1235,1227,1266,1320,1424,1491,1567,1648,1671,1584,1565,1533,1527,1483,1511,1432,1406,1351,1308,1299,1164,1093,1046,1007,975
"300","25",1595,1620,1699,1785,1864,2011,2105,2149,2156,2187,2075,2050,2010,2002,1947,1984,1882,1849,1778,1722,1712,1535,1443,1382,1332
"300","26",2249,2223,2348,2472,2565,2644,2815,2900,2893,2904,2949,2802,2772,2720,2713,2641,2695,2560,2519,2425,2353,2344,2105,1984,1903
"300","27",2933,2954,2979,3174,3322,3424,3504,3685,3665,3661,3681,3744,3562,3530,3471,3468,3382,3458,3291,3246,3132,3046,3041,2739,2588
"300","28",3659,3628,3683,3760,3997,4172,4287,4404,4527,4515,4524,4562,4654,4444,4419,4360,4372,4280,4392,4197,4157,4029,3936,3948,3574
"300","29",4351,4292,4259,4382,4474,4755,4959,5116,5108,5266,5268,5296,5359,5485,5256,5245,5194,5228,5139,5293,5080,5053,4918,4827,4863
"300","30",5119,4873,4791,4821,4965,5075,5396,5690,5736,5745,5938,5959,6010,6100,6264,6023,6031,5993,6053,5971,6172,5947,5937,5803,5718
"300","31",5848,5483,5187,5178,5219,5386,5516,5927,6087,6153,6177,6401,6441,6515,6630,6828,6585,6613,6592,6677,6607,6850,6621,6631,6502
"300","32",6428,5971,5553,5340,5347,5407,5597,5837,6123,6315,6404,6454,6714,6782,6886,7037,7274,7045,7104,7109,7230,7184,7479,7259,7301
"300","33",6411,6289,5785,5467,5281,5308,5388,5628,5714,6015,6221,6332,6404,6685,6777,6906,7082,7347,7143,7228,7260,7410,7389,7718,7519
"300","34",6038,6054,5885,5494,5215,5057,5104,5259,5380,5478,5776,5990,6112,6197,6484,6590,6732,6920,7197,7014,7115,7164,7329,7326,7669
"300","35",5269,5448,5442,5368,5030,4794,4672,4775,4783,4904,5004,5286,5493,5616,5706,5982,6093,6238,6426,6696,6540,6647,6706,6874,6885
"300","36",4363,4491,4666,4741,4696,4421,4238,4163,4143,4163,4270,4367,4622,4811,4928,5017,5269,5376,5514,5690,5940,5813,5919,5982,6142
"300","37",3168,3520,3681,3906,3996,3983,3776,3619,3471,3467,3483,3577,3665,3883,4047,4150,4231,4449,4546,4669,4824,5042,4942,5038,5099
"300","38",2257,2420,2779,2983,3200,3304,3320,3148,2957,2854,2847,2867,2949,3028,3212,3354,3446,3518,3706,3793,3902,4039,4228,4151,4238
"300","39",1513,1604,1829,2172,2367,2574,2683,2709,2489,2348,2262,2260,2278,2344,2409,2557,2672,2746,2806,2958,3030,3119,3231,3385,3326
"300","40",934,937,1105,1330,1620,1806,1994,2105,2038,1877,1765,1702,1700,1713,1762,1811,1922,2008,2064,2108,2222,2276,2344,2428,2543
"300","41",600,577,666,817,989,1210,1352,1433,1431,1396,1283,1211,1171,1173,1185,1222,1259,1339,1402,1444,1479,1562,1603,1654,1716
"300","42",511,503,534,593,683,781,912,945,990,998,971,897,850,825,829,840,869,898,957,1005,1038,1066,1128,1161,1201
"300","43",385,395,397,416,444,492,542,578,600,631,634,617,571,540,524,527,534,553,571,610,640,661,679,719,740
"300","44",229,227,227,233,246,264,295,298,334,347,364,366,356,330,312,303,305,309,320,331,353,371,383,394,417
"300","45",132,131,126,129,133,141,153,154,174,197,204,215,216,211,195,185,180,182,184,191,198,211,222,230,237
"300","46",71,75,74,73,74,77,83,84,92,105,118,124,131,132,129,121,115,112,113,115,120,124,133,141,146
"300","47",36,41,44,44,43,44,46,47,54,59,67,76,79,84,85,83,77,73,72,72,74,77,79,85,90
"300","48",22,24,26,29,30,29,29,25,26,30,33,37,41,43,45,45,44,41,39,38,38,39,40,41,44
"310","16",1,1,1,1,1,1,1,1,1,1,1,1,1,1,1,1,1,1,1,1,1,1,1,1,1
"310","17",2,2,2,2,2,2,2,2,2,2,2,2,2,1,1,1,1,1,1,1,1,1,1,1,1
"310","18",4,5,4,4,4,4,4,4,4,4,4,4,4,4,3,3,3,3,3,3,3,3,3,3,3
"310","19",9,10,10,10,9,9,9,9,9,9,8,8,8,7,7,7,7,7,7,7,7,6,6,6,6
"310","20",17,17,17,18,18,17,17,16,16,16,15,15,14,14,13,13,12,12,12,12,12,11,11,11,10
"310","21",26,27,26,27,28,28,27,26,26,26,25,25,24,23,22,22,21,21,20,20,20,20,19,19,18
"310","22",36,39,40,40,41,43,42,42,41,41,41,40,39,38,36,36,35,35,34,34,34,34,33,33,32
"310","23",55,52,56,58,58,61,63,63,63,63,61,61,60,59,59,57,57,56,56,55,55,55,55,54,54
"310","24",77,78,75,82,85,85,89,92,93,93,91,89,89,88,87,87,84,85,83,84,82,83,83,83,83
"310","25",106,114,116,113,121,125,126,131,135,136,133,130,128,128,127,125,124,122,122,120,120,119,119,119,119
"310","26",141,144,155,159,157,168,173,175,181,186,183,179,177,174,174,173,171,170,167,167,165,166,164,164,164
"310","27",169,174,182,197,203,202,215,222,225,233,234,231,227,226,223,224,223,221,221,218,219,217,219,217,218
"310","28",201,207,216,228,248,256,256,272,281,286,289,290,288,285,284,281,283,283,282,282,279,281,281,283,282
"310","29",247,247,257,272,287,311,321,323,342,354,351,355,357,356,353,352,350,353,353,353,354,351,354,354,357
"310","30",289,297,301,317,335,353,381,394,396,419,422,419,424,427,425,423,422,421,425,425,425,427,425,429,429
"310","31",311,328,342,351,371,391,412,443,458,461,474,478,475,481,485,484,482,482,481,486,487,488,490,489,494
"310","32",341,337,359,379,391,412,434,457,490,507,498,511,516,514,521,525,526,524,525,525,531,533,535,539,538
"310","33",335,358,358,384,407,420,442,465,489,523,526,518,532,537,537,543,549,550,549,551,552,558,561,564,568
"310","34",349,348,373,377,405,427,441,464,487,511,530,534,527,540,545,545,551,557,558,558,560,561,568,571,574
"310","35",344,354,356,383,388,415,437,450,472,495,504,522,525,518,530,535,534,540,545,547,546,548,549,555,558
"310","36",316,328,339,344,370,375,400,420,432,452,460,468,483,486,480,490,494,494,499,504,505,505,506,507,513
"310","37",278,282,295,307,312,334,339,360,378,388,395,402,408,421,423,418,427,431,431,436,440,441,441,442,443
"310","38",236,240,245,257,268,272,291,295,313,328,328,333,339,344,354,356,353,360,363,363,367,371,372,372,374
"310","39",192,203,207,212,223,232,235,251,254,269,273,273,277,281,285,293,295,292,298,300,300,303,306,306,306
"310","40",154,157,166,170,175,183,190,193,205,207,213,216,216,218,221,224,230,231,229,233,235,235,237,239,239
"310","41",105,112,115,123,126,129,135,140,142,151,148,152,154,154,156,158,161,165,166,164,167,168,169,170,172
"310","42",71,70,75,78,83,85,88,92,95,97,100,98,101,103,103,104,106,108,111,111,110,113,114,114,116
"310","43",43,45,46,49,51,54,55,57,60,62,61,63,62,64,65,65,66,67,69,71,71,71,72,73,73
"310","44",24,26,27,28,30,31,33,34,35,36,36,36,37,37,38,39,39,39,40,41,42,42,42,43,43
"310","45",14,15,16,17,17,18,19,20,20,21,21,21,21,22,22,22,23,23,23,24,24,25,25,25,25
"310","46",9,9,10,10,11,11,12,12,13,13,13,13,14,13,14,14,14,14,14,15,15,15,15,16,15
"310","47",5,5,5,6,6,6,6,7,7,8,8,8,8,8,8,8,8,8,8,8,8,9,9,9,9
"310","48",3,3,3,3,4,4,4,4,4,4,5,5,5,5,5,5,5,5,5,5,5,5,5,5,6
"320","16",1,1,1,1,1,1,0,0,0,0,0,0,0,0,0,0,0,0,0,0,0,0,0,0,0
"320","17",2,2,2,2,2,1,1,1,1,1,1,1,1,1,1,1,1,1,1,1,1,1,1,1,1
"320","18",7,7,6,5,5,5,4,3,3,3,3,3,3,2,2,2,2,2,2,2,2,2,2,2,2
"320","19",19,17,15,13,12,12,11,9,7,7,7,7,6,6,6,6,5,5,5,5,5,5,5,4,4
"320","20",39,36,31,28,24,22,22,20,17,14,13,13,12,12,12,11,11,10,10,9,9,9,9,8,8
"320","21",62,60,55,48,44,38,35,35,32,28,23,21,21,21,20,20,18,18,17,17,16,16,15,15,15
"320","22",90,83,78,74,67,61,53,50,50,46,41,35,32,32,32,30,30,28,29,28,27,26,25,25,25
"320","23",118,113,104,100,96,88,81,72,68,69,64,57,50,46,47,46,45,45,42,43,42,41,39,39,38
"320","24",159,151,141,132,129,125,115,106,95,90,91,86,77,68,64,64,64,62,62,59,59,58,57,55,54
"320","25",195,198,184,175,166,162,157,144,133,120,114,115,108,97,87,82,83,82,79,79,75,76,74,73,70
"320","26",259,226,225,213,205,195,192,186,171,160,144,138,140,132,120,108,103,103,102,99,99,95,96,93,92
"320","27",293,282,243,246,236,231,221,219,213,198,186,170,164,166,159,146,133,127,128,127,124,125,120,121,119
"320","28",311,308,291,258,265,258,253,245,243,238,224,212,196,190,194,187,174,160,154,156,156,153,154,149,151
"320","29",291,318,309,300,270,280,275,271,264,264,260,246,236,220,215,220,214,200,186,181,183,184,182,183,179
"320","30",276,293,312,310,305,279,290,286,284,278,278,276,263,254,239,235,241,235,222,208,203,207,208,206,209
"320","31",291,276,286,312,313,311,286,298,295,294,289,291,289,278,269,256,252,259,254,241,228,224,228,230,229
"320","32",284,286,267,283,310,314,313,290,303,300,300,297,300,299,289,282,268,266,274,269,257,245,241,246,249
"320","33",264,272,269,257,274,302,307,307,286,299,298,299,296,300,301,292,285,273,272,280,276,265,254,251,256
"320","34",269,265,267,269,259,277,305,310,310,289,303,302,303,301,305,306,297,291,280,278,286,283,272,261,258
"320","35",270,278,267,273,276,267,285,313,317,317,296,309,308,309,306,310,310,301,295,283,281,289,285,274,263
"320","36",291,255,256,250,257,261,253,269,294,298,298,279,291,289,290,288,291,291,283,277,266,264,271,267,257
"320","37",241,258,221,226,223,230,233,226,240,262,265,265,248,259,258,258,256,259,259,252,246,237,235,241,238
"320","38",234,213,222,195,200,198,204,206,200,212,231,233,233,219,227,226,227,225,227,227,220,215,207,206,210
"320","39",195,203,181,192,169,174,171,176,178,172,182,198,200,199,187,194,193,193,191,192,192,186,182,175,173
"320","40",172,165,168,152,161,143,146,144,147,148,143,151,163,164,164,153,159,157,157,155,155,154,150,146,140
"320","41",143,137,128,133,121,128,113,116,113,116,116,112,118,127,128,127,119,122,121,120,118,118,118,114,111
"320","42",103,106,99,95,99,90,95,84,86,84,86,86,83,87,93,93,93,87,89,88,87,86,86,85,82
"320","43",66,70,70,68,65,67,61,65,57,58,57,58,58,56,59,63,63,62,58,60,59,58,57,57,57
"320","44",43,42,43,44,43,41,42,39,41,36,37,36,36,36,35,37,39,39,39,36,37,36,36,35,35
"320","45",21,26,25,26,27,26,25,26,24,25,22,22,22,22,22,21,22,24,24,23,22,22,22,22,21
"320","46",16,12,15,14,15,16,15,14,15,14,14,13,13,13,13,13,12,13,14,14,14,13,13,13,13
"320","47",7,9,7,8,8,9,9,9,8,9,8,8,7,7,7,7,7,7,7,8,8,8,7,8,7
"320","48",5,5,7,5,6,6,6,6,6,6,6,6,6,5,5,5,5,5,5,5,6,6,5,5,5
"330","16",1,1,1,1,1,1,1,1,1,1,1,1,1,1,1,1,1,1,1,1,1,1,1,1,1
"330","17",4,4,4,4,3,3,3,2,2,2,2,2,2,2,2,2,2,2,2,2,2,2,2,2,2
"330","18",16,14,13,13,12,11,10,9,7,7,7,6,7,6,6,6,6,6,6,6,6,6,6,6,5
"330","19",42,41,36,36,34,34,30,27,24,20,19,18,17,17,17,17,16,16,15,15,15,15,14,14,13
"330","20",94,86,84,76,76,73,72,64,58,51,42,41,39,38,37,36,35,34,33,32,32,31,30,29,28
"330","21",161,148,136,138,127,128,123,122,109,100,89,75,73,69,68,67,65,63,62,60,58,57,56,55,53
"330","22",219,219,201,193,198,186,189,183,183,165,153,138,119,116,111,108,107,105,102,101,99,97,95,93,92
"330","23",310,276,276,264,258,270,256,261,255,256,235,220,202,177,175,167,163,162,159,156,155,153,150,148,146
"330","24",406,376,335,345,337,334,348,332,339,332,334,309,292,270,241,236,226,222,221,217,213,212,210,206,204
"330","25",497,478,439,404,420,414,410,425,406,413,405,407,378,359,334,297,291,280,275,273,268,263,261,258,254
"330","26",585,553,528,502,471,495,489,485,502,482,491,482,485,455,434,404,363,357,345,339,337,332,327,326,323
"330","27",663,624,589,583,566,543,571,567,566,587,569,581,575,581,551,525,492,450,444,432,427,426,422,418,418
"330","28",714,702,662,648,653,646,625,659,659,661,689,672,690,687,698,660,634,601,556,551,540,536,537,534,532
"330","29",804,765,750,732,730,747,743,724,764,768,773,807,793,816,817,823,784,758,723,676,673,662,660,663,662
"330","30",878,849,806,816,808,816,837,836,818,863,869,879,917,905,933,926,935,895,870,836,787,785,776,776,781
"330","31",898,891,859,844,865,868,879,903,904,890,938,949,961,1004,996,1016,1012,1023,985,961,929,881,882,874,876
"330","32",896,877,868,868,864,896,903,917,944,949,938,990,1004,1022,1069,1052,1075,1073,1087,1053,1032,1002,956,960,956
"330","33",880,848,830,851,861,867,901,910,927,957,965,959,1012,1030,1051,1087,1074,1099,1100,1117,1086,1069,1042,1000,1007
"330","34",818,815,786,797,826,844,853,887,899,918,948,959,956,1010,1030,1040,1077,1067,1092,1096,1114,1087,1072,1049,1011
"330","35",748,739,736,737,754,788,806,816,850,863,883,913,926,925,978,987,997,1032,1024,1049,1054,1072,1048,1037,1017
"330","36",689,659,652,672,678,699,730,748,758,790,802,821,850,863,864,901,910,920,951,945,968,973,989,969,959
"330","37",622,599,573,586,608,617,635,663,679,688,716,728,745,770,782,774,806,814,822,850,844,864,868,882,865
"330","38",532,527,508,503,517,539,546,563,586,600,608,632,643,657,679,681,674,701,707,714,737,732,748,752,763
"330","39",456,443,439,437,435,449,466,473,486,506,517,523,543,551,563,574,575,569,591,595,600,618,614,626,628
"330","40",376,365,354,362,362,361,371,385,390,400,415,423,428,443,449,452,460,460,455,471,473,477,490,486,495
"330","41",287,275,267,268,276,276,275,283,293,296,303,314,320,324,335,335,337,343,342,338,350,351,353,363,360
"330","42",189,193,186,187,189,195,195,195,200,207,209,215,222,227,229,234,234,236,240,240,237,245,246,248,254
"330","43",127,123,126,125,126,128,132,132,132,135,140,142,145,150,153,153,156,156,157,160,160,158,163,164,165
"330","44",81,81,79,83,83,84,85,87,87,87,89,92,93,95,98,98,98,100,100,100,101,101,100,103,103
"330","45",47,48,48,48,51,51,52,52,53,53,53,54,56,57,58,59,59,59,60,60,60,61,61,60,61
"330","46",26,25,26,27,27,29,29,29,30,30,30,30,31,32,32,33,34,34,34,34,34,35,35,35,35
"330","47",13,14,14,15,16,16,17,17,17,17,18,18,18,18,19,19,19,20,20,20,20,20,20,21,21
"330","48",9,9,10,10,11,11,11,12,12,12,12,13,13,13,13,13,13,13,14,14,14,14,14,14,14
"340","16",0,0,0,0,0,0,0,0,0,0,0,0,0,1,1,1,1,1,1,1,1,1,1,1,1
"340","17",2,1,1,1,1,1,1,1,1,1,1,1,1,1,1,1,1,1,1,1,1,1,1,1,1
"340","18",7,6,6,5,5,5,6,6,6,6,5,5,5,5,4,4,4,4,4,4,4,4,4,4,3
"340","19",17,15,13,13,12,12,12,13,13,12,12,11,11,11,10,9,9,9,9,8,8,8,8,7,7
"340","20",28,24,21,21,21,20,20,20,21,21,20,20,18,18,17,16,15,15,14,14,13,13,12,12,12
"340","21",39,38,31,31,32,32,30,31,30,32,32,31,31,29,28,27,25,23,23,23,22,21,21,20,19
"340","22",51,50,47,44,44,46,46,45,46,45,48,48,47,47,44,43,42,40,37,37,37,35,35,34,33
"340","23",72,64,60,63,61,62,65,65,64,66,66,69,70,69,69,66,64,63,60,57,57,57,55,54,53
"340","24",99,93,80,83,88,86,87,91,92,90,93,93,98,99,98,98,93,91,89,86,82,82,81,79,78
"340","25",138,128,115,109,114,121,119,120,125,126,123,126,127,133,134,131,130,124,121,118,115,110,110,108,105
"340","26",174,159,144,140,135,143,151,149,150,156,157,155,159,160,167,167,163,162,156,153,150,146,141,141,140
"340","27",197,188,168,164,163,161,170,179,178,181,188,191,190,196,198,204,205,202,201,195,192,190,186,181,182
"340","28",237,216,201,195,194,197,195,206,218,218,223,232,237,237,245,246,254,255,253,253,247,245,243,240,234
"340","29",275,263,235,234,231,234,238,237,251,265,267,273,285,292,293,300,302,311,314,312,314,307,306,304,301
"340","30",314,300,280,268,271,271,275,280,281,296,312,316,324,338,347,346,353,356,367,370,370,372,366,365,364
"340","31",352,325,303,301,293,300,301,306,312,314,331,349,354,365,381,386,387,395,399,412,416,416,420,414,414
"340","32",367,349,316,313,316,311,319,321,328,336,339,358,378,384,396,409,416,417,427,432,446,452,453,458,454
"340","33",370,362,337,323,324,329,326,334,338,346,355,359,379,400,409,417,430,438,440,451,457,472,478,480,486
"340","34",414,366,350,343,332,335,341,339,348,352,360,370,376,396,418,422,430,444,452,454,465,471,486,492,495
"340","35",464,411,357,357,352,344,347,353,351,360,364,372,382,388,408,424,428,436,448,456,458,468,473,487,493
"340","36",443,433,377,344,346,343,335,338,343,342,350,354,363,372,377,392,406,409,416,427,434,435,444,449,461
"340","37",404,379,364,334,307,310,308,301,304,309,308,316,320,327,336,337,349,362,364,370,380,385,387,394,398
"340","38",341,330,305,308,285,263,266,265,259,262,267,266,273,277,283,287,288,298,309,311,316,324,329,330,336
"340","39",277,270,256,249,253,235,218,221,219,215,218,222,221,227,230,233,236,237,245,253,255,259,266,270,271
"340","40",211,213,204,204,199,203,188,175,177,176,173,175,178,178,182,182,184,187,187,193,200,201,204,209,211
"340","41",156,157,156,157,158,154,157,146,136,137,136,134,135,137,137,139,139,140,142,142,146,151,151,153,157
"340","42",111,107,106,111,112,113,110,112,105,97,98,98,96,97,99,98,99,99,100,101,101,104,107,108,109
"340","43",69,68,65,68,71,72,73,71,72,68,63,64,64,63,63,64,63,64,64,65,65,66,67,69,70
"340","44",39,40,39,39,41,43,44,44,43,44,41,39,39,39,38,38,39,38,39,39,39,39,40,41,42
"340","45",24,24,24,24,25,26,27,27,27,27,27,26,24,24,24,23,23,24,23,24,24,24,24,24,25
"340","46",16,16,15,16,17,17,18,18,19,19,18,18,17,16,16,16,15,15,15,15,15,15,15,15,15
"340","47",10,10,10,10,11,11,11,11,12,12,12,12,12,11,10,10,10,10,10,10,10,10,10,10,10
"340","48",7,7,6,7,7,7,8,8,8,8,8,8,8,8,8,7,7,7,7,7,7,6,6,6,6
