"ModerFodregion","Alder","00000781 2024","00000781 2025","00000781 2026","00000781 2027","00000781 2028","00000781 2029","00000781 2030","00000781 2031","00000781 2032","00000781 2033","00000781 2034","00000781 2035","00000781 2036","00000781 2037","00000781 2038","00000781 2039","00000781 2040","00000781 2041","00000781 2042","00000781 2043","00000781 2044","00000781 2045","00000781 2046","00000781 2047","00000781 2048","00000781 2049","00000781 2050"
"300","16",18,17,18,17,16,16,16,15,15,13,13,13,12,12,11,10,10,9,9,9,9,8,8,8,8,8,8
"300","17",37,37,36,36,34,33,32,32,30,27,25,24,22,21,20,18,16,15,13,12,11,10,9,8,8,7,6
"300","18",80,79,78,77,77,72,70,68,67,52,52,48,47,44,42,41,35,32,30,28,26,24,23,21,20,18,17
"300","19",173,176,173,171,169,169,158,153,148,127,121,122,113,109,102,97,94,81,74,68,63,58,53,50,46,42,38
"300","20",339,333,339,333,328,324,324,303,294,268,261,248,247,228,219,204,192,184,159,143,130,118,108,97,88,79,70
"300","21",568,564,558,568,559,552,547,549,515,474,458,449,429,430,400,385,363,343,333,290,265,243,225,208,192,179,166
"300","22",841,851,855,846,862,851,843,839,846,785,769,747,737,710,717,672,654,622,595,584,515,477,445,419,397,374,358
"300","23",1015,1055,1077,1064,1072,1117,1131,1150,1177,1184,1119,1101,1076,1067,1033,1049,989,968,927,893,884,787,735,693,659,631,603
"300","24",1181,1190,1231,1212,1269,1322,1426,1493,1568,1648,1671,1585,1565,1534,1526,1483,1512,1431,1408,1354,1310,1303,1166,1096,1039,995,960
"300","25",1569,1601,1589,1599,1703,1790,1867,2014,2107,2151,2155,2187,2076,2051,2011,2002,1947,1985,1880,1851,1782,1725,1717,1539,1447,1374,1316
"300","26",2242,2219,2242,2192,2351,2477,2572,2648,2819,2904,2895,2904,2950,2803,2772,2722,2713,2641,2697,2558,2521,2431,2358,2350,2111,1989,1892
"300","27",3031,2946,2922,2916,2979,3179,3329,3433,3510,3690,3669,3664,3681,3744,3564,3531,3473,3467,3382,3460,3289,3248,3139,3052,3048,2746,2595
"300","28",3978,3707,3645,3578,3687,3760,4003,4181,4298,4412,4533,4520,4528,4562,4655,4446,4419,4362,4371,4280,4394,4194,4160,4038,3943,3957,3583
"300","29",4989,4579,4336,4233,4258,4386,4474,4761,4969,5129,5117,5273,5274,5301,5358,5486,5259,5246,5197,5227,5138,5296,5076,5056,4929,4835,4875
"300","30",6045,5469,5106,4807,4790,4820,4970,5075,5403,5701,5751,5754,5947,5965,6015,6099,6264,6026,6031,5996,6052,5970,6176,5942,5941,5816,5728
"300","31",6652,6316,5827,5415,5189,5177,5219,5391,5515,5934,6098,6168,6187,6410,6448,6520,6629,6828,6588,6613,6595,6676,6606,6853,6616,6636,6516
"300","32",6819,6587,6403,5889,5560,5341,5346,5406,5602,5836,6131,6326,6420,6464,6723,6789,6891,7035,7275,7048,7104,7112,7229,7183,7482,7254,7306
"300","33",6466,6448,6383,6201,5786,5473,5281,5307,5387,5633,5713,6022,6232,6347,6414,6694,6784,6911,7081,7348,7145,7228,7263,7408,7388,7721,7513
"300","34",5894,5899,6014,5968,5884,5494,5221,5057,5103,5258,5385,5477,5783,6001,6126,6206,6492,6596,6737,6919,7197,7016,7115,7166,7327,7324,7673
"300","35",4732,5164,5247,5371,5439,5366,5031,4799,4672,4774,4782,4908,5003,5292,5503,5629,5714,5990,6099,6242,6424,6696,6542,6647,6709,6873,6884
"300","36",3714,3952,4345,4429,4664,4738,4695,4421,4243,4163,4142,4163,4274,4367,4627,4820,4940,5024,5275,5381,5518,5689,5940,5815,5919,5984,6141
"300","37",2750,2965,3157,3471,3681,3905,3994,3982,3776,3623,3472,3466,3482,3580,3665,3887,4054,4160,4237,4454,4550,4672,4823,5043,4943,5038,5100
"300","38",2000,2117,2247,2387,2779,2983,3199,3302,3319,3148,2961,2854,2846,2867,2951,3027,3216,3360,3454,3523,3710,3796,3905,4038,4228,4152,4238
"300","39",1415,1473,1508,1582,1830,2171,2367,2573,2681,2708,2489,2351,2262,2259,2277,2345,2408,2560,2676,2753,2810,2962,3032,3121,3230,3385,3327
"300","40",915,945,931,925,1106,1331,1620,1806,1993,2103,2038,1877,1767,1702,1700,1713,1763,1811,1924,2011,2068,2111,2225,2278,2345,2427,2543
"300","41",584,621,598,570,667,817,990,1210,1352,1432,1430,1395,1283,1212,1171,1173,1185,1223,1259,1340,1404,1447,1481,1564,1604,1655,1716
"300","42",508,502,509,496,534,593,683,782,912,945,990,997,971,897,851,825,829,840,869,898,958,1007,1041,1067,1130,1162,1201
"300","43",405,389,383,390,397,417,444,492,542,578,600,631,633,617,571,541,524,527,534,553,571,610,641,663,680,720,741
"300","44",233,234,228,224,227,233,247,264,295,298,333,347,364,365,356,330,312,303,305,309,320,331,353,371,384,394,417
"300","45",121,129,132,129,126,129,133,141,153,154,174,197,204,214,216,211,195,185,180,182,184,191,198,212,223,231,237
"300","46",62,65,70,74,74,73,74,77,83,84,92,105,118,123,130,132,129,120,115,112,113,115,120,124,134,141,146
"300","47",35,35,36,40,44,44,43,44,46,47,54,59,67,76,79,84,85,83,77,74,72,72,74,77,79,85,90
"300","48",23,22,22,23,26,29,30,29,29,25,26,30,33,37,41,43,45,45,44,41,39,38,38,39,40,41,44
"310","16",1,1,1,1,1,1,1,1,1,1,1,1,1,1,1,1,1,1,1,1,1,1,1,1,1,1,1
"310","17",2,2,2,2,2,2,2,2,2,2,2,2,2,2,2,2,2,2,2,1,1,1,1,1,1,1,1
"310","18",5,5,5,5,5,4,4,4,4,4,4,4,4,4,4,4,4,4,4,4,3,3,3,3,3,3,3
"310","19",10,10,9,10,10,10,10,10,9,10,9,9,9,9,8,8,8,8,8,7,7,7,7,6,6,6,6
"310","20",17,18,17,17,18,18,18,17,17,17,17,17,16,16,15,15,14,14,13,13,13,12,12,11,11,11,10
"310","21",28,26,27,27,27,28,29,28,27,27,27,27,27,26,25,24,24,23,23,22,22,21,20,20,19,19,18
"310","22",39,39,37,40,40,41,42,43,43,42,43,42,42,41,40,39,38,38,37,37,36,36,35,34,34,33,33
"310","23",54,53,53,53,57,58,59,62,64,64,63,65,63,63,62,61,60,59,59,58,58,57,57,56,56,55,54
"310","24",78,74,73,76,77,83,84,86,90,93,93,94,93,91,91,91,89,89,88,87,86,87,86,85,85,84,83
"310","25",115,111,106,110,114,116,123,125,127,133,136,137,134,133,130,131,130,128,127,125,125,124,124,123,122,121,121
"310","26",154,152,146,148,153,159,161,169,172,176,183,188,184,180,179,176,177,176,174,173,171,171,170,170,169,168,168
"310","27",190,185,182,186,188,195,202,206,217,221,227,236,236,233,229,228,226,227,226,225,224,223,223,222,223,222,223
"310","28",224,224,218,227,233,237,245,255,260,274,280,288,291,292,290,287,287,285,287,287,286,286,285,287,286,288,288
"310","29",261,266,264,272,283,291,297,308,320,327,344,353,353,358,360,358,355,356,354,357,358,357,358,358,360,360,364
"310","30",316,305,308,324,334,347,357,364,378,392,401,421,420,421,427,429,428,425,427,425,429,430,431,432,432,435,436
"310","31",339,350,336,359,377,388,404,415,424,440,456,467,477,476,478,484,487,486,484,486,486,491,493,494,496,497,501
"310","32",363,357,365,372,397,416,429,446,459,469,487,505,504,514,514,517,524,528,528,526,530,530,536,539,541,544,546
"310","33",377,370,361,390,398,424,444,457,476,490,501,520,525,524,535,536,539,547,551,552,551,555,556,563,567,570,574
"310","34",370,377,368,381,410,418,444,464,478,497,511,523,527,532,532,542,543,547,554,559,560,560,564,565,572,576,579
"310","35",371,363,367,379,391,420,428,453,472,486,504,518,515,519,523,523,532,533,536,543,548,548,548,552,553,560,563
"310","36",347,342,333,355,366,377,403,411,434,452,464,481,480,478,481,485,484,492,493,496,502,506,506,506,510,511,516
"310","37",291,298,292,302,321,330,340,363,370,390,405,416,419,418,416,419,422,422,429,430,432,438,441,442,442,445,446
"310","38",248,242,246,255,263,279,287,296,315,321,337,351,350,353,352,351,353,356,355,361,362,364,369,372,373,373,376
"310","39",197,205,199,214,221,228,241,248,255,271,275,289,291,291,292,292,290,292,294,294,299,299,301,304,307,307,307
"310","40",164,156,161,165,177,183,188,198,203,208,220,224,228,230,229,230,230,228,229,231,230,234,234,235,238,239,240
"310","41",114,115,109,119,122,130,134,138,145,149,153,162,160,163,164,164,164,164,163,164,165,165,168,168,169,171,172
"310","42",71,73,73,74,80,82,88,91,93,99,101,104,107,106,108,109,109,110,110,109,110,111,111,113,114,115,116
"310","43",43,44,45,48,48,52,54,57,59,61,64,66,66,68,67,68,69,69,70,70,70,70,71,71,73,73,74
"310","44",26,25,25,27,29,29,32,32,35,36,37,39,39,39,40,39,40,41,41,41,41,41,42,42,42,43,43
"310","45",15,15,14,15,17,18,18,19,20,21,22,22,23,23,23,23,23,24,24,24,24,24,24,25,25,25,25
"310","46",9,9,10,10,10,11,12,12,13,13,14,14,14,14,14,14,15,15,15,15,15,15,15,15,15,16,16
"310","47",5,5,5,6,6,6,6,7,7,7,7,8,8,8,8,8,8,8,8,9,9,9,9,9,9,9,9
"310","48",3,3,3,3,3,3,4,4,4,4,5,5,5,5,5,5,5,5,5,5,5,5,5,5,6,6,6
"320","16",1,1,1,1,1,1,1,1,0,0,0,0,0,0,0,0,0,0,0,0,0,0,0,0,0,0,0
"320","17",3,3,2,2,2,2,2,2,1,1,1,1,1,1,1,1,1,1,1,1,1,1,1,1,1,1,1
"320","18",9,8,7,6,6,5,5,5,4,3,3,3,3,3,3,2,2,2,2,2,2,2,2,2,2,2,2
"320","19",22,20,18,16,15,13,12,12,11,9,8,7,7,7,6,6,6,6,5,5,5,5,5,5,5,4,4
"320","20",45,40,37,35,31,28,24,22,23,21,18,15,14,13,13,12,12,11,11,10,10,10,9,9,9,9,8
"320","21",72,66,61,58,54,49,44,39,36,36,33,29,24,22,22,21,20,20,18,18,17,17,17,16,16,15,15
"320","22",101,91,89,83,79,74,67,62,54,50,51,47,42,36,34,33,32,31,31,29,29,27,27,27,26,26,25
"320","23",122,121,115,113,106,102,97,88,82,73,69,70,65,58,51,48,48,47,46,45,43,43,41,41,40,40,39
"320","24",177,149,156,149,146,137,132,126,116,108,97,91,93,87,79,70,66,66,64,63,63,59,59,57,56,56,55
"320","25",231,214,190,197,187,184,172,165,158,145,135,122,115,117,110,100,89,85,85,82,81,80,76,75,73,72,71
"320","26",273,256,250,222,230,220,216,203,195,187,173,162,147,139,142,134,123,111,106,105,103,101,100,96,95,92,92
"320","27",272,283,281,275,246,256,246,242,229,222,214,199,188,173,165,169,161,149,136,131,131,128,127,126,121,121,118
"320","28",266,273,299,298,293,265,276,268,265,253,247,240,225,215,199,192,197,190,177,163,158,159,157,155,155,150,151
"320","29",285,260,281,309,309,306,280,292,285,284,273,268,262,248,238,223,217,223,217,204,190,185,186,185,184,185,180
"320","30",286,273,264,285,313,315,313,288,302,296,296,286,283,278,265,256,242,236,244,238,226,212,208,210,209,209,211
"320","31",276,273,276,268,289,317,319,318,295,310,305,306,298,295,291,280,272,259,254,262,257,245,232,228,231,231,232
"320","32",282,260,271,274,267,288,317,320,320,299,314,310,312,305,304,301,291,284,272,268,277,272,261,248,245,249,250
"320","33",260,258,251,262,266,260,281,309,312,314,294,310,307,310,304,304,302,293,288,276,273,283,279,269,257,255,260
"320","34",302,249,260,254,265,269,264,284,311,315,317,298,313,311,314,309,309,308,299,294,283,280,289,286,276,264,263
"320","35",291,297,260,270,263,274,278,272,292,319,322,323,304,319,316,320,314,314,312,303,297,286,283,292,288,278,267
"320","36",303,262,281,246,256,250,259,263,257,276,300,303,304,286,300,297,300,295,295,293,284,279,269,266,273,270,261
"320","37",255,256,234,250,220,228,223,231,234,229,245,266,269,270,255,267,265,267,262,262,260,253,248,239,236,243,240
"320","38",233,216,228,208,222,196,203,198,205,207,203,217,235,237,237,224,234,232,234,230,229,228,221,217,209,207,212
"320","39",209,193,189,198,182,193,170,176,172,178,179,175,186,201,203,203,192,200,198,199,195,194,192,187,183,176,174
"320","40",177,170,165,161,168,154,163,144,148,144,148,149,146,154,166,167,166,157,163,161,162,158,157,155,150,147,141
"320","41",132,135,136,132,128,134,122,129,114,117,114,117,117,114,120,129,129,129,122,126,124,124,121,120,118,114,111
"320","42",101,94,101,102,99,96,100,91,96,85,87,84,86,86,84,89,95,95,94,89,92,90,90,88,87,85,82
"320","43",56,66,65,69,70,67,65,68,62,65,57,59,57,58,58,57,60,64,64,63,60,61,60,60,59,58,57
"320","44",47,34,42,41,44,44,43,41,43,39,41,36,37,36,37,37,36,37,40,40,39,37,38,37,37,36,36
"320","45",22,28,21,26,25,27,27,26,25,26,24,25,22,23,22,22,22,22,23,24,24,24,22,23,22,22,22
"320","46",13,12,16,12,15,14,15,15,15,14,15,14,14,13,13,13,13,13,13,13,14,14,14,13,13,13,13
"320","47",7,7,7,9,7,8,8,9,9,9,8,9,8,8,7,8,7,7,7,7,8,8,8,8,8,8,8
"320","48",5,5,5,5,7,5,6,6,6,6,6,6,6,6,6,5,5,5,5,5,5,5,6,6,6,5,5
"330","16",1,1,1,1,1,1,1,1,1,1,1,1,1,1,1,1,1,1,1,1,1,1,1,1,1,1,1
"330","17",5,4,4,4,4,4,4,3,3,3,3,2,2,2,2,2,2,2,2,2,2,2,2,2,2,2,2
"330","18",16,15,15,14,14,13,13,12,11,10,8,8,8,7,7,7,7,7,7,7,6,6,6,6,6,6,5
"330","19",47,42,40,41,38,38,36,36,32,30,26,22,21,20,19,19,19,18,17,17,17,16,15,15,14,14,13
"330","20",97,95,90,87,88,81,81,77,77,68,63,56,47,46,43,42,41,40,38,37,35,34,33,32,30,29,28
"330","21",160,151,154,148,143,145,135,135,130,129,116,108,96,82,80,77,74,73,71,68,65,64,62,60,58,56,54
"330","22",226,214,211,219,212,207,211,197,199,193,193,175,164,149,129,127,123,118,116,114,109,106,104,102,99,96,93
"330","23",297,279,277,278,291,284,279,285,270,274,267,269,247,235,215,191,189,182,176,174,171,166,163,160,157,153,150
"330","24",381,356,350,353,355,371,363,358,366,349,354,347,349,324,309,287,258,253,244,238,235,232,226,221,218,214,210
"330","25",485,449,436,433,437,437,454,444,437,446,425,430,422,424,396,378,353,316,310,300,292,288,284,277,272,268,263
"330","26",549,535,517,511,508,512,513,532,522,515,525,503,509,501,504,474,456,424,384,378,366,358,354,350,342,337,333
"330","27",619,576,587,580,576,576,583,588,610,603,598,612,591,601,595,602,572,548,515,472,467,456,448,446,442,435,430
"330","28",683,643,629,653,649,649,653,665,673,701,697,696,715,697,711,709,721,683,660,625,581,577,567,560,560,558,552
"330","29",751,717,707,707,736,736,739,747,763,775,809,808,811,836,820,839,841,847,809,786,750,704,702,692,687,688,688
"330","30",815,780,780,783,785,818,820,827,837,856,872,910,912,918,947,934,958,952,960,922,900,864,816,816,808,804,808
"330","31",869,814,814,828,834,839,875,880,889,903,925,944,986,992,1002,1036,1025,1042,1037,1049,1012,992,958,911,914,908,906
"330","32",859,833,818,833,850,860,868,906,914,927,944,969,992,1038,1048,1062,1100,1081,1100,1099,1113,1080,1063,1032,987,993,989
"330","33",823,799,810,810,828,847,860,871,910,922,937,957,985,1010,1059,1072,1090,1117,1102,1123,1125,1142,1112,1099,1071,1031,1038
"330","34",805,751,762,786,789,809,829,843,856,896,909,927,948,978,1005,1054,1070,1077,1105,1093,1115,1119,1138,1112,1101,1077,1040
"330","35",750,715,698,721,745,749,769,790,805,819,858,873,891,913,943,970,1018,1023,1031,1058,1048,1070,1076,1094,1072,1063,1042
"330","36",666,651,648,644,665,688,694,713,733,747,761,797,811,829,850,878,904,937,942,949,974,966,986,992,1009,989,982
"330","37",597,572,583,589,586,605,625,630,647,665,678,691,722,735,751,770,795,809,837,841,848,869,862,880,884,899,882
"330","38",518,500,500,516,522,519,536,554,558,573,588,600,610,638,649,663,679,692,704,727,730,736,753,748,762,765,777
"330","39",450,428,430,435,449,453,451,465,479,483,495,507,516,525,548,557,568,574,584,593,612,614,618,631,626,637,639
"330","40",352,357,353,359,363,374,377,374,384,395,398,407,416,423,429,446,453,456,460,467,473,487,488,490,500,495,503
"330","41",268,256,269,270,275,277,285,287,285,292,300,302,308,315,320,325,337,338,340,343,348,352,361,362,363,370,366
"330","42",176,178,177,190,191,194,196,201,203,201,207,212,213,218,223,227,230,236,237,238,240,243,246,253,254,255,259
"330","43",112,113,119,120,129,129,131,133,136,137,136,140,144,144,147,151,153,153,157,158,158,160,162,164,168,168,169
"330","44",74,72,75,80,80,86,86,87,88,90,90,90,92,94,94,96,98,98,98,100,100,101,101,102,103,106,106
"330","45",41,44,44,46,49,50,53,53,54,54,55,55,55,56,57,58,59,59,59,59,60,60,60,61,61,62,63
"330","46",22,22,24,24,26,28,28,30,30,30,31,31,32,31,32,33,33,33,34,34,34,35,35,35,35,35,36
"330","47",12,12,13,14,14,15,16,16,17,17,18,18,18,19,18,19,19,19,20,20,20,20,20,20,21,21,21
"330","48",8,8,9,9,10,10,11,12,12,12,12,13,13,13,13,13,13,13,13,13,14,14,14,14,14,14,14
"340","16",0,0,0,0,0,0,0,0,0,0,0,0,0,0,1,1,1,1,1,1,1,1,1,1,1,1,1
"340","17",1,1,1,1,1,1,1,1,1,1,1,1,1,1,1,1,1,1,1,1,1,1,1,1,1,1,1
"340","18",6,6,6,6,6,6,6,6,6,6,6,6,5,5,5,5,5,5,4,4,4,4,4,4,4,4,3
"340","19",14,14,14,13,13,13,13,13,13,14,14,13,13,12,11,11,10,10,10,9,9,9,8,8,8,7,7
"340","20",22,22,22,22,22,22,22,21,21,21,22,22,21,20,19,18,18,17,16,15,15,14,14,13,13,12,12
"340","21",33,33,33,33,33,33,33,33,31,31,32,34,33,32,31,29,29,27,26,25,24,23,22,22,21,20,20
"340","22",47,46,46,46,47,48,47,48,48,46,46,47,50,50,49,48,45,44,42,41,40,38,37,36,35,34,34
"340","23",65,63,61,62,63,65,66,66,67,68,66,66,68,72,72,71,70,67,66,64,62,60,58,57,56,55,54
"340","24",95,91,87,86,87,89,91,92,92,94,95,93,94,97,102,102,101,99,95,93,90,88,86,84,82,81,80
"340","25",132,131,124,121,119,121,123,125,126,126,128,129,126,127,130,136,137,134,131,126,123,120,117,114,111,109,107
"340","26",170,160,158,153,149,148,150,152,155,157,157,160,161,159,160,164,171,170,167,164,158,156,152,148,146,143,140
"340","27",191,191,180,181,176,174,173,177,180,184,187,188,192,196,194,196,202,209,209,206,203,197,195,192,189,186,184
"340","28",226,218,217,209,212,208,207,208,212,217,223,228,230,236,242,241,246,251,259,260,257,255,250,248,245,242,241
"340","29",272,260,250,253,246,251,248,248,250,256,263,271,277,281,290,297,298,301,307,317,319,317,316,310,309,307,304
"340","30",313,309,293,288,292,285,291,289,289,293,301,309,319,327,333,343,352,351,354,362,374,376,375,374,369,369,367
"340","31",331,335,328,317,313,318,313,320,319,320,325,335,345,356,366,374,386,392,392,396,405,418,422,422,422,418,419
"340","32",382,340,341,340,331,328,334,330,339,339,342,348,359,371,384,396,405,415,422,422,428,438,453,458,459,461,457
"340","33",427,387,343,350,349,342,340,348,345,354,355,360,367,380,392,407,420,426,436,444,445,452,463,478,484,486,489
"340","34",428,432,388,351,359,359,352,351,359,357,367,369,374,382,396,409,424,433,439,449,457,459,466,477,492,498,501
"340","35",453,437,435,399,362,369,370,363,362,370,369,378,381,386,394,407,421,431,439,444,453,461,462,469,479,493,499
"340","36",425,437,416,420,386,352,359,359,353,352,360,358,367,370,375,383,395,403,412,419,423,432,439,439,445,454,466
"340","37",369,376,382,370,374,344,315,321,322,317,317,323,323,331,333,338,345,352,359,366,372,377,384,390,390,395,403
"340","38",298,312,315,324,314,318,294,270,275,276,272,272,278,278,285,288,292,295,301,306,312,318,321,327,332,333,337
"340","39",235,244,253,259,267,259,262,242,223,228,228,226,226,231,231,237,239,240,242,247,251,256,261,264,268,272,273
"340","40",184,189,193,203,207,213,207,209,194,179,183,183,181,181,185,185,190,189,190,191,195,198,202,205,207,211,214
"340","41",140,143,145,150,157,161,165,160,162,150,139,141,141,140,140,143,143,144,144,144,145,147,150,152,154,156,158
"340","42",93,100,101,103,107,112,115,118,114,116,108,100,101,102,100,101,103,101,103,102,102,103,105,106,108,110,111
"340","43",58,60,63,65,66,69,72,74,76,74,75,70,65,66,66,65,66,66,66,66,66,66,67,68,69,70,71
"340","44",33,35,36,39,39,40,42,44,45,46,45,45,42,39,40,40,40,40,40,40,40,40,40,40,41,42,42
"340","45",20,21,22,22,24,25,25,26,27,28,29,28,28,26,24,25,25,24,24,24,24,24,24,24,24,25,25
"340","46",13,14,14,15,16,17,17,17,18,19,19,19,19,19,18,16,17,16,16,16,16,16,16,16,16,16,16
"340","47",8,9,9,9,10,10,11,11,11,12,12,12,12,12,12,11,11,11,10,10,10,10,10,10,10,10,10
"340","48",6,6,6,6,7,7,7,8,8,8,8,8,8,9,8,8,8,7,7,7,7,7,7,7,7,7,7
