Region,Kon,Alder,000005QD 2021,000005QD 2022,000005QD 2023,000005QD 2024,000005QC 2021,000005QC 2022,000005QC 2023,000005QC 2024,000005QA 2021,000005QA 2022,000005QA 2023,000005QA 2024,000005QE 2021,000005QE 2022,000005QE 2023,000005QE 2024,000005QF 2021,000005QF 2022,000005QF 2023,000005QF 2024,000005QG 2021,000005QG 2022,000005QG 2023,000005QG 2024,000005QH 2021,000005QH 2022,000005QH 2023,000005QH 2024
2580,1,0,367,362,358,358,367,362,358,358,2,2,2,2,9,8,8,8,10,9,9,9,3,3,3,3,0,0,0,0
2580,1,1,397,372,366,362,0,0,0,0,0,0,0,0,17,17,15,15,17,16,15,15,5,5,5,5,1,1,1,1
2580,1,2,407,402,377,371,0,0,0,0,0,0,0,0,16,17,16,16,15,14,12,12,3,3,3,3,1,1,2,2
2580,1,3,393,413,408,380,0,0,0,0,0,0,0,0,15,16,16,13,12,12,13,13,5,5,5,5,2,3,2,2
2580,1,4,399,397,418,411,0,0,0,0,0,0,0,0,15,14,14,13,12,12,12,12,4,4,4,5,2,2,1,3
2580,1,5,437,401,399,421,0,0,0,0,0,0,0,0,13,12,12,13,10,11,11,11,3,3,3,3,2,2,2,2
2580,1,6,420,441,402,401,0,0,0,0,0,0,0,0,10,12,10,10,8,8,9,9,3,3,3,3,2,3,3,2
2580,1,7,458,420,443,403,0,0,0,0,0,0,0,0,9,8,10,8,9,8,8,8,3,3,3,3,3,3,3,2
2580,1,8,430,456,419,441,0,0,0,0,0,0,0,0,9,7,10,8,11,8,11,11,3,3,3,3,2,4,3,2
2580,1,9,398,428,455,417,0,0,0,0,0,0,0,0,7,7,7,8,7,9,7,9,4,3,3,3,4,3,4,4
2580,1,10,450,394,427,453,0,0,0,0,0,0,0,0,9,6,7,6,8,8,8,7,2,2,3,3,4,4,3,4
2580,1,11,449,451,392,426,0,0,0,0,0,0,0,0,8,8,7,7,7,6,6,7,2,1,1,2,2,2,4,3
2580,1,12,443,450,450,393,0,0,0,0,0,0,0,0,8,9,9,8,6,7,7,6,1,1,1,2,2,2,4,3
2580,1,13,443,443,450,450,0,0,0,0,0,0,0,0,8,7,7,8,6,5,6,6,1,1,1,1,2,3,2,3
2580,1,14,453,443,445,449,0,0,0,0,0,0,0,0,6,7,7,6,6,6,5,6,1,1,1,1,3,2,1,2
2580,1,15,430,453,445,445,0,0,0,0,0,0,0,0,6,6,6,5,5,6,5,6,2,2,2,2,2,2,1,1
2580,1,16,421,432,453,445,0,0,0,0,0,0,0,0,6,7,6,6,7,5,6,7,2,2,2,2,0,2,2,1
2580,1,17,417,436,449,469,0,0,0,0,0,0,0,0,20,21,22,21,7,9,9,9,4,3,4,4,0,0,0,0
2580,1,18,442,459,478,493,0,0,0,0,0,0,0,0,57,57,57,60,17,17,17,18,4,4,4,4,1,2,2,2
2580,1,19,494,531,548,560,0,0,0,0,1,1,1,1,119,123,123,122,33,34,36,39,3,3,5,3,1,2,2,3
2580,1,20,659,585,619,640,0,0,0,0,1,1,1,1,148,150,152,157,71,60,64,66,3,3,3,3,1,1,2,1
2580,1,21,750,706,645,677,0,0,0,0,1,1,1,1,145,140,142,145,100,93,83,87,3,3,3,3,1,2,1,2
2580,1,22,783,755,716,664,0,0,0,0,1,1,1,1,127,118,116,116,119,116,109,99,5,5,5,5,1,1,1,2
2580,1,23,696,759,732,694,0,0,0,0,1,1,1,1,96,103,96,92,118,131,124,117,6,6,6,5,1,1,0,1
2580,1,24,631,654,714,685,0,0,0,0,1,1,1,1,77,77,85,77,115,123,133,128,7,7,7,7,2,2,3,2
2580,1,25,609,594,609,660,0,0,0,0,1,1,1,1,69,66,67,70,116,109,116,128,8,8,7,8,2,1,2,3
2580,1,26,589,573,560,573,0,0,0,0,1,1,1,1,63,61,59,60,100,102,98,101,8,8,8,8,2,2,2,2
2580,1,27,617,566,548,536,0,0,0,0,1,1,1,1,63,57,53,51,91,85,82,80,8,8,8,8,3,2,3,2
2580,1,28,608,601,551,530,0,0,0,0,1,1,1,1,56,54,48,45,74,75,68,67,8,8,8,8,3,2,2,3
2580,1,29,645,602,594,546,0,0,0,0,1,1,1,1,54,50,47,44,67,62,61,56,9,9,9,8,2,2,1,0
2580,1,30,650,641,598,590,0,0,0,0,1,1,1,1,50,48,44,44,57,58,55,56,10,10,10,10,2,3,2,1
2580,1,31,594,650,637,600,0,0,0,0,2,1,1,1,45,46,43,42,46,52,52,46,9,9,9,9,2,2,3,2
2580,1,32,596,594,647,635,0,0,0,0,1,1,1,1,38,38,39,38,41,41,45,44,7,7,7,7,2,3,3,2
2580,1,33,584,596,595,645,0,0,0,0,1,1,1,1,35,33,34,36,36,37,38,42,8,8,8,8,3,3,2,3
2580,1,34,545,587,597,599,0,0,0,0,1,1,1,1,27,31,31,33,30,31,33,32,6,6,6,6,4,2,2,2
2580,1,35,535,542,587,597,0,0,0,0,1,1,1,1,24,24,26,26,27,28,29,29,6,6,6,6,4,4,2,2
2580,1,36,491,535,542,584,0,0,0,0,1,1,1,1,23,24,23,24,23,25,25,29,6,6,6,6,4,4,3,3
2580,1,37,487,491,537,544,0,0,0,0,1,1,1,1,20,21,23,22,22,21,23,23,5,5,5,6,3,4,2,2
2580,1,38,488,488,492,536,0,0,0,0,1,1,1,1,18,20,20,21,17,18,19,21,3,3,3,3,2,3,2,3
2580,1,39,453,491,488,492,0,0,0,0,1,1,1,1,17,16,16,17,14,15,17,17,5,5,5,4,1,2,3,3
2580,1,40,465,456,493,489,0,0,0,0,1,1,1,1,14,15,14,16,13,13,13,15,4,5,5,4,2,3,3,3
2580,1,41,491,467,460,494,0,0,0,0,1,1,1,1,12,15,16,15,13,13,13,15,4,4,4,4,2,3,2,2
2580,1,42,438,490,468,459,0,0,0,0,1,1,1,1,10,11,12,12,12,13,13,14,4,4,4,4,0,2,1,2
2580,1,43,449,437,488,467,0,0,0,0,1,1,1,1,10,10,10,11,12,12,13,12,4,4,3,3,3,2,1,2
2580,1,44,448,446,435,482,0,0,0,0,1,2,1,3,8,10,9,9,10,11,10,12,3,3,3,3,3,3,3,3
2580,1,45,488,445,444,432,0,0,0,0,2,2,2,1,7,8,10,7,11,9,10,9,3,3,3,3,2,3,3,3
2580,1,46,483,485,441,439,0,0,0,0,2,2,2,2,9,7,6,6,9,9,9,10,3,3,3,3,3,2,2,2
2580,1,47,496,483,483,437,0,0,0,0,1,2,2,2,7,10,7,6,9,9,9,9,3,3,3,3,1,2,1,2
2580,1,48,491,493,480,479,0,0,0,0,1,1,1,1,7,7,6,6,8,10,9,9,2,2,2,2,1,1,1,2
2580,1,49,483,490,491,479,0,0,0,0,1,1,1,1,6,7,7,8,10,9,10,10,2,2,2,2,1,0,0,0
2580,1,50,499,482,489,489,0,0,0,0,1,1,1,1,9,9,8,8,9,9,8,10,1,1,1,1,1,1,1,0
2580,1,51,498,501,481,487,0,0,0,0,3,1,1,1,8,10,9,6,9,9,10,7,3,3,2,2,2,1,1,2
2580,1,52,497,494,499,479,0,0,0,0,2,3,1,1,7,7,8,8,10,9,10,10,3,2,2,2,1,1,1,1
2580,1,53,510,496,493,498,0,0,0,0,1,2,1,2,8,8,8,8,8,8,9,9,2,2,2,2,0,1,1,0
2580,1,54,592,507,492,491,0,0,0,0,3,2,3,2,7,6,6,8,9,8,8,9,2,2,2,2,1,1,1,1
2580,1,55,531,590,507,492,0,0,0,0,3,3,2,3,9,8,8,8,8,9,8,7,4,4,4,4,1,2,2,2
2580,1,56,556,531,589,505,0,0,0,0,3,3,3,3,9,10,10,8,7,7,8,7,2,2,2,2,2,2,2,2
2580,1,57,541,553,529,585,0,0,0,0,3,3,3,3,9,10,10,9,8,9,8,9,1,1,1,1,3,2,2,2
2580,1,58,533,536,546,525,0,0,0,0,4,3,3,3,6,7,7,7,8,8,10,7,1,1,1,1,1,2,2,2
2580,1,59,497,526,527,538,0,0,0,0,5,4,5,4,6,6,6,6,8,9,10,9,2,2,2,2,3,2,2,3
2580,1,60,420,490,519,520,0,0,0,0,3,4,4,4,3,4,3,4,6,8,8,8,2,2,3,3,1,1,1,2
2580,1,61,451,414,482,510,0,0,0,0,4,4,4,4,3,4,4,3,7,7,9,9,1,2,2,2,2,1,1,1
2580,1,62,433,443,407,473,0,0,0,0,3,4,3,3,4,3,3,4,6,7,7,8,1,1,1,1,1,1,1,3
2580,1,63,445,427,434,398,0,0,0,0,4,2,3,3,4,4,3,4,8,7,8,8,0,0,0,0,1,1,1,2
2580,1,64,432,437,421,425,0,0,0,0,3,4,3,3,4,5,4,3,7,8,6,7,0,0,0,0,1,1,1,2
2580,1,65,413,424,431,418,0,0,0,0,4,4,4,3,5,4,5,5,8,8,8,6,2,2,2,2,1,2,1,1
2580,1,66,396,407,418,425,0,0,0,0,4,3,4,4,4,5,5,5,7,9,7,8,2,2,2,2,1,1,2,1
2580,1,67,438,391,403,412,0,0,0,0,5,3,3,4,4,4,4,4,8,6,6,6,1,2,2,2,1,2,1,2
2580,1,68,406,430,385,397,0,0,0,0,5,5,3,4,3,3,3,3,6,6,6,5,0,0,0,0,0,0,0,0
2580,1,69,400,398,421,380,0,0,0,0,4,5,5,3,3,2,2,3,5,5,6,5,0,0,0,0,0,0,0,0
2580,1,70,390,394,392,414,0,0,0,0,6,4,5,5,3,3,3,3,4,5,4,4,0,0,0,0,0,0,0,1
2580,1,71,420,382,389,386,0,0,0,0,7,6,4,6,4,4,4,4,5,6,5,4,0,0,0,0,0,0,0,0
2580,1,72,421,412,375,383,0,0,0,0,9,8,7,7,6,5,5,6,5,5,5,5,0,0,0,0,0,0,0,0
2580,1,73,393,414,404,368,0,0,0,0,7,8,9,7,5,5,5,4,5,4,4,4,0,0,0,0,0,0,0,0
2580,1,74,397,384,404,394,0,0,0,0,9,8,9,10,3,3,3,4,3,4,4,4,0,0,0,0,0,0,0,0
2580,1,75,376,388,376,395,0,0,0,0,9,10,9,10,4,4,4,4,2,3,3,3,0,0,0,0,0,0,0,0
2580,1,76,381,369,379,367,0,0,0,0,10,9,10,10,3,4,4,4,3,2,3,3,0,0,0,0,0,0,0,0
2580,1,77,318,370,360,370,0,0,0,0,9,12,11,11,3,3,4,4,2,2,2,2,0,0,0,0,0,0,0,0
2580,1,78,333,307,357,348,0,0,0,0,13,11,13,12,2,2,2,2,2,2,2,2,0,0,0,0,0,0,0,0
2580,1,79,304,319,294,343,0,0,0,0,13,13,12,13,2,1,1,1,2,2,2,2,0,0,0,0,0,0,0,0
2580,2,0,343,338,334,332,346,343,339,337,2,2,2,2,7,6,6,6,10,10,10,10,3,3,3,3,1,2,2,2
2580,2,1,370,345,340,335,0,0,0,0,0,0,0,0,17,15,14,15,18,17,16,17,5,5,5,4,1,1,1,1
2580,2,2,378,372,347,342,0,0,0,0,0,0,0,0,13,13,13,13,15,14,13,13,4,4,4,4,1,1,2,2
2580,2,3,393,384,377,351,0,0,0,0,0,0,0,0,16,17,15,14,13,13,12,11,4,4,4,4,2,2,2,3
2580,2,4,390,395,387,379,0,0,0,0,0,0,0,0,14,13,13,13,12,12,11,12,3,4,4,4,3,3,3,3
2580,2,5,400,390,398,390,0,0,0,0,0,0,0,0,11,12,11,11,10,12,9,9,3,3,3,3,2,3,2,2
2580,2,6,371,400,391,399,0,0,0,0,0,0,0,0,8,8,8,7,9,8,8,8,3,3,3,3,4,3,2,1
2580,2,7,429,368,398,390,0,0,0,0,0,0,0,0,6,6,6,7,8,8,8,8,3,3,3,3,2,4,3,3
2580,2,8,391,428,370,397,0,0,0,0,0,0,0,0,6,6,6,6,8,8,6,8,3,3,3,3,2,2,1,2
2580,2,9,369,391,425,370,0,0,0,0,0,0,0,0,6,6,6,6,6,7,9,6,3,3,3,4,3,2,3,4
2580,2,10,416,372,393,426,0,0,0,0,0,0,0,0,7,7,7,7,7,6,6,8,3,3,3,3,0,1,2,1
2580,2,11,392,418,374,394,0,0,0,0,0,0,0,0,7,8,8,7,6,6,6,6,1,1,1,1,1,1,1,1
2580,2,12,429,397,422,376,0,0,0,0,0,0,0,0,9,9,9,8,8,6,6,6,2,2,2,1,2,0,1,1
2580,2,13,401,430,400,424,0,0,0,0,0,0,0,0,7,8,8,8,6,7,6,6,1,1,1,1,1,1,0,1
2580,2,14,408,403,429,402,0,0,0,0,0,0,0,0,7,7,7,7,6,5,8,5,1,1,1,1,1,1,1,1
2580,2,15,423,405,403,427,0,0,0,0,0,0,0,0,6,4,5,6,8,6,6,8,1,1,1,1,1,2,0,1
2580,2,16,417,419,402,401,0,0,0,0,0,0,0,0,6,6,6,4,10,9,8,6,1,1,1,1,2,2,2,1
2580,2,17,389,417,419,404,0,0,0,0,0,0,0,0,15,13,12,14,10,12,12,12,1,1,1,1,2,2,1,1
2580,2,18,410,405,430,434,0,0,0,0,0,0,0,0,39,37,36,37,22,21,23,23,2,2,2,3,2,2,2,2
2580,2,19,401,448,446,466,0,0,0,0,0,0,0,0,77,79,81,81,38,43,42,46,3,3,3,3,1,1,1,2
2580,2,20,491,446,489,489,0,0,0,0,0,0,0,0,96,102,105,107,68,60,67,66,4,4,4,4,2,1,1,2
2580,2,21,497,509,476,513,0,0,0,0,0,0,0,0,98,97,99,102,81,82,74,81,5,4,5,5,1,1,0,2
2580,2,22,460,499,508,483,0,0,0,0,0,0,0,0,82,84,83,86,79,86,88,83,5,5,5,5,0,1,1,1
2580,2,23,433,451,488,495,0,0,0,0,0,0,0,0,70,71,73,72,78,84,89,90,5,6,6,6,0,2,1,1
2580,2,24,473,419,435,468,0,0,0,0,0,0,0,0,65,62,63,65,93,82,85,91,8,8,8,8,2,2,2,2
2580,2,25,447,448,405,417,0,0,0,0,0,0,0,0,58,56,54,55,82,86,76,79,8,8,9,8,2,3,1,2
2580,2,26,468,432,430,391,0,0,0,0,0,0,0,0,57,52,50,47,79,73,74,66,8,8,8,8,3,2,2,3
2580,2,27,458,460,422,418,0,0,0,0,0,0,0,0,53,51,44,43,63,65,58,59,8,8,8,8,2,2,4,4
2580,2,28,512,459,457,421,0,0,0,0,0,0,0,0,50,46,43,38,57,50,52,46,9,9,9,9,3,4,3,2
2580,2,29,542,515,466,460,0,0,0,0,0,0,0,0,45,43,41,38,49,46,41,42,8,8,9,9,0,2,2,2
2580,2,30,542,549,518,471,0,0,0,0,0,0,0,0,40,40,38,36,40,40,39,34,7,7,7,7,1,0,3,4
2580,2,31,512,547,551,521,0,0,0,0,0,1,0,0,36,35,34,34,32,33,35,33,7,7,7,7,2,3,4,5
2580,2,32,515,518,553,553,0,0,0,0,1,1,1,1,30,31,32,32,26,28,30,31,7,7,7,7,3,3,2,5
2580,2,33,515,520,524,556,0,0,0,0,1,1,1,1,26,26,27,27,26,24,25,26,7,7,7,7,3,3,2,4
2580,2,34,486,517,525,526,0,0,0,0,1,1,0,1,20,23,22,22,23,24,21,23,6,6,7,7,4,2,3,3
2580,2,35,462,487,516,526,0,0,0,0,1,1,1,1,19,20,19,20,19,20,21,21,5,5,5,5,2,3,3,2
2580,2,36,436,462,488,516,0,0,0,0,1,1,1,0,15,16,17,17,15,17,18,19,5,5,5,5,3,3,2,3
2580,2,37,456,439,463,490,0,0,0,0,1,1,1,1,14,14,16,17,15,14,16,16,5,5,5,5,2,1,3,3
2580,2,38,416,454,440,467,0,0,0,0,1,1,1,1,12,12,13,16,12,15,13,14,4,4,4,4,3,2,2,1
2580,2,39,429,419,458,445,0,0,0,0,1,1,0,0,13,13,13,13,12,11,13,11,4,4,4,5,1,2,0,2
2580,2,40,431,431,422,459,0,0,0,0,1,1,0,1,12,12,11,13,11,11,11,12,4,4,4,4,1,2,1,3
2580,2,41,424,433,429,420,0,0,0,0,0,1,1,1,10,13,10,9,11,12,13,11,4,4,4,4,3,2,2,3
2580,2,42,435,424,436,427,0,0,0,0,1,1,1,1,9,9,12,7,10,10,9,10,4,4,3,4,2,2,2,2
2580,2,43,419,434,422,437,0,0,0,0,1,1,1,1,10,9,7,9,9,11,10,8,4,4,4,3,2,2,2,2
2580,2,44,425,418,434,422,0,0,0,0,1,1,1,1,10,9,8,9,9,9,9,10,3,3,3,3,2,3,1,1
2580,2,45,425,423,417,435,0,0,0,0,1,1,1,1,9,6,6,8,8,10,9,9,3,4,4,4,1,1,1,1
2580,2,46,464,427,422,417,0,0,0,0,1,1,1,1,9,10,8,8,9,9,11,9,3,3,3,3,1,1,0,1
2580,2,47,469,465,426,420,0,0,0,0,1,1,1,1,9,9,8,9,9,9,9,11,3,3,3,3,3,1,2,2
2580,2,48,484,466,466,424,0,0,0,0,1,1,1,1,9,9,10,8,9,10,10,11,2,2,3,3,1,3,1,1
2580,2,49,502,483,470,466,0,0,0,0,2,2,0,1,12,11,13,12,9,9,9,9,1,1,1,1,3,2,1,3
2580,2,50,488,504,484,471,0,0,0,0,1,1,1,1,11,13,11,11,8,9,8,8,1,1,1,1,2,2,2,2
2580,2,51,535,488,503,484,0,0,0,0,1,1,1,1,10,11,11,11,9,9,10,9,1,1,1,1,2,2,2,2
2580,2,52,480,532,485,500,0,0,0,0,1,1,1,1,9,9,8,9,9,10,9,10,1,1,1,1,2,2,2,2
2580,2,53,535,474,530,480,0,0,0,0,1,1,1,1,6,6,7,6,10,9,11,10,1,1,3,2,2,3,0,2
2580,2,54,507,531,469,524,0,0,0,0,1,2,1,2,7,7,6,6,9,9,9,10,1,1,1,1,3,1,2,1
2580,2,55,569,505,527,466,0,0,0,0,2,1,2,2,8,8,7,7,11,9,9,9,1,1,1,2,1,1,1,1
2580,2,56,548,561,500,522,0,0,0,0,1,2,3,2,7,7,7,7,10,11,9,8,0,0,0,0,1,2,0,2
2580,2,57,569,547,559,497,0,0,0,0,2,1,1,2,8,8,9,8,12,9,10,10,1,1,1,1,2,0,1,0
2580,2,58,473,562,540,553,0,0,0,0,2,3,2,1,6,6,6,8,9,10,11,12,1,1,1,1,1,1,1,2
2580,2,59,481,469,557,537,0,0,0,0,2,2,3,2,5,5,6,6,7,8,8,8,1,1,1,1,0,0,1,0
2580,2,60,432,479,465,550,0,0,0,0,1,3,2,3,5,7,5,5,6,7,8,9,1,1,1,1,0,0,0,1
2580,2,61,459,430,472,462,0,0,0,0,2,3,3,2,7,6,5,5,8,5,9,6,0,0,0,0,0,0,0,0
2580,2,62,442,454,425,467,0,0,0,0,3,2,2,3,6,4,3,5,8,7,6,7,0,0,0,0,0,0,0,0
2580,2,63,427,436,450,423,0,0,0,0,2,3,2,2,5,7,6,6,6,9,7,6,0,0,0,0,1,1,1,0
2580,2,64,464,422,431,446,0,0,0,0,3,2,2,2,6,5,6,5,8,7,8,7,0,0,0,0,1,1,1,0
2580,2,65,481,458,417,426,0,0,0,0,5,3,2,3,4,5,5,6,9,7,7,7,0,0,0,0,1,1,1,1
2580,2,66,421,472,453,411,0,0,0,0,4,4,3,3,5,5,5,5,6,9,6,7,0,0,0,0,1,1,1,1
2580,2,67,415,416,465,448,0,0,0,0,5,4,5,3,4,4,4,3,6,5,6,5,0,0,0,0,1,0,0,0
2580,2,68,436,410,414,460,0,0,0,0,3,5,3,5,4,4,5,5,4,4,4,5,0,0,0,0,0,0,0,0
2580,2,69,427,431,408,411,0,0,0,0,5,5,3,3,4,4,5,4,4,4,4,4,0,0,0,0,0,0,0,0
2580,2,70,443,423,427,404,0,0,0,0,5,5,4,5,4,5,4,4,4,4,4,3,0,0,0,0,0,0,0,0
2580,2,71,431,437,419,424,0,0,0,0,7,7,5,4,4,4,4,4,3,3,3,3,0,0,0,0,0,0,0,0
2580,2,72,427,425,431,414,0,0,0,0,7,7,6,7,3,4,3,4,2,3,3,2,0,0,0,0,0,0,0,0
2580,2,73,460,421,418,424,0,0,0,0,6,6,8,7,3,2,3,2,2,2,2,2,0,0,0,0,0,0,0,0
2580,2,74,436,453,413,411,0,0,0,0,8,7,7,6,4,4,3,3,4,4,4,4,0,0,0,0,0,0,0,0
2580,2,75,440,429,446,406,0,0,0,0,9,8,8,8,4,5,4,4,3,4,3,3,0,0,0,0,0,0,0,0
2580,2,76,428,433,424,440,0,0,0,0,9,8,7,8,4,4,5,5,3,3,3,3,0,0,0,0,0,0,0,0
2580,2,77,381,421,426,417,0,0,0,0,9,9,9,8,4,4,4,4,2,2,2,3,0,0,0,0,0,0,0,0
2580,2,78,365,373,413,418,0,0,0,0,9,10,10,10,4,4,4,4,2,2,2,2,0,0,0,0,0,0,0,0
2580,2,79,318,354,362,403,0,0,0,0,10,10,11,11,2,2,3,4,2,3,3,3,0,0,0,0,0,0,0,0
2582,1,0,127,122,119,117,129,124,120,118,0,0,0,0,3,3,3,3,6,6,5,5,1,1,1,1,0,0,0,0
2582,1,1,132,129,124,121,0,0,0,0,0,0,0,0,8,8,8,8,9,8,8,8,2,2,2,2,0,0,0,0
2582,1,2,161,134,129,124,0,0,0,0,0,0,0,0,7,7,5,5,11,8,8,8,3,3,3,3,0,0,0,0
2582,1,3,125,159,134,131,0,0,0,0,0,0,0,0,5,5,5,5,5,10,8,6,3,3,3,3,0,0,0,0
2582,1,4,154,126,159,135,0,0,0,0,0,0,0,0,4,4,4,4,6,5,6,5,1,2,2,2,0,0,0,0
2582,1,5,151,154,127,158,0,0,0,0,0,0,0,0,4,4,4,4,5,5,4,6,1,1,1,1,0,0,0,0
2582,1,6,164,152,154,127,0,0,0,0,0,0,0,0,4,4,4,3,6,4,5,4,1,1,1,1,0,0,0,0
2582,1,7,131,162,149,153,0,0,0,0,0,0,0,0,3,3,3,3,6,5,6,4,1,1,1,1,1,1,1,1
2582,1,8,153,132,161,149,0,0,0,0,0,0,0,0,3,3,3,3,3,3,4,3,1,1,1,1,1,0,1,1
2582,1,9,152,155,134,163,0,0,0,0,0,0,0,0,4,4,4,4,6,3,3,3,1,1,1,1,0,0,0,0
2582,1,10,144,152,157,135,0,0,0,0,0,0,0,0,4,4,4,4,5,6,3,4,2,2,1,1,0,0,0,0
2582,1,11,151,143,150,157,0,0,0,0,0,0,0,0,2,2,2,2,6,4,5,3,1,1,1,1,0,0,0,0
2582,1,12,149,147,141,149,0,0,0,0,0,0,0,0,2,2,2,2,6,6,4,4,0,0,0,1,0,0,0,0
2582,1,13,146,147,145,140,0,0,0,0,0,0,0,0,2,2,2,2,5,4,4,3,0,0,0,0,0,0,0,0
2582,1,14,165,145,148,146,0,0,0,0,0,0,0,0,3,3,3,3,5,5,3,3,1,1,1,1,0,0,0,0
2582,1,15,157,163,143,147,0,0,0,0,0,0,0,0,2,2,3,2,7,5,6,4,1,1,1,1,0,0,0,0
2582,1,16,139,156,164,142,0,0,0,0,0,0,0,0,4,4,4,4,4,6,4,6,1,1,1,1,0,0,0,0
2582,1,17,156,140,155,165,0,0,0,0,0,0,0,0,5,5,5,5,5,5,7,5,1,1,1,1,0,0,0,0
2582,1,18,134,157,141,156,0,0,0,0,0,0,0,0,8,8,8,8,9,9,9,9,2,2,2,2,0,0,0,0
2582,1,19,145,135,159,144,0,0,0,0,0,0,0,0,12,13,14,14,13,14,14,13,2,2,2,2,0,0,0,0
2582,1,20,170,149,141,164,0,0,0,0,0,0,0,0,22,21,23,23,28,19,19,20,2,2,2,3,0,0,0,1
2582,1,21,199,169,151,146,0,0,0,0,0,0,0,0,28,26,25,26,39,30,25,23,3,3,3,3,1,0,1,1
2582,1,22,171,188,163,151,0,0,0,0,0,0,0,0,26,25,22,23,42,38,31,26,3,3,3,3,0,1,0,0
2582,1,23,164,162,180,158,0,0,0,0,0,0,0,0,25,23,23,21,35,36,35,29,4,4,4,3,0,0,0,0
2582,1,24,174,157,157,173,0,0,0,0,0,0,0,0,20,21,23,21,34,32,32,32,4,4,4,4,0,0,0,0
2582,1,25,146,168,153,149,0,0,0,0,0,0,0,0,19,20,20,21,28,30,27,32,4,4,4,4,1,0,1,1
2582,1,26,155,143,160,147,0,0,0,0,0,0,0,0,19,19,17,18,26,25,28,27,4,4,4,4,1,1,1,1
2582,1,27,199,150,141,154,0,0,0,0,0,0,0,0,19,16,17,16,34,24,22,25,4,4,4,4,2,1,1,1
2582,1,28,193,193,148,141,0,0,0,0,0,0,0,0,18,17,15,14,29,28,21,19,5,5,5,5,0,0,1,0
2582,1,29,211,188,186,145,0,0,0,0,0,0,0,0,17,17,15,14,29,25,24,19,4,4,4,4,1,1,2,2
2582,1,30,225,207,185,183,0,0,0,0,0,0,0,0,16,16,16,15,27,23,22,21,4,4,4,4,1,1,1,1
2582,1,31,204,218,202,182,0,0,0,0,0,0,0,0,13,13,13,12,23,24,20,18,4,4,3,4,1,0,1,1
2582,1,32,181,200,213,199,0,0,0,0,0,0,0,0,13,12,12,12,19,18,19,17,3,3,3,3,1,1,1,1
2582,1,33,182,180,199,211,0,0,0,0,0,0,0,0,12,12,12,12,16,16,16,17,3,3,3,3,0,0,0,0
2582,1,34,175,180,179,197,0,0,0,0,0,0,0,0,10,11,12,11,16,14,14,13,3,3,3,2,2,2,2,2
2582,1,35,156,172,178,176,0,0,0,0,0,0,0,0,11,10,10,10,14,14,13,14,2,2,2,2,1,1,1,1
2582,1,36,171,152,170,178,0,0,0,0,0,0,0,0,7,7,7,9,13,12,11,10,2,2,2,2,1,1,0,1
2582,1,37,136,170,152,169,0,0,0,0,0,0,0,0,7,7,7,8,8,10,9,10,2,2,2,2,1,0,0,1
2582,1,38,159,138,170,152,0,0,0,0,0,0,0,0,6,7,7,7,8,7,9,9,2,2,2,2,0,0,0,0
2582,1,39,156,157,140,170,0,0,0,0,0,0,0,0,6,6,6,6,11,10,6,8,2,2,2,2,0,0,0,0
2582,1,40,161,155,158,142,0,0,0,0,0,0,0,0,6,6,6,6,9,9,7,6,2,2,2,2,0,0,0,0
2582,1,41,156,161,153,158,0,0,0,0,0,0,0,0,5,5,6,5,7,7,9,7,2,2,2,2,0,0,1,0
2582,1,42,145,156,158,153,0,0,0,0,0,0,0,0,4,5,4,6,7,7,8,7,2,2,2,2,0,0,1,1
2582,1,43,163,141,154,156,0,0,0,0,0,0,0,0,4,4,4,4,7,8,7,7,1,1,1,1,0,1,0,0
2582,1,44,131,163,141,155,0,0,0,0,0,0,0,0,4,5,5,5,5,6,6,5,1,1,1,1,0,0,0,0
2582,1,45,149,131,163,140,0,0,0,0,0,0,0,0,5,3,5,4,6,4,6,6,1,1,1,1,0,0,0,0
2582,1,46,185,147,131,162,0,0,0,0,0,0,0,0,4,3,3,4,7,6,4,6,1,1,1,1,0,0,0,0
2582,1,47,156,184,146,132,0,0,0,0,0,0,0,0,4,4,4,4,6,6,6,4,1,1,1,1,0,0,0,0
2582,1,48,150,157,183,144,0,0,0,0,0,0,0,0,4,4,4,3,6,4,6,6,1,1,1,1,0,0,0,0
2582,1,49,175,149,157,181,0,0,0,0,0,0,0,0,3,4,4,4,6,5,4,6,1,1,1,1,0,1,1,1
2582,1,50,196,174,148,156,0,0,0,0,1,0,0,0,4,4,3,3,6,6,4,4,1,1,1,1,1,0,1,1
2582,1,51,171,192,172,148,0,0,0,0,0,2,0,0,4,4,4,3,4,6,6,3,1,1,1,1,0,1,1,1
2582,1,52,172,172,190,170,0,0,0,0,2,0,2,0,4,4,4,4,4,3,4,5,1,1,1,1,2,1,1,2
2582,1,53,174,172,171,188,0,0,0,0,1,1,1,2,4,4,4,5,4,3,4,5,1,1,1,1,1,1,1,1
2582,1,54,181,171,169,168,0,0,0,0,1,1,1,1,3,3,3,3,4,4,4,4,0,0,0,0,1,1,1,1
2582,1,55,234,179,170,167,0,0,0,0,1,1,0,1,3,3,3,3,6,4,4,4,0,0,0,0,1,0,0,0
2582,1,56,199,231,177,168,0,0,0,0,1,1,1,1,3,3,3,3,4,5,4,4,0,0,0,0,0,0,0,0
2582,1,57,182,196,227,175,0,0,0,0,1,1,1,1,3,2,2,3,4,4,5,4,0,0,0,0,0,0,0,0
2582,1,58,162,179,193,224,0,0,0,0,1,1,1,1,2,2,2,2,3,4,4,4,0,0,0,0,0,0,0,0
2582,1,59,152,161,179,190,0,0,0,0,1,1,1,1,1,2,3,2,2,2,2,4,0,0,0,0,0,0,0,0
2582,1,60,165,152,158,178,0,0,0,0,1,1,1,1,2,3,1,2,1,2,3,2,0,0,0,0,0,0,0,0
2582,1,61,162,163,152,157,0,0,0,0,1,1,1,1,3,3,3,3,2,4,2,3,0,0,0,0,0,0,0,0
2582,1,62,199,160,161,149,0,0,0,0,1,1,1,1,2,3,2,2,3,4,3,4,0,0,0,0,0,0,0,0
2582,1,63,165,196,158,159,0,0,0,0,1,2,1,1,2,2,3,2,4,3,4,3,0,0,0,0,0,0,0,0
2582,1,64,190,163,193,155,0,0,0,0,2,1,1,1,2,3,2,1,4,4,4,3,0,0,0,0,0,0,0,0
2582,1,65,201,186,159,189,0,0,0,0,2,2,2,2,2,1,1,1,4,3,3,3,0,0,0,0,0,0,0,0
2582,1,66,167,200,182,158,0,0,0,0,2,1,2,1,2,2,2,2,2,2,4,2,0,0,0,0,0,0,0,0
2582,1,67,179,165,198,180,0,0,0,0,1,2,2,2,2,2,2,2,2,2,2,2,0,0,0,0,0,0,0,0
2582,1,68,191,178,163,196,0,0,0,0,3,1,2,2,2,2,2,2,2,2,2,2,0,0,0,0,0,0,0,0
2582,1,69,176,190,176,161,0,0,0,0,3,2,2,2,2,3,2,2,2,2,2,2,0,0,0,0,0,0,0,0
2582,1,70,167,174,187,173,0,0,0,0,3,2,3,3,1,2,2,2,2,2,2,2,0,0,0,0,0,0,0,0
2582,1,71,185,164,170,183,0,0,0,0,3,3,3,3,2,2,2,2,3,2,3,3,0,0,0,0,0,0,0,0
2582,1,72,190,181,161,167,0,0,0,0,4,3,3,3,2,1,2,2,2,2,2,2,0,0,0,0,0,0,0,0
2582,1,73,182,185,177,157,0,0,0,0,4,4,3,3,1,1,1,1,2,2,2,2,0,0,0,0,0,0,0,0
2582,1,74,176,178,181,173,0,0,0,0,4,4,4,4,2,1,1,1,1,1,1,1,0,0,0,0,0,0,0,0
2582,1,75,197,173,175,177,0,0,0,0,5,4,4,4,2,2,2,1,1,1,1,1,0,0,0,0,0,0,0,0
2582,1,76,147,193,169,171,0,0,0,0,4,5,5,5,2,2,2,2,1,1,1,1,0,0,0,0,0,0,0,0
2582,1,77,193,142,186,163,0,0,0,0,7,5,6,5,2,3,2,2,2,3,3,3,0,0,0,0,0,0,0,0
2582,1,78,138,187,138,180,0,0,0,0,5,7,5,6,3,3,3,3,3,2,2,3,0,0,0,0,0,0,0,0
2582,1,79,136,132,181,133,0,0,0,0,6,6,7,5,2,3,3,3,4,3,2,3,0,0,0,0,0,0,0,0
2582,2,0,119,114,111,109,122,117,114,112,0,0,0,0,2,2,2,2,6,6,6,6,1,1,1,1,0,0,0,0
2582,2,1,124,118,112,111,0,0,0,0,0,0,0,0,7,7,6,6,10,10,10,8,2,2,2,2,0,0,0,0
2582,2,2,132,124,120,114,0,0,0,0,0,0,0,0,6,6,6,6,12,9,7,7,3,3,3,3,0,0,0,0
2582,2,3,144,134,127,122,0,0,0,0,0,0,0,0,6,6,6,5,8,7,6,6,3,3,3,3,0,0,0,0
2582,2,4,126,147,134,129,0,0,0,0,0,0,0,0,5,5,4,5,7,4,6,5,2,2,2,2,0,0,0,0
2582,2,5,145,124,145,132,0,0,0,0,0,0,0,0,5,3,3,3,5,6,5,5,1,1,1,1,1,0,1,1
2582,2,6,143,146,124,144,0,0,0,0,0,0,0,0,3,4,3,3,7,4,4,4,1,1,1,1,0,0,0,1
2582,2,7,130,143,147,125,0,0,0,0,0,0,0,0,4,3,3,3,5,5,4,3,2,2,2,1,0,0,0,0
2582,2,8,111,130,143,148,0,0,0,0,0,0,0,0,4,4,3,3,3,5,5,4,2,2,2,2,0,1,0,0
2582,2,9,138,112,130,144,0,0,0,0,0,0,0,0,4,3,3,3,6,4,5,4,2,2,2,2,0,0,0,0
2582,2,10,136,136,111,127,0,0,0,0,0,0,0,0,2,2,2,2,5,5,4,6,1,1,1,1,0,0,0,0
2582,2,11,137,135,135,111,0,0,0,0,0,0,0,0,2,2,2,2,4,4,4,3,1,1,1,1,0,0,0,0
2582,2,12,142,136,133,134,0,0,0,0,0,0,0,0,3,2,2,2,6,4,5,4,1,1,1,1,0,0,0,0
2582,2,13,125,141,136,134,0,0,0,0,0,0,0,0,4,4,3,3,6,6,4,3,1,1,1,1,0,0,0,0
2582,2,14,136,124,141,137,0,0,0,0,0,0,0,0,2,3,4,3,5,5,5,3,1,1,1,1,0,0,0,0
2582,2,15,140,135,123,139,0,0,0,0,0,0,0,0,3,3,3,3,5,5,5,6,1,1,1,1,0,0,0,0
2582,2,16,131,138,132,121,0,0,0,0,0,0,0,0,4,2,2,2,7,5,6,5,1,1,1,1,0,0,0,0
2582,2,17,170,129,136,131,0,0,0,0,0,0,0,0,4,5,4,5,8,7,6,6,0,0,0,0,0,0,0,0
2582,2,18,144,166,128,132,0,0,0,0,0,0,0,0,8,8,8,7,11,13,9,11,1,1,0,0,0,0,0,0
2582,2,19,163,142,161,126,0,0,0,0,0,0,0,0,13,15,15,14,24,18,21,18,2,2,2,2,1,1,1,0
2582,2,20,124,152,136,154,0,0,0,0,0,0,0,0,17,17,19,20,26,30,26,29,2,2,2,2,1,0,1,0
2582,2,21,147,118,140,129,0,0,0,0,0,0,0,0,20,20,18,18,32,27,30,27,2,2,2,2,1,1,2,0
2582,2,22,122,136,111,131,0,0,0,0,0,0,0,0,18,17,16,19,30,29,24,29,2,2,2,2,2,1,1,1
2582,2,23,107,113,128,108,0,0,0,0,0,0,0,0,15,15,17,17,23,26,26,21,3,3,3,3,2,1,2,2
2582,2,24,113,104,109,123,0,0,0,0,0,0,0,0,15,15,15,16,24,20,20,23,3,3,3,3,2,1,2,1
2582,2,25,122,112,103,108,0,0,0,0,0,0,0,0,17,16,15,15,23,20,18,19,3,3,3,3,1,0,1,0
2582,2,26,137,120,110,103,0,0,0,0,0,0,0,0,17,16,14,14,24,20,18,16,3,3,3,3,1,1,1,1
2582,2,27,155,136,119,112,0,0,0,0,0,0,0,0,15,15,13,13,21,19,17,14,3,3,3,3,1,0,0,0
2582,2,28,144,153,137,119,0,0,0,0,0,0,0,0,14,12,13,11,18,17,15,14,3,3,3,3,0,0,0,0
2582,2,29,163,147,153,139,0,0,0,0,0,0,0,0,13,13,12,12,17,13,15,13,3,3,3,3,1,0,0,0
2582,2,30,156,164,149,154,0,0,0,0,0,0,0,0,14,13,12,11,15,14,13,13,3,3,3,3,1,1,0,0
2582,2,31,188,157,165,150,0,0,0,0,0,0,0,0,12,12,12,11,16,13,13,12,2,2,2,2,1,0,0,0
2582,2,32,160,186,158,165,0,0,0,0,0,0,0,0,10,10,10,10,11,14,11,12,2,2,2,2,0,0,0,0
2582,2,33,159,161,187,160,0,0,0,0,0,0,0,0,11,9,10,11,12,10,11,11,2,2,2,2,0,0,0,0
2582,2,34,168,160,163,188,0,0,0,0,0,0,0,0,8,9,8,9,10,10,8,10,2,2,2,2,0,0,0,0
2582,2,35,158,167,160,164,0,0,0,0,0,0,0,0,8,7,8,8,8,9,9,8,2,2,2,2,0,1,1,1
2582,2,36,149,160,168,160,0,0,0,0,0,0,0,0,6,9,8,7,9,8,8,8,2,2,2,2,1,1,1,1
2582,2,37,143,147,160,167,0,0,0,0,0,0,0,0,6,6,6,6,9,9,8,8,2,2,2,2,2,1,0,1
2582,2,38,127,142,147,161,0,0,0,0,0,0,0,0,6,6,6,7,6,8,7,8,2,2,2,2,0,1,1,0
2582,2,39,148,129,142,147,0,0,0,0,0,0,0,0,6,6,6,5,6,6,7,7,2,2,2,3,1,0,1,1
2582,2,40,161,147,131,142,0,0,0,0,0,0,0,0,6,6,6,6,7,8,5,7,2,2,2,2,1,1,1,1
2582,2,41,141,160,145,131,0,0,0,0,0,0,0,0,5,5,5,5,7,7,8,6,2,2,2,2,1,1,1,1
2582,2,42,139,139,158,147,0,0,0,0,0,0,0,0,4,4,4,4,8,6,7,4,1,1,2,2,0,1,1,0
2582,2,43,139,139,140,159,0,0,0,0,0,0,0,0,5,5,5,5,6,5,4,4,1,1,1,1,1,1,1,1
2582,2,44,140,139,140,142,0,0,0,0,0,0,0,0,5,4,5,6,5,5,5,5,1,1,1,1,0,0,0,0
2582,2,45,144,141,137,141,0,0,0,0,0,0,0,0,4,4,3,4,4,4,6,4,1,1,1,1,0,0,0,0
2582,2,46,188,146,141,138,0,0,0,0,0,0,0,0,4,5,4,4,4,4,5,4,1,1,1,1,0,0,0,0
2582,2,47,172,187,146,141,0,0,0,0,0,0,0,0,3,3,4,4,5,5,5,5,1,1,1,1,0,0,0,0
2582,2,48,179,171,186,146,0,0,0,0,0,0,0,0,4,4,4,4,5,6,6,5,1,1,1,1,0,0,0,0
2582,2,49,183,177,169,183,0,0,0,0,0,0,0,0,5,4,4,4,7,6,6,7,0,0,0,0,0,0,0,0
2582,2,50,168,181,176,166,0,0,0,0,0,0,0,0,4,4,4,4,5,7,6,8,1,1,1,1,0,0,0,0
2582,2,51,173,166,179,173,0,0,0,0,0,0,0,0,4,4,4,4,6,6,6,7,0,0,0,0,0,0,0,0
2582,2,52,158,172,166,179,0,0,0,0,0,0,0,0,5,5,5,6,5,6,5,6,0,0,0,0,0,0,0,0
2582,2,53,170,158,169,165,0,0,0,0,0,0,0,0,3,5,4,4,5,5,7,5,0,0,0,0,0,0,0,0
2582,2,54,187,166,155,164,0,0,0,0,0,0,0,0,3,2,2,2,6,5,5,6,0,0,0,0,0,1,0,1
2582,2,55,177,186,165,154,0,0,0,0,0,0,0,0,3,3,3,3,4,4,4,4,0,0,0,0,0,0,0,0
2582,2,56,192,174,185,163,0,0,0,0,1,1,0,1,3,2,3,3,4,4,4,4,0,0,0,0,0,0,0,0
2582,2,57,169,190,171,183,0,0,0,0,1,1,2,1,2,3,3,3,3,4,4,4,0,0,0,0,0,0,0,0
2582,2,58,169,168,188,171,0,0,0,0,1,1,2,1,3,3,3,3,4,3,3,2,0,0,0,0,0,0,0,0
2582,2,59,168,167,167,185,0,0,0,0,1,1,1,2,3,1,3,3,3,2,3,4,0,0,0,0,0,0,0,0
2582,2,60,160,166,165,168,0,0,0,0,2,1,2,0,4,2,2,3,3,3,2,2,0,0,0,0,0,0,0,0
2582,2,61,185,159,165,164,0,0,0,0,1,1,1,1,2,2,2,2,2,2,2,2,0,0,0,0,0,0,0,0
2582,2,62,185,184,159,164,0,0,0,0,1,1,1,1,3,3,3,2,3,3,2,2,0,0,0,0,0,0,0,0
2582,2,63,192,184,183,157,0,0,0,0,1,1,1,1,2,3,3,2,3,3,3,3,0,0,0,0,0,0,0,0
2582,2,64,194,190,183,182,0,0,0,0,1,1,1,1,3,2,3,3,3,3,3,3,0,0,0,0,0,0,0,0
2582,2,65,171,193,189,182,0,0,0,0,1,1,1,1,3,3,3,3,2,3,3,3,0,0,0,0,0,0,0,0
2582,2,66,189,170,192,188,0,0,0,0,1,1,1,1,2,2,2,2,2,2,2,2,0,0,0,0,0,0,0,0
2582,2,67,181,188,169,191,0,0,0,0,1,1,1,1,2,2,2,2,2,2,2,2,0,0,0,0,0,0,0,0
2582,2,68,188,177,184,167,0,0,0,0,2,3,2,1,2,1,1,1,2,2,3,2,0,0,0,0,0,0,0,0
2582,2,69,189,185,174,180,0,0,0,0,2,2,2,3,1,1,1,1,2,2,2,2,0,0,0,0,0,0,0,0
2582,2,70,179,188,183,171,0,0,0,0,2,2,2,2,2,3,2,2,2,2,2,3,0,0,0,0,0,0,0,0
2582,2,71,168,177,186,181,0,0,0,0,2,2,2,2,2,2,2,2,3,2,2,2,0,0,0,0,0,0,0,0
2582,2,72,191,166,175,184,0,0,0,0,2,2,2,2,2,2,2,2,2,2,2,2,0,0,0,0,0,0,0,0
2582,2,73,207,188,163,173,0,0,0,0,3,3,2,2,2,2,1,2,2,2,2,2,0,0,0,0,0,0,0,0
2582,2,74,201,204,185,160,0,0,0,0,3,3,3,2,2,2,2,2,2,2,2,3,0,0,0,0,0,0,0,0
2582,2,75,206,199,201,183,0,0,0,0,4,3,3,3,3,3,2,2,2,2,2,1,0,0,0,0,0,0,0,0
2582,2,76,162,204,197,198,0,0,0,0,3,4,4,4,3,3,3,2,1,1,1,1,0,0,0,0,0,0,0,0
2582,2,77,164,160,201,194,0,0,0,0,4,3,4,4,2,2,2,2,1,1,1,1,0,0,0,0,0,0,0,0
2582,2,78,152,159,156,193,0,0,0,0,4,4,4,6,1,1,1,1,2,2,1,3,0,0,0,0,0,0,0,0
2582,2,79,120,147,154,151,0,0,0,0,4,4,4,4,1,1,1,1,1,2,2,2,0,0,0,0,0,0,0,0
2581,1,0,202,197,195,194,198,194,191,190,0,0,0,0,6,5,6,6,4,4,4,4,2,2,2,2,0,0,0,0
2581,1,1,204,206,201,199,0,0,0,0,0,0,0,0,9,9,9,9,7,8,8,8,3,3,3,3,0,0,0,0
2581,1,2,238,207,209,204,0,0,0,0,0,0,0,0,8,7,7,7,7,7,7,7,3,3,3,3,0,0,0,0
2581,1,3,184,240,211,212,0,0,0,0,0,0,0,0,7,7,7,6,6,7,5,5,2,2,2,2,0,0,0,0
2581,1,4,217,186,242,213,0,0,0,0,0,0,0,0,6,5,5,5,5,5,5,5,1,2,2,2,0,0,0,0
2581,1,5,255,219,188,244,0,0,0,0,0,0,0,0,6,7,5,6,5,6,4,5,1,1,1,1,0,0,0,0
2581,1,6,238,255,219,190,0,0,0,0,0,0,0,0,4,5,4,4,6,5,5,3,1,1,1,1,0,1,0,0
2581,1,7,250,240,255,221,0,0,0,0,0,0,0,0,6,5,4,4,5,4,5,3,1,1,1,1,0,0,0,0
2581,1,8,235,253,242,258,0,0,0,0,0,0,0,0,5,5,4,5,3,3,3,3,1,1,1,1,0,0,0,0
2581,1,9,240,238,255,245,0,0,0,0,0,0,0,0,4,5,4,5,3,3,3,3,1,1,1,1,0,0,0,0
2581,1,10,252,242,238,257,0,0,0,0,0,0,0,0,5,4,3,3,4,3,5,3,1,1,2,2,0,0,0,0
2581,1,11,229,255,245,241,0,0,0,0,0,0,0,0,4,5,4,4,4,5,4,4,3,3,3,3,0,0,0,0
2581,1,12,215,229,255,247,0,0,0,0,0,0,0,0,4,5,5,5,4,6,6,5,1,1,1,2,0,0,0,0
2581,1,13,263,217,230,256,0,0,0,0,0,0,0,0,5,5,5,5,5,4,5,5,1,1,1,1,0,0,0,0
2581,1,14,236,264,218,230,0,0,0,0,0,0,0,0,4,5,4,4,5,5,4,5,1,1,1,1,0,0,0,0
2581,1,15,251,238,267,222,0,0,0,0,0,0,0,0,7,6,6,6,4,5,4,3,1,1,1,1,0,0,0,0
2581,1,16,253,253,239,269,0,0,0,0,0,0,0,0,6,6,5,6,6,6,6,6,2,2,2,2,0,0,0,0
2581,1,17,251,256,256,243,0,0,0,0,0,0,0,0,8,8,8,8,7,7,7,6,2,2,2,2,0,0,0,0
2581,1,18,259,251,256,258,0,0,0,0,0,0,0,0,10,10,10,11,11,12,12,11,2,2,2,2,0,0,0,0
2581,1,19,257,255,247,252,0,0,0,0,0,0,0,0,17,16,16,16,23,22,22,23,2,2,2,3,0,0,0,0
2581,1,20,253,253,252,246,0,0,0,0,0,0,0,0,25,26,25,27,31,32,30,30,2,2,2,2,0,0,0,0
2581,1,21,236,250,249,252,0,0,0,0,0,0,0,0,32,31,30,31,33,36,36,34,2,2,2,3,0,0,0,0
2581,1,22,254,233,244,243,0,0,0,0,0,0,0,0,34,30,29,29,45,36,38,38,3,3,3,3,0,0,0,0
2581,1,23,238,245,230,237,0,0,0,0,0,0,0,0,30,32,30,28,37,44,35,37,3,3,2,3,1,0,0,1
2581,1,24,211,235,236,224,0,0,0,0,0,0,0,0,27,29,29,27,32,34,41,35,3,3,3,3,0,1,0,1
2581,1,25,244,210,230,229,0,0,0,0,0,0,0,0,26,27,26,26,35,30,33,36,3,4,3,3,1,2,1,0
2581,1,26,234,240,210,228,0,0,0,0,0,0,0,0,25,25,23,24,28,31,26,29,4,4,4,4,2,2,1,1
2581,1,27,273,233,240,211,0,0,0,0,0,0,0,0,26,23,24,21,30,26,27,23,4,4,5,5,2,2,2,2
2581,1,28,258,272,234,237,0,0,0,0,0,0,0,0,24,23,21,20,23,25,22,24,3,3,3,3,2,2,1,2
2581,1,29,287,262,275,239,0,0,0,0,0,0,0,0,24,21,20,20,23,20,20,18,3,3,3,3,2,0,0,0
2581,1,30,267,289,266,278,0,0,0,0,0,0,0,0,21,20,19,19,16,19,16,18,2,2,2,3,0,1,1,1
2581,1,31,310,272,292,270,0,0,0,0,0,0,0,0,18,17,18,17,20,15,16,15,3,3,3,3,2,0,2,1
2581,1,32,313,308,276,294,0,0,0,0,0,0,0,0,16,16,17,17,18,18,15,16,2,2,2,2,2,2,0,1
2581,1,33,287,314,310,279,0,0,0,0,0,0,0,0,15,16,16,16,17,16,15,14,2,2,2,2,1,1,1,1
2581,1,34,272,289,316,311,0,0,0,0,0,0,0,0,12,15,14,13,12,14,13,13,2,2,2,2,1,1,1,1
2581,1,35,263,275,292,319,0,0,0,0,0,0,0,0,14,12,13,12,10,10,11,10,2,2,2,2,0,1,1,1
2581,1,36,280,264,275,291,0,0,0,0,0,0,0,0,11,11,9,9,11,10,10,11,2,2,2,2,1,2,1,1
2581,1,37,223,280,265,276,0,0,0,0,0,0,0,0,8,8,9,8,8,9,9,9,2,2,2,2,1,1,1,0
2581,1,38,240,227,281,268,0,0,0,0,0,0,0,0,8,8,8,9,8,7,9,9,3,3,3,4,0,0,1,1
2581,1,39,268,242,227,282,0,0,0,0,0,0,0,0,8,8,7,9,7,7,7,8,1,1,1,1,0,0,1,1
2581,1,40,236,270,242,228,0,0,0,0,0,0,0,0,8,8,8,8,7,7,8,7,1,1,1,1,0,0,1,1
2581,1,41,262,236,270,242,0,0,0,0,0,0,0,0,6,6,7,6,6,6,7,6,1,1,1,1,1,1,1,1
2581,1,42,238,261,237,269,0,0,0,0,0,0,0,0,6,6,6,6,6,7,6,7,1,1,1,1,0,1,0,1
2581,1,43,258,239,260,237,0,0,0,0,0,0,0,0,6,6,6,6,8,6,7,7,1,1,1,1,1,0,1,0
2581,1,44,213,256,238,259,0,0,0,0,0,0,0,0,5,6,6,6,7,8,7,7,1,1,1,1,0,1,1,1
2581,1,45,239,213,255,237,0,0,0,0,0,0,0,0,6,5,6,5,6,5,7,6,1,1,1,1,0,1,1,1
2581,1,46,245,237,211,252,0,0,0,0,0,0,0,0,4,3,3,4,7,4,5,7,1,0,1,1,2,1,1,1
2581,1,47,268,245,238,213,0,0,0,0,1,0,0,0,7,5,5,5,4,4,3,3,1,1,1,1,0,2,2,1
2581,1,48,249,267,246,240,0,0,0,0,1,1,1,1,5,4,6,6,4,4,4,4,2,2,2,2,0,2,2,1
2581,1,49,296,247,266,244,0,0,0,0,2,2,2,2,4,5,4,4,6,5,4,4,1,1,1,1,2,1,0,1
2581,1,50,308,292,245,262,0,0,0,0,1,2,2,2,4,4,4,3,6,6,5,7,2,2,2,2,2,2,1,0
2581,1,51,282,303,288,241,0,0,0,0,1,1,2,2,3,3,4,2,5,6,6,5,1,1,1,1,0,2,1,0
2581,1,52,265,280,301,286,0,0,0,0,1,1,1,2,3,6,5,6,3,7,6,6,0,0,0,0,0,0,0,0
2581,1,53,283,263,276,297,0,0,0,0,1,1,1,1,4,4,3,4,6,5,6,7,0,0,0,0,0,0,0,0
2581,1,54,293,282,261,275,0,0,0,0,1,1,1,1,5,5,3,5,4,5,4,5,0,0,0,0,0,0,0,0
2581,1,55,279,292,280,259,0,0,0,0,1,1,1,1,5,4,4,4,5,4,5,5,0,0,0,0,0,0,0,0
2581,1,56,302,277,289,279,0,0,0,0,1,1,1,1,4,4,3,4,5,5,5,4,0,0,0,0,0,0,0,0
2581,1,57,269,299,276,288,0,0,0,0,1,1,1,1,4,4,4,4,4,6,4,4,0,0,0,0,0,0,0,0
2581,1,58,273,268,297,275,0,0,0,0,1,1,1,1,4,3,3,4,3,3,4,4,0,0,0,0,0,0,0,0
2581,1,59,264,272,266,295,0,0,0,0,1,1,1,2,3,3,2,3,3,3,3,3,0,0,0,0,0,0,0,0
2581,1,60,244,262,269,265,0,0,0,0,2,2,2,1,3,3,2,3,3,3,3,3,0,0,0,0,0,0,0,0
2581,1,61,245,242,260,266,0,0,0,0,2,2,2,3,3,3,3,3,4,3,3,3,0,0,0,0,0,0,0,0
2581,1,62,250,243,242,258,0,0,0,0,2,3,1,2,3,3,3,3,2,2,2,3,0,0,0,0,0,0,0,0
2581,1,63,284,249,241,241,0,0,0,0,2,2,2,2,3,3,2,3,3,2,2,2,0,0,0,0,0,0,0,0
2581,1,64,253,281,246,239,0,0,0,0,2,2,2,2,2,3,2,2,3,4,3,2,0,0,0,0,0,0,0,0
2581,1,65,229,251,277,242,0,0,0,0,2,3,3,2,5,4,3,3,2,3,4,5,0,0,0,0,0,0,0,0
2581,1,66,251,227,249,275,0,0,0,0,3,2,3,3,3,3,4,4,5,3,3,3,0,0,0,0,0,0,0,0
2581,1,67,248,249,225,246,0,0,0,0,2,2,3,3,3,3,3,3,2,3,2,3,0,0,0,0,0,0,0,0
2581,1,68,293,246,247,222,0,0,0,0,3,2,2,3,2,2,2,2,3,2,2,2,0,0,0,0,0,0,0,0
2581,1,69,233,288,244,245,0,0,0,0,2,3,2,2,2,2,2,2,2,4,2,2,0,0,0,0,0,0,0,0
2581,1,70,250,230,284,241,0,0,0,0,4,3,4,3,2,2,2,2,2,2,2,2,0,0,0,0,0,0,0,0
2581,1,71,261,247,228,280,0,0,0,0,5,4,3,4,3,3,3,2,2,2,2,2,0,0,0,0,0,0,0,0
2581,1,72,290,257,245,226,0,0,0,0,6,5,4,4,3,3,4,4,2,2,2,2,0,0,0,0,0,0,0,0
2581,1,73,277,285,253,242,0,0,0,0,5,6,5,5,3,3,3,4,2,2,2,2,0,0,0,0,0,0,0,0
2581,1,74,270,272,281,247,0,0,0,0,6,6,5,6,2,3,3,3,2,2,2,3,0,0,0,0,0,0,0,0
2581,1,75,263,263,265,276,0,0,0,0,7,7,7,6,2,2,2,3,2,2,2,2,0,0,0,0,0,0,0,0
2581,1,76,243,256,257,259,0,0,0,0,8,8,7,7,2,2,2,2,1,1,1,1,0,0,0,0,0,0,0,0
2581,1,77,224,237,249,250,0,0,0,0,7,8,8,8,2,3,2,2,2,1,1,1,0,0,0,0,0,0,0,0
2581,1,78,213,215,227,239,0,0,0,0,9,8,9,9,1,1,1,1,1,2,2,2,0,0,0,0,0,0,0,0
2581,1,79,189,204,206,219,0,0,0,0,8,9,9,9,0,0,1,1,0,0,1,0,0,0,0,0,0,0,0,0
2581,2,0,189,185,185,184,186,183,181,180,0,0,0,0,5,4,5,5,4,4,3,3,2,2,2,2,0,0,0,0
2581,2,1,216,194,190,189,0,0,0,0,0,0,0,0,9,9,9,8,7,7,7,7,3,3,3,3,0,0,0,0
2581,2,2,211,218,195,191,0,0,0,0,0,0,0,0,7,7,6,6,6,7,7,7,2,2,2,2,0,0,0,0
2581,2,3,204,215,221,199,0,0,0,0,0,0,0,0,7,7,7,7,5,5,6,5,2,2,2,2,0,0,0,0
2581,2,4,253,209,220,225,0,0,0,0,0,0,0,0,7,8,8,7,7,5,5,5,2,2,2,2,0,0,0,0
2581,2,5,215,254,211,222,0,0,0,0,0,0,0,0,6,6,6,6,5,6,5,5,1,1,1,1,0,0,0,0
2581,2,6,220,214,254,212,0,0,0,0,0,0,0,0,5,3,4,5,5,5,5,5,1,1,1,1,0,0,0,0
2581,2,7,233,222,216,254,0,0,0,0,0,0,0,0,3,3,3,3,4,3,3,4,2,2,2,2,0,0,0,1
2581,2,8,259,233,224,217,0,0,0,0,0,0,0,0,3,3,4,3,4,4,3,3,1,1,1,1,0,0,0,0
2581,2,9,217,257,234,226,0,0,0,0,0,0,0,0,2,2,3,3,4,5,3,3,1,1,1,2,0,0,0,0
2581,2,10,224,216,257,234,0,0,0,0,0,0,0,0,3,3,3,2,4,4,4,3,1,0,1,1,0,0,0,0
2581,2,11,226,223,216,256,0,0,0,0,0,0,0,0,2,2,2,2,3,4,3,4,1,1,1,1,0,0,0,0
2581,2,12,233,226,224,217,0,0,0,0,0,0,0,0,2,2,3,3,3,3,3,3,1,1,1,1,0,0,0,0
2581,2,13,216,235,227,225,0,0,0,0,0,0,0,0,3,4,3,3,3,3,3,3,1,1,1,1,0,0,0,0
2581,2,14,206,217,236,227,0,0,0,0,0,0,0,0,2,3,4,3,3,3,4,4,1,1,1,1,0,0,0,0
2581,2,15,230,205,217,234,0,0,0,0,0,0,0,0,3,3,4,3,4,4,4,5,0,0,0,0,0,0,0,0
2581,2,16,197,230,205,217,0,0,0,0,0,0,0,0,3,3,3,3,4,4,4,4,1,1,1,1,0,0,0,0
2581,2,17,244,201,232,208,0,0,0,0,0,0,0,0,7,8,7,7,6,5,6,5,1,1,1,1,0,0,0,0
2581,2,18,239,246,203,233,0,0,0,0,0,0,0,0,13,14,13,13,16,13,12,13,1,1,1,1,0,0,0,0
2581,2,19,220,236,244,206,0,0,0,0,0,0,0,0,24,24,25,25,26,29,29,24,2,2,2,2,0,0,0,0
2581,2,20,220,216,233,240,0,0,0,0,0,0,0,0,30,31,34,35,37,36,39,40,2,2,2,2,0,1,0,1
2581,2,21,198,214,208,226,0,0,0,0,0,0,0,0,32,34,33,35,37,41,41,43,2,2,2,2,2,1,2,1
2581,2,22,183,192,206,202,0,0,0,0,0,0,0,0,29,30,31,32,36,37,40,39,2,2,2,2,1,1,1,1
2581,2,23,174,180,189,200,0,0,0,0,0,0,0,0,27,27,28,28,32,33,34,37,3,3,3,3,2,0,0,0
2581,2,24,200,173,176,186,0,0,0,0,0,0,0,0,26,26,25,26,34,30,32,31,3,3,3,3,1,0,0,1
2581,2,25,169,197,171,176,0,0,0,0,0,0,0,0,25,24,23,23,23,29,26,26,3,3,3,3,2,1,2,0
2581,2,26,217,172,195,172,0,0,0,0,0,0,0,0,24,21,21,20,26,20,25,22,4,4,4,4,2,2,2,1
2581,2,27,233,216,173,193,0,0,0,0,0,0,0,0,22,20,19,18,24,23,18,21,3,3,3,3,2,1,3,2
2581,2,28,243,233,218,175,0,0,0,0,0,0,0,0,21,20,19,17,22,21,19,15,3,3,3,3,1,2,1,3
2581,2,29,280,245,236,218,0,0,0,0,0,0,0,0,19,19,18,17,19,18,16,17,3,3,3,3,1,2,2,3
2581,2,30,282,280,248,238,0,0,0,0,0,0,0,0,18,17,17,16,17,17,15,14,2,2,2,2,1,2,1,2
2581,2,31,267,286,283,251,0,0,0,0,0,0,0,0,16,16,16,14,13,13,13,12,2,2,2,2,1,1,2,1
2581,2,32,268,270,289,285,0,0,0,0,0,0,0,0,13,14,13,13,10,10,10,10,1,1,1,1,0,2,1,2
2581,2,33,255,274,274,293,0,0,0,0,0,0,0,0,12,14,13,13,9,9,9,10,1,1,1,1,1,0,1,0
2581,2,34,252,258,279,278,0,0,0,0,0,0,0,0,11,11,12,13,9,9,8,9,1,1,1,1,2,0,0,1
2581,2,35,254,256,263,282,0,0,0,0,0,0,0,0,11,11,12,11,9,9,9,10,2,2,2,3,0,0,0,1
2581,2,36,221,258,259,266,0,0,0,0,0,0,0,0,9,10,9,9,8,8,8,8,2,2,2,2,0,0,0,0
2581,2,37,232,223,259,262,0,0,0,0,0,0,0,0,6,7,8,9,7,7,8,8,2,2,2,2,0,0,1,0
2581,2,38,238,233,224,260,0,0,0,0,0,0,0,0,6,6,7,8,6,6,6,7,1,1,1,1,1,0,1,1
2581,2,39,231,240,237,229,0,0,0,0,0,0,0,0,6,7,7,8,5,6,4,4,1,1,1,1,0,0,0,0
2581,2,40,231,235,242,241,0,0,0,0,0,0,0,0,6,6,6,6,3,3,5,3,1,1,1,1,0,0,0,0
2581,2,41,237,234,238,244,0,0,0,0,0,0,0,0,6,6,6,7,5,4,4,6,1,1,1,1,0,0,0,0
2581,2,42,224,240,238,243,0,0,0,0,0,0,0,0,7,6,7,7,4,4,4,3,1,1,1,1,0,0,0,0
2581,2,43,216,226,241,239,0,0,0,0,0,0,0,0,4,5,5,5,4,4,5,5,1,1,1,1,0,0,0,0
2581,2,44,231,215,226,242,0,0,0,0,0,0,0,0,3,2,4,5,5,4,5,5,1,1,1,1,0,0,0,0
2581,2,45,246,230,216,227,0,0,0,0,0,0,0,0,3,3,4,5,5,5,4,5,1,1,1,1,0,0,0,0
2581,2,46,264,247,232,217,0,0,0,0,0,0,0,0,5,5,6,5,7,5,5,5,1,1,1,1,0,0,0,0
2581,2,47,312,265,248,232,0,0,0,0,0,0,0,0,7,6,6,5,6,6,6,6,1,1,1,1,0,0,0,0
2581,2,48,278,312,266,249,0,0,0,0,0,0,0,0,4,5,6,6,5,6,6,6,1,1,1,1,0,0,0,0
2581,2,49,266,278,311,266,0,0,0,0,0,0,1,0,5,5,5,5,5,6,6,6,1,1,1,1,0,0,0,0
2581,2,50,259,264,275,309,0,0,0,0,1,1,1,1,4,4,4,5,4,5,6,6,0,0,0,0,0,0,0,0
2581,2,51,258,257,262,272,0,0,0,0,1,1,1,1,3,3,3,3,5,5,5,6,1,1,1,1,0,0,0,0
2581,2,52,252,255,255,260,0,0,0,0,1,1,1,1,3,3,3,3,5,7,6,6,2,2,2,2,0,0,0,0
2581,2,53,279,252,256,256,0,0,0,0,1,1,1,1,6,4,4,4,5,5,4,4,2,2,2,2,0,0,0,0
2581,2,54,279,278,250,255,0,0,0,0,2,2,1,2,5,5,3,4,4,5,5,4,1,1,1,1,0,0,0,0
2581,2,55,271,281,278,249,0,0,0,0,2,2,2,2,5,6,5,4,4,4,5,4,2,2,2,1,0,0,0,0
2581,2,56,264,272,282,279,0,0,0,0,1,1,1,1,5,5,7,7,4,3,5,6,0,0,0,1,0,0,0,0
2581,2,57,289,261,271,282,0,0,0,0,1,1,1,1,3,3,4,5,4,5,4,4,0,0,0,0,0,0,0,0
2581,2,58,269,287,260,270,0,0,0,0,1,1,1,1,2,2,3,3,4,3,3,3,0,0,0,0,0,0,0,0
2581,2,59,239,267,285,259,0,0,0,0,1,1,1,1,3,2,2,3,2,3,3,3,0,0,0,0,0,0,0,0
2581,2,60,245,238,264,283,0,0,0,0,1,1,1,1,3,3,3,2,4,3,5,3,0,0,0,0,0,0,0,0
2581,2,61,235,245,238,262,0,0,0,0,1,1,1,1,3,3,3,2,2,2,2,3,0,0,0,0,0,0,0,0
2581,2,62,272,235,245,235,0,0,0,0,2,1,1,1,3,3,3,2,3,2,2,4,0,0,0,0,0,0,0,0
2581,2,63,260,269,235,244,0,0,0,0,2,2,1,1,2,3,3,2,5,4,2,2,0,0,0,0,0,0,0,0
2581,2,64,273,258,268,234,0,0,0,0,2,2,2,2,3,2,3,3,4,2,2,2,0,0,0,0,0,0,0,0
2581,2,65,281,271,257,267,0,0,0,0,2,2,2,2,3,3,3,3,4,3,2,2,0,0,0,0,0,0,0,0
2581,2,66,286,278,270,256,0,0,0,0,2,2,2,2,3,3,3,3,3,4,2,2,0,0,0,0,0,0,0,0
2581,2,67,251,283,276,268,0,0,0,0,2,2,2,2,2,2,2,3,2,3,2,3,0,0,0,0,0,0,0,0
2581,2,68,257,249,279,274,0,0,0,0,3,2,4,2,2,2,2,2,2,2,2,2,0,0,0,0,0,0,0,0
2581,2,69,259,254,246,276,0,0,0,0,3,3,3,3,2,2,2,2,2,2,2,2,0,0,0,0,0,0,0,0
2581,2,70,259,257,252,244,0,0,0,0,3,3,3,3,2,3,3,2,2,2,2,1,0,0,0,0,0,0,0,0
2581,2,71,256,256,255,250,0,0,0,0,4,3,3,3,3,2,3,2,2,2,2,1,0,0,0,0,0,0,0,0
2581,2,72,257,252,252,251,0,0,0,0,4,4,4,4,2,2,2,2,2,2,2,2,0,0,0,0,0,0,0,0
2581,2,73,306,253,248,248,0,0,0,0,5,4,4,4,2,2,2,2,2,2,2,2,0,0,0,0,0,0,0,0
2581,2,74,313,302,249,245,0,0,0,0,6,4,4,3,2,2,2,2,2,2,2,2,0,0,0,0,0,0,0,0
2581,2,75,267,307,296,245,0,0,0,0,5,6,6,4,2,2,2,2,2,2,2,2,0,0,0,0,0,0,0,0
2581,2,76,275,261,301,292,0,0,0,0,7,6,6,5,2,2,2,3,2,2,2,2,0,0,0,0,0,0,0,0
2581,2,77,274,269,256,294,0,0,0,0,7,7,6,8,3,3,3,3,2,2,2,2,0,0,0,0,0,0,0,0
2581,2,78,227,269,264,250,0,0,0,0,5,6,6,7,3,3,3,3,2,2,2,2,0,0,0,0,0,0,0,0
2581,2,79,185,221,262,257,0,0,0,0,6,6,8,8,2,2,3,3,3,2,2,2,0,0,0,0,0,0,0,0
2560,1,0,36,36,36,36,35,35,35,35,0,0,0,0,2,2,2,2,1,1,1,1,0,0,0,0,0,0,0,0
2560,1,1,33,36,37,37,0,0,0,0,0,0,0,0,3,3,3,3,3,3,3,3,0,0,1,1,0,0,0,0
2560,1,2,54,34,37,37,0,0,0,0,0,0,0,0,2,2,2,2,3,2,2,3,1,1,1,1,0,0,0,0
2560,1,3,33,54,35,38,0,0,0,0,0,0,0,0,2,2,2,2,2,3,2,2,1,1,1,1,0,0,0,0
2560,1,4,35,33,54,35,0,0,0,0,0,0,0,0,2,2,2,2,3,2,2,2,1,0,0,0,0,0,0,0
2560,1,5,48,34,33,53,0,0,0,0,0,0,0,0,1,1,1,1,3,2,1,2,0,0,0,0,0,0,0,0
2560,1,6,43,48,33,34,0,0,0,0,0,0,0,0,1,1,1,1,3,2,2,1,1,1,0,1,0,0,0,0
2560,1,7,43,42,47,34,0,0,0,0,0,0,0,0,1,1,1,1,1,2,2,0,0,0,0,0,0,0,0,0
2560,1,8,42,43,42,47,0,0,0,0,0,0,0,0,1,1,1,1,1,1,1,1,0,0,0,0,0,0,0,0
2560,1,9,48,42,43,42,0,0,0,0,0,0,0,0,1,1,1,1,2,1,1,1,0,0,0,0,0,0,0,0
2560,1,10,42,48,43,44,0,0,0,0,0,0,0,0,2,2,2,2,0,2,1,1,0,0,0,0,0,0,0,0
2560,1,11,46,42,47,42,0,0,0,0,0,0,0,0,1,0,0,0,2,0,1,1,0,0,0,0,0,0,0,0
2560,1,12,45,47,42,47,0,0,0,0,0,0,0,0,1,1,0,1,1,1,1,1,1,1,1,0,0,0,0,0
2560,1,13,33,45,46,42,0,0,0,0,0,0,0,0,1,1,1,1,1,1,2,1,0,0,0,0,0,0,0,0
2560,1,14,44,34,45,46,0,0,0,0,0,0,0,0,0,0,0,0,0,0,1,1,1,1,1,1,0,0,0,0
2560,1,15,47,44,35,44,0,0,0,0,0,0,0,0,0,0,0,0,2,1,0,2,1,1,1,1,0,0,0,0
2560,1,16,43,46,43,34,0,0,0,0,0,0,0,0,0,1,1,0,2,2,2,1,0,0,0,0,0,0,0,0
2560,1,17,56,42,45,42,0,0,0,0,0,0,0,0,1,1,1,1,2,2,2,2,0,0,0,0,0,0,0,0
2560,1,18,57,53,41,44,0,0,0,0,0,0,0,0,1,1,1,1,4,4,2,2,0,0,0,0,0,0,0,0
2560,1,19,47,56,54,43,0,0,0,0,0,0,0,0,4,4,5,5,4,6,5,4,1,1,1,1,0,0,0,0
2560,1,20,54,45,55,52,0,0,0,0,0,0,0,0,4,4,5,4,7,6,7,7,1,1,1,1,0,1,0,0
2560,1,21,46,50,42,51,0,0,0,0,0,0,0,0,6,5,5,5,8,9,8,9,0,0,0,0,1,0,0,0
2560,1,22,69,43,47,39,0,0,0,0,0,0,0,0,6,5,5,4,16,8,8,7,0,0,0,0,1,0,0,0
2560,1,23,49,60,42,45,0,0,0,0,0,0,0,0,5,6,5,4,8,15,7,7,1,1,1,1,0,1,0,0
2560,1,24,39,43,53,39,0,0,0,0,0,0,0,0,5,4,5,5,9,9,11,7,0,0,0,0,1,1,1,1
2560,1,25,32,35,41,48,0,0,0,0,0,0,0,0,4,4,5,5,6,7,6,9,0,0,0,0,0,1,1,1
2560,1,26,39,33,33,38,0,0,0,0,0,0,0,0,3,5,4,4,6,5,6,6,1,1,1,0,1,0,1,1
2560,1,27,45,38,30,32,0,0,0,0,0,0,0,0,5,4,3,4,4,5,6,5,1,1,1,1,0,1,1,1
2560,1,28,43,46,38,32,0,0,0,0,0,0,0,0,5,5,5,4,5,4,5,3,1,1,1,1,1,1,1,0
2560,1,29,51,43,47,39,0,0,0,0,0,0,0,0,5,5,5,4,5,5,4,3,1,1,1,1,1,1,1,1
2560,1,30,57,52,45,47,0,0,0,0,0,0,0,0,4,4,4,4,5,4,3,5,1,1,1,1,1,0,0,0
2560,1,31,54,57,51,45,0,0,0,0,0,0,0,0,4,4,4,4,4,4,5,4,0,0,0,0,0,0,0,0
2560,1,32,39,54,57,52,0,0,0,0,0,0,0,0,3,4,4,5,3,4,4,4,0,0,0,0,0,0,0,0
2560,1,33,71,41,55,58,0,0,0,0,0,0,0,0,5,4,4,4,6,4,4,4,2,2,1,1,0,0,0,0
2560,1,34,45,68,41,55,0,0,0,0,0,0,0,0,2,2,2,2,3,5,3,3,1,1,1,1,0,1,0,0
2560,1,35,44,45,68,41,0,0,0,0,0,0,0,0,2,2,2,2,3,3,3,3,1,1,1,1,0,0,0,0
2560,1,36,43,46,45,68,0,0,0,0,0,0,0,0,2,2,2,2,3,1,3,3,1,1,1,1,0,0,0,0
2560,1,37,37,41,47,45,0,0,0,0,0,0,0,0,1,2,3,3,2,4,2,3,0,0,0,0,0,0,0,0
2560,1,38,41,37,41,49,0,0,0,0,0,0,0,0,2,3,3,3,3,3,3,1,0,0,0,0,0,0,0,0
2560,1,39,48,40,36,40,0,0,0,0,0,0,0,0,1,2,2,2,3,3,3,3,0,0,0,0,0,0,0,0
2560,1,40,52,47,40,37,0,0,0,0,0,0,0,0,2,2,2,3,3,3,2,2,0,0,0,0,0,0,0,0
2560,1,41,39,50,46,40,0,0,0,0,0,0,0,0,2,1,1,2,2,3,2,2,0,0,0,0,0,0,0,0
2560,1,42,39,39,47,45,0,0,0,0,0,0,0,0,1,1,1,1,1,1,3,2,0,0,0,0,0,0,1,0
2560,1,43,32,39,38,46,0,0,0,0,0,0,0,0,1,1,1,1,1,1,2,2,0,0,0,0,0,0,0,0
2560,1,44,40,31,40,38,0,0,0,0,0,0,0,0,1,2,2,2,2,3,1,2,0,0,0,0,0,0,0,0
2560,1,45,45,39,30,40,0,0,0,0,0,0,0,0,1,1,1,1,3,2,2,1,0,0,0,0,1,0,0,0
2560,1,46,51,44,39,31,0,0,0,0,0,0,0,0,1,2,2,1,3,3,2,0,0,0,0,0,0,0,0,0
2560,1,47,51,51,44,39,0,0,0,0,0,0,0,0,1,2,2,2,2,2,2,2,0,0,0,0,0,0,0,0
2560,1,48,54,51,51,43,0,0,0,0,0,0,0,0,1,1,1,1,1,1,1,2,0,0,0,0,0,0,0,0
2560,1,49,50,54,51,52,0,0,0,0,0,0,0,0,1,1,1,2,1,1,1,1,0,0,0,0,0,0,0,0
2560,1,50,45,49,52,50,0,0,0,0,0,0,0,0,1,0,0,0,1,1,2,1,0,0,0,0,0,0,0,0
2560,1,51,52,45,49,51,0,0,0,0,0,0,0,0,1,1,1,1,2,1,1,2,0,0,0,0,0,0,0,0
2560,1,52,56,52,45,49,0,0,0,0,0,0,0,0,1,1,1,1,1,1,1,1,0,0,0,0,0,0,0,0
2560,1,53,45,56,52,45,0,0,0,0,0,0,0,0,1,1,1,1,1,1,1,1,0,0,0,0,0,0,0,0
2560,1,54,48,44,53,51,0,0,0,0,0,0,0,0,1,0,0,0,3,0,2,1,0,0,0,0,1,1,1,0
2560,1,55,57,49,43,53,0,0,0,0,0,0,0,0,1,1,1,0,0,0,1,0,0,0,0,0,0,0,1,0
2560,1,56,58,58,50,43,0,0,0,0,0,0,0,0,1,1,1,1,1,0,0,1,0,0,0,0,0,0,0,0
2560,1,57,60,59,59,51,0,0,0,0,0,0,0,0,2,2,2,2,1,1,1,1,0,0,0,0,0,0,0,0
2560,1,58,52,60,58,59,0,0,0,0,0,0,0,0,0,1,1,1,1,1,1,1,0,0,0,0,0,0,1,0
2560,1,59,55,52,61,59,0,0,0,0,0,0,0,0,1,1,2,2,1,1,1,1,0,0,0,0,0,0,0,0
2560,1,60,50,55,52,62,0,0,0,0,0,0,0,0,1,1,1,2,1,1,1,1,0,0,0,0,0,0,0,0
2560,1,61,56,52,55,53,0,0,0,0,1,0,0,0,0,3,1,2,1,1,1,1,0,0,0,0,0,0,0,0
2560,1,62,49,56,52,54,0,0,0,0,0,1,1,0,2,2,2,1,2,1,1,2,0,0,0,0,0,0,0,0
2560,1,63,63,49,55,52,0,0,0,0,0,1,2,1,1,2,1,1,0,1,0,0,0,0,0,0,0,0,0,0
2560,1,64,53,61,49,55,0,0,0,0,0,1,1,1,0,0,1,1,0,1,0,0,0,0,0,0,0,0,0,0
2560,1,65,50,53,60,48,0,0,0,0,0,0,1,1,0,0,0,0,0,0,0,0,0,0,0,0,0,0,0,0
2560,1,66,47,50,53,59,0,0,0,0,0,0,0,1,0,0,0,0,0,0,0,0,0,0,0,0,0,0,0,0
2560,1,67,56,47,49,52,0,0,0,0,1,0,1,1,0,0,0,0,0,0,0,0,0,0,0,0,0,0,0,0
2560,1,68,63,55,46,48,0,0,0,0,1,1,1,1,0,0,0,0,0,0,0,0,0,0,0,0,0,0,0,0
2560,1,69,59,62,54,45,0,0,0,0,1,1,1,1,0,0,0,0,0,0,0,0,0,0,0,0,0,0,0,0
2560,1,70,57,58,61,53,0,0,0,0,1,1,1,1,0,0,0,0,0,0,0,0,0,0,0,0,0,0,0,0
2560,1,71,56,55,56,59,0,0,0,0,1,1,1,1,0,0,0,0,1,1,1,1,0,0,0,0,0,0,0,0
2560,1,72,51,54,53,54,0,0,0,0,1,1,1,1,0,0,0,0,1,1,1,1,0,0,0,0,0,0,0,0
2560,1,73,51,49,52,51,0,0,0,0,1,1,1,1,0,0,0,0,1,1,1,1,0,0,0,0,0,0,0,0
2560,1,74,55,50,48,50,0,0,0,0,2,1,1,1,0,0,0,0,1,0,0,1,0,0,0,0,0,0,0,0
2560,1,75,43,53,48,46,0,0,0,0,1,1,1,1,0,0,0,0,0,1,1,1,0,0,0,0,0,0,0,0
2560,1,76,48,41,51,46,0,0,0,0,1,1,1,1,0,0,0,0,1,1,1,1,0,0,0,0,0,0,0,0
2560,1,77,55,46,40,49,0,0,0,0,2,1,1,1,0,0,0,0,1,1,0,1,0,0,0,0,0,0,0,0
2560,1,78,50,53,44,40,0,0,0,0,2,2,2,1,0,1,1,1,1,1,1,0,0,0,0,0,0,0,0,0
2560,1,79,37,47,51,43,0,0,0,0,2,2,2,2,1,0,1,1,0,1,1,0,0,0,0,0,0,0,0,0
2560,2,0,32,31,31,31,34,33,33,33,0,0,0,0,0,0,0,0,2,2,2,2,0,0,0,0,0,0,0,0
2560,2,1,32,32,31,31,0,0,0,0,0,0,0,0,2,2,2,2,2,2,2,2,0,0,0,0,0,0,0,0
2560,2,2,36,32,32,31,0,0,0,0,0,0,0,0,2,2,2,2,2,2,2,2,0,0,0,0,1,0,0,0
2560,2,3,44,36,32,32,0,0,0,0,0,0,0,0,2,2,2,2,3,2,2,2,0,0,0,0,0,0,0,0
2560,2,4,38,44,37,32,0,0,0,0,0,0,0,0,2,2,2,2,2,2,1,2,0,0,0,0,0,0,0,0
2560,2,5,40,39,45,39,0,0,0,0,0,0,0,0,2,2,2,2,2,2,2,1,1,1,1,1,0,0,0,0
2560,2,6,37,40,38,45,0,0,0,0,0,0,0,0,2,2,2,2,1,2,3,2,0,0,0,0,0,0,0,0
2560,2,7,33,37,40,39,0,0,0,0,0,0,0,0,2,2,2,2,2,2,2,2,0,0,0,1,0,0,0,0
2560,2,8,33,34,38,41,0,0,0,0,0,0,0,0,2,2,2,2,1,2,2,2,1,1,1,1,0,0,0,0
2560,2,9,48,34,35,38,0,0,0,0,0,0,0,0,2,2,2,2,3,1,1,2,0,0,0,0,0,0,0,0
2560,2,10,50,48,34,36,0,0,0,0,0,0,0,0,1,1,1,1,2,1,1,0,0,0,0,0,0,0,0,0
2560,2,11,43,50,48,35,0,0,0,0,0,0,0,0,1,0,0,1,1,0,0,0,0,0,0,0,0,0,0,0
2560,2,12,40,41,49,47,0,0,0,0,0,0,0,0,0,0,0,0,2,2,1,1,0,0,0,0,0,0,0,0
2560,2,13,47,38,41,49,0,0,0,0,0,0,0,0,1,0,1,1,2,2,1,1,0,0,0,0,0,0,0,0
2560,2,14,28,46,38,41,0,0,0,0,0,0,0,0,1,1,1,1,3,2,1,1,0,0,0,0,0,0,0,0
2560,2,15,34,28,44,38,0,0,0,0,0,0,0,0,1,1,1,1,2,1,3,1,0,0,0,0,0,0,0,0
2560,2,16,37,33,28,43,0,0,0,0,0,0,0,0,1,1,1,1,2,2,1,2,0,0,0,0,0,0,0,0
2560,2,17,49,37,34,29,0,0,0,0,0,0,0,0,1,2,2,2,3,2,1,1,0,0,0,0,0,0,0,0
2560,2,18,46,47,37,34,0,0,0,0,0,0,0,0,3,3,3,3,5,5,3,3,0,0,0,0,0,0,0,0
2560,2,19,30,43,43,35,0,0,0,0,0,0,0,0,4,4,3,4,4,7,7,6,0,0,0,0,0,0,0,0
2560,2,20,36,31,40,39,0,0,0,0,0,0,0,0,6,6,6,4,7,6,10,9,1,1,1,1,0,0,0,0
2560,2,21,41,35,31,38,0,0,0,0,0,0,0,0,6,7,6,6,10,9,7,9,2,1,1,1,0,0,0,0
2560,2,22,42,37,34,30,0,0,0,0,0,0,0,0,5,3,5,5,9,9,8,8,2,2,2,2,0,0,0,0
2560,2,23,24,39,35,32,0,0,0,0,0,0,0,0,4,4,5,5,4,8,8,8,2,1,1,1,0,0,0,0
2560,2,24,35,24,38,33,0,0,0,0,0,0,0,0,4,4,4,4,6,5,6,6,1,1,1,1,0,0,0,1
2560,2,25,33,35,26,37,0,0,0,0,0,0,0,0,4,4,4,4,5,5,3,5,2,2,1,1,0,1,0,1
2560,2,26,45,36,36,28,0,0,0,0,0,0,0,0,7,6,5,4,5,4,5,3,1,1,1,1,1,0,0,0
2560,2,27,34,46,35,36,0,0,0,0,0,0,0,0,4,5,3,3,3,5,5,4,1,1,1,1,0,0,0,0
2560,2,28,45,35,46,34,0,0,0,0,0,0,0,0,4,4,4,3,6,4,5,4,1,1,1,1,1,0,0,1
2560,2,29,45,46,37,44,0,0,0,0,0,0,0,0,4,4,4,2,5,3,2,4,1,1,1,1,1,1,1,1
2560,2,30,57,45,47,36,0,0,0,0,0,0,0,0,3,3,4,2,4,3,3,3,1,1,1,1,1,1,1,1
2560,2,31,46,58,47,49,0,0,0,0,0,0,0,0,2,4,3,3,3,4,3,3,1,1,2,2,0,0,0,0
2560,2,32,53,46,57,47,0,0,0,0,0,0,0,0,2,2,2,2,3,3,4,3,1,1,1,1,0,0,0,0
2560,2,33,34,53,46,57,0,0,0,0,0,0,0,0,2,2,2,2,2,3,3,3,1,1,1,1,0,0,0,0
2560,2,34,52,35,53,47,0,0,0,0,0,0,0,0,2,2,2,2,3,2,3,2,1,1,1,1,0,0,0,0
2560,2,35,29,52,36,54,0,0,0,0,0,0,0,0,2,2,2,2,2,3,2,2,1,1,1,1,0,0,0,0
2560,2,36,44,30,52,37,0,0,0,0,0,0,0,0,2,2,2,2,3,2,3,2,1,1,1,1,0,0,0,0
2560,2,37,43,45,32,53,0,0,0,0,0,0,0,0,3,2,3,3,2,2,2,3,1,1,1,1,0,0,0,0
2560,2,38,46,43,45,32,0,0,0,0,0,0,0,0,3,2,2,2,2,2,2,2,0,0,0,0,0,0,0,0
2560,2,39,33,45,43,46,0,0,0,0,0,0,0,0,1,1,1,2,0,2,1,1,0,0,0,0,0,0,0,0
2560,2,40,37,34,45,43,0,0,0,0,0,0,0,0,1,1,1,1,2,0,1,1,0,0,0,0,0,0,0,0
2560,2,41,41,37,34,44,0,0,0,0,0,0,0,0,0,2,0,0,1,2,0,1,0,0,0,0,0,0,0,0
2560,2,42,32,39,34,32,0,0,0,0,0,0,0,0,1,1,1,1,1,3,4,3,0,0,0,0,0,0,0,0
2560,2,43,34,32,36,33,0,0,0,0,0,0,0,0,0,1,0,1,2,1,3,2,0,0,0,0,0,0,0,0
2560,2,44,39,34,32,37,0,0,0,0,0,0,0,0,0,0,0,1,2,0,0,0,0,0,0,0,0,0,0,0
2560,2,45,40,40,35,32,0,0,0,0,0,0,0,0,0,1,1,0,1,0,0,0,0,0,0,0,0,0,0,0
2560,2,46,40,39,39,34,0,0,0,0,0,0,0,0,0,0,0,0,1,1,1,1,0,0,0,0,0,0,0,0
2560,2,47,59,38,38,36,0,0,0,0,0,0,0,0,1,1,0,0,2,2,1,2,0,0,0,0,1,1,0,1
2560,2,48,49,58,37,38,0,0,0,0,0,0,0,0,2,2,1,1,2,2,1,1,0,0,0,0,1,1,1,0
2560,2,49,45,49,57,36,0,0,0,0,0,0,0,0,2,2,2,2,2,2,2,2,0,0,0,0,0,0,1,1
2560,2,50,44,44,48,56,0,0,0,0,0,0,0,0,1,1,1,1,2,2,2,2,0,0,0,0,0,0,0,0
2560,2,51,49,43,42,47,0,0,0,0,0,0,0,0,1,1,1,1,2,2,3,2,0,0,0,0,0,0,0,0
2560,2,52,44,48,42,42,0,0,0,0,0,0,0,0,1,1,1,1,1,2,2,1,0,0,0,0,0,0,0,0
2560,2,53,55,44,48,42,0,0,0,0,0,0,0,0,1,1,1,1,2,1,1,1,0,0,0,0,0,0,0,0
2560,2,54,72,55,44,48,0,0,0,0,0,0,0,0,1,1,1,1,1,1,1,1,0,0,0,0,0,0,0,0
2560,2,55,42,71,55,44,0,0,0,0,0,0,0,0,1,1,1,1,0,2,1,1,0,0,0,0,0,0,0,0
2560,2,56,52,44,71,55,0,0,0,0,0,0,0,0,2,2,2,2,1,0,2,2,0,0,0,0,0,0,0,0
2560,2,57,56,54,46,72,0,0,0,0,0,0,0,0,3,3,3,2,1,1,1,1,0,0,0,0,0,0,0,0
2560,2,58,37,57,55,47,0,0,0,0,0,0,0,0,2,2,2,2,0,1,1,1,0,0,0,0,0,0,0,0
2560,2,59,45,37,56,54,0,0,0,0,0,0,0,0,0,0,0,0,1,0,1,1,0,0,0,0,0,0,0,0
2560,2,60,41,44,37,55,0,0,0,0,0,0,0,0,0,0,0,0,1,1,0,1,0,0,0,0,0,0,0,0
2560,2,61,50,41,44,37,0,0,0,0,0,0,0,0,0,0,0,0,1,0,0,0,0,0,0,0,0,0,0,0
2560,2,62,61,50,41,44,0,0,0,0,0,0,0,0,0,0,0,0,1,0,0,0,0,0,0,0,0,0,0,0
2560,2,63,53,60,50,42,0,0,0,0,0,0,0,0,1,1,0,1,0,2,0,0,0,0,0,0,0,0,0,0
2560,2,64,57,51,58,49,0,0,0,0,0,0,0,0,0,0,0,0,2,2,2,0,0,0,0,0,0,0,0,1
2560,2,65,48,55,50,58,0,0,0,0,0,1,0,0,0,1,0,2,0,2,1,2,0,0,0,0,0,0,0,0
2560,2,66,43,48,54,50,0,0,0,0,0,0,1,0,1,1,1,1,0,1,1,1,0,0,0,0,0,0,0,0
2560,2,67,40,43,49,52,0,0,0,0,0,0,0,2,0,0,1,0,0,0,0,0,0,0,0,0,0,0,0,0
2560,2,68,49,40,43,48,0,0,0,0,1,0,0,1,0,0,0,0,0,0,0,0,0,0,0,0,0,0,0,0
2560,2,69,49,49,40,43,0,0,0,0,1,0,0,0,0,0,0,0,0,0,0,0,0,0,0,0,0,0,0,0
2560,2,70,62,46,48,39,0,0,0,0,1,2,0,1,0,0,0,0,1,1,1,0,0,0,0,0,0,0,0,0
2560,2,71,45,60,43,46,0,0,0,0,1,1,2,1,0,0,0,0,1,1,1,1,0,0,0,0,0,0,0,0
2560,2,72,37,45,58,42,0,0,0,0,1,0,1,1,0,0,0,0,0,0,1,0,0,0,0,0,0,0,0,0
2560,2,73,49,38,45,57,0,0,0,0,1,0,1,1,1,1,1,0,0,0,0,0,0,0,0,0,0,0,0,0
2560,2,74,58,49,39,45,0,0,0,0,1,1,0,1,1,1,1,1,0,0,0,0,0,0,0,0,0,0,0,0
2560,2,75,56,58,49,39,0,0,0,0,1,1,1,1,1,1,1,1,0,0,0,0,0,0,0,0,0,0,0,0
2560,2,76,64,55,57,48,0,0,0,0,1,1,1,1,1,1,1,1,1,1,1,1,0,0,0,0,0,0,0,0
2560,2,77,41,61,53,55,0,0,0,0,1,2,1,1,0,0,0,0,1,1,1,1,0,0,0,0,0,0,0,0
2560,2,78,47,40,59,51,0,0,0,0,1,1,1,1,0,0,0,0,1,0,1,1,0,0,0,0,0,0,0,0
2560,2,79,41,46,39,56,0,0,0,0,1,1,1,2,0,0,0,0,0,0,0,1,0,0,0,0,0,0,0,0
2514,1,0,65,64,63,64,65,64,63,64,0,0,0,0,2,2,2,2,2,2,2,2,0,0,0,0,0,0,0,0
2514,1,1,78,67,66,65,0,0,0,0,0,0,0,0,4,4,4,4,4,4,4,4,2,2,2,2,0,0,0,0
2514,1,2,71,79,69,68,0,0,0,0,0,0,0,0,4,4,4,4,4,4,3,3,1,1,1,1,0,0,0,0
2514,1,3,78,74,77,70,0,0,0,0,0,0,0,0,4,4,2,3,4,2,5,3,1,1,1,1,0,0,0,0
2514,1,4,83,78,74,77,0,0,0,0,0,0,0,0,2,2,2,2,2,3,3,3,1,1,1,1,0,0,0,0
2514,1,5,68,84,77,74,0,0,0,0,0,0,0,0,2,2,2,2,3,2,4,3,1,1,1,1,0,0,0,0
2514,1,6,84,67,86,79,0,0,0,0,0,0,0,0,2,2,3,3,3,4,2,2,1,1,1,1,0,0,0,0
2514,1,7,89,84,68,86,0,0,0,0,0,0,0,0,2,2,2,2,3,3,2,3,1,1,1,1,0,0,0,0
2514,1,8,73,89,84,69,0,0,0,0,0,0,0,0,2,2,2,2,3,3,3,2,1,1,1,1,0,0,0,0
2514,1,9,69,73,89,83,0,0,0,0,0,0,0,0,2,2,2,1,4,3,3,3,1,1,1,1,0,0,0,0
2514,1,10,76,69,72,88,0,0,0,0,0,0,0,0,1,1,1,2,2,2,3,4,1,1,1,1,0,0,0,0
2514,1,11,90,78,71,74,0,0,0,0,0,0,0,0,3,3,3,3,3,2,2,2,1,1,1,1,1,0,0,0
2514,1,12,73,88,77,72,0,0,0,0,0,0,0,0,1,1,1,1,2,4,2,1,1,1,1,1,1,0,1,0
2514,1,13,85,73,88,76,0,0,0,0,0,0,0,0,1,1,1,1,1,2,2,3,1,1,1,1,0,0,0,0
2514,1,14,89,87,73,89,0,0,0,0,0,0,0,0,3,2,1,1,2,1,2,1,1,1,1,1,0,0,0,0
2514,1,15,93,89,86,74,0,0,0,0,0,0,0,0,1,1,0,2,2,2,2,2,1,1,1,1,0,0,0,0
2514,1,16,79,92,88,85,0,0,0,0,0,0,0,0,1,1,1,1,2,2,2,2,0,0,0,0,0,0,0,0
2514,1,17,87,79,92,89,0,0,0,0,0,0,0,0,1,1,1,1,2,3,3,2,2,2,2,2,0,0,0,0
2514,1,18,83,86,78,91,0,0,0,0,0,0,0,0,2,2,2,2,6,5,5,5,2,2,2,2,0,0,0,0
2514,1,19,79,81,83,76,0,0,0,0,0,0,0,0,6,7,6,6,8,9,9,8,0,0,0,0,0,0,0,0
2514,1,20,80,78,77,79,0,0,0,0,0,0,0,0,9,9,8,9,12,10,12,12,0,0,0,0,1,0,0,1
2514,1,21,81,77,75,73,0,0,0,0,0,0,0,0,9,9,9,8,13,13,13,13,1,1,1,1,0,0,0,0
2514,1,22,90,81,76,73,0,0,0,0,0,0,0,0,11,10,10,9,16,11,12,12,1,1,1,1,0,0,0,0
2514,1,23,70,87,78,74,0,0,0,0,0,0,0,0,9,10,9,9,11,14,12,11,1,1,1,1,0,0,1,1
2514,1,24,77,70,85,77,0,0,0,0,0,0,0,0,9,9,9,9,9,9,12,11,1,1,1,1,0,1,0,0
2514,1,25,81,79,73,85,0,0,0,0,0,0,0,0,10,10,10,10,10,9,7,10,1,1,1,1,1,0,1,1
2514,1,26,79,82,81,76,0,0,0,0,0,0,0,0,8,9,9,9,9,9,8,7,1,1,1,1,1,0,0,0
2514,1,27,81,81,83,81,0,0,0,0,0,0,0,0,8,8,8,8,7,7,8,9,1,1,1,1,0,0,0,0
2514,1,28,91,82,82,83,0,0,0,0,0,0,0,0,9,8,8,8,9,7,7,8,1,1,1,1,1,1,1,1
2514,1,29,93,91,82,82,0,0,0,0,0,0,0,0,8,8,8,8,8,7,7,7,1,1,1,1,1,2,2,2
2514,1,30,116,93,91,82,0,0,0,0,0,0,0,0,8,7,6,6,8,7,6,6,1,1,1,1,1,1,1,1
2514,1,31,105,116,94,92,0,0,0,0,0,0,0,0,6,7,6,6,7,7,6,6,1,1,1,1,1,1,0,0
2514,1,32,113,106,114,94,0,0,0,0,0,0,0,0,6,7,5,5,6,5,7,5,1,1,1,1,1,2,1,1
2514,1,33,85,109,106,112,0,0,0,0,0,0,0,0,5,4,6,5,5,7,5,6,1,1,1,1,1,2,2,2
2514,1,34,95,85,106,105,0,0,0,0,0,0,0,0,4,4,3,5,5,4,6,6,1,1,1,1,1,1,1,1
2514,1,35,85,92,83,102,0,0,0,0,0,0,0,0,2,2,2,2,4,5,4,5,1,1,1,1,1,1,1,2
2514,1,36,84,84,90,82,0,0,0,0,0,0,0,0,2,2,2,2,3,3,4,3,1,1,1,1,1,1,1,1
2514,1,37,78,83,83,89,0,0,0,0,0,0,0,0,2,2,2,2,4,3,3,3,1,1,1,1,0,1,1,1
2514,1,38,78,77,82,82,0,0,0,0,0,0,0,0,2,2,2,2,3,4,3,3,1,1,1,1,1,0,1,1
2514,1,39,74,79,76,83,0,0,0,0,0,0,0,0,3,2,2,2,2,2,3,2,1,1,1,1,1,0,1,0
2514,1,40,77,77,82,79,0,0,0,0,0,0,0,0,2,3,3,3,4,2,2,2,2,2,2,2,1,0,0,0
2514,1,41,86,76,76,81,0,0,0,0,0,0,0,0,2,2,2,2,3,3,3,3,1,1,1,1,1,1,1,1
2514,1,42,70,85,79,77,0,0,0,0,0,0,0,0,4,3,4,3,3,3,2,3,0,0,1,1,1,1,0,0
2514,1,43,70,72,87,81,0,0,0,0,0,0,0,0,3,4,3,3,2,4,3,3,2,2,2,2,0,0,0,0
2514,1,44,85,71,71,87,0,0,0,0,0,0,0,0,2,2,2,2,2,2,4,3,1,1,1,1,0,0,0,0
2514,1,45,73,84,70,71,0,0,0,0,0,0,0,0,2,2,2,2,2,3,3,2,0,0,0,0,0,0,0,0
2514,1,46,89,73,83,68,0,0,0,0,0,0,0,0,2,2,2,2,2,2,3,4,0,0,0,0,0,0,0,0
2514,1,47,85,89,72,83,0,0,0,0,0,0,0,0,2,2,2,2,3,2,3,2,0,0,0,0,1,0,0,0
2514,1,48,96,85,88,71,0,0,0,0,0,0,0,0,2,2,2,2,2,2,3,3,0,0,0,0,1,0,0,0
2514,1,49,105,95,84,87,0,0,0,0,0,0,0,0,2,2,2,2,2,3,3,3,0,0,0,0,1,0,0,0
2514,1,50,84,104,94,85,0,0,0,0,0,0,0,0,2,2,2,2,1,3,3,1,0,0,0,0,0,0,0,0
2514,1,51,111,85,104,95,0,0,0,0,0,0,0,0,2,2,2,2,2,1,2,1,0,0,0,0,0,0,0,0
2514,1,52,105,110,86,105,0,0,0,0,0,0,0,0,2,2,2,2,2,3,1,1,0,0,0,0,0,0,0,0
2514,1,53,130,105,110,87,0,0,0,0,1,0,0,0,1,2,2,2,2,2,2,1,0,0,0,0,0,0,0,0
2514,1,54,108,127,105,110,0,0,0,0,0,1,0,0,1,1,1,1,1,3,1,1,0,0,0,0,0,0,0,0
2514,1,55,127,108,126,105,0,0,0,0,1,0,1,0,1,1,1,1,1,1,1,1,0,0,0,0,0,0,0,0
2514,1,56,119,126,107,126,0,0,0,0,1,1,1,0,1,1,1,1,1,1,1,1,0,0,0,0,0,0,0,0
2514,1,57,107,118,126,107,0,0,0,0,2,2,1,1,2,2,2,2,1,1,1,1,0,0,0,0,0,0,0,0
2514,1,58,123,105,116,124,0,0,0,0,1,2,2,2,2,1,1,1,1,1,1,1,0,0,0,0,0,0,0,0
2514,1,59,108,122,104,115,0,0,0,0,1,1,1,1,2,1,1,1,1,1,1,1,0,0,0,0,0,0,0,0
2514,1,60,103,108,122,102,0,0,0,0,2,1,1,2,2,2,2,1,1,1,1,1,0,0,0,0,0,0,0,0
2514,1,61,119,103,109,122,0,0,0,0,1,1,1,1,2,2,3,3,1,1,1,1,0,0,0,0,0,0,0,1
2514,1,62,117,118,103,110,0,0,0,0,1,1,1,1,2,2,2,3,1,1,1,1,0,0,0,0,0,1,0,0
2514,1,63,105,115,115,101,0,0,0,0,1,1,1,1,2,2,1,2,1,2,2,2,0,0,0,0,1,1,1,1
2514,1,64,137,105,114,114,0,0,0,0,1,1,1,1,3,3,3,3,2,2,2,2,0,0,0,0,1,0,1,1
2514,1,65,101,135,105,114,0,0,0,0,1,1,1,1,2,2,3,3,2,2,2,2,0,0,0,0,0,1,0,0
2514,1,66,124,101,135,105,0,0,0,0,1,1,1,1,3,3,3,3,2,2,2,2,0,0,0,0,0,0,0,0
2514,1,67,126,122,99,134,0,0,0,0,2,2,1,1,2,2,2,2,2,2,3,2,0,0,0,0,0,0,0,0
2514,1,68,121,125,120,99,0,0,0,0,1,1,2,1,2,2,2,2,2,2,1,1,0,0,0,0,0,0,1,0
2514,1,69,107,120,124,120,0,0,0,0,2,2,2,2,3,3,3,3,1,1,1,1,0,0,0,0,1,1,1,0
2514,1,70,107,107,118,122,0,0,0,0,2,2,2,2,3,3,3,3,2,1,2,3,0,0,0,0,0,0,1,0
2514,1,71,102,104,105,115,0,0,0,0,2,2,2,2,3,3,3,2,3,4,3,3,0,0,0,0,0,0,0,0
2514,1,72,111,101,102,103,0,0,0,0,2,2,2,2,1,3,2,3,2,2,2,3,0,0,0,0,0,0,0,0
2514,1,73,112,108,98,99,0,0,0,0,3,2,2,2,2,1,1,1,2,2,2,2,0,0,0,0,0,0,0,0
2514,1,74,113,110,106,97,0,0,0,0,3,2,2,2,3,3,3,3,3,3,3,2,0,0,0,0,0,0,0,0
2514,1,75,118,110,108,103,0,0,0,0,5,3,3,3,2,2,2,2,3,2,1,2,0,0,0,0,0,0,0,0
2514,1,76,102,115,107,106,0,0,0,0,3,4,3,3,1,2,1,2,1,1,1,1,0,0,0,0,0,0,0,0
2514,1,77,101,99,111,105,0,0,0,0,4,3,5,3,1,1,2,2,1,1,1,1,0,0,0,0,0,0,0,0
2514,1,78,131,97,95,105,0,0,0,0,6,4,4,5,1,0,0,0,1,0,0,1,0,0,0,0,0,0,0,0
2514,1,79,77,124,93,91,0,0,0,0,4,7,4,4,0,1,0,0,0,1,0,0,0,0,0,0,0,0,0,0
2514,2,0,62,63,59,60,61,62,59,59,0,0,0,0,3,3,2,3,2,2,2,2,0,0,0,0,0,0,0,0
2514,2,1,71,62,63,59,0,0,0,0,0,0,0,0,3,3,3,3,4,4,4,4,1,1,1,1,0,0,0,0
2514,2,2,72,70,63,64,0,0,0,0,0,0,0,0,3,3,3,3,4,5,3,3,1,1,1,1,0,0,0,0
2514,2,3,64,72,69,64,0,0,0,0,0,0,0,0,3,3,2,3,2,4,4,3,1,1,1,1,0,0,0,0
2514,2,4,71,64,73,70,0,0,0,0,0,0,0,0,2,2,2,2,2,3,2,2,1,1,1,1,0,0,0,0
2514,2,5,54,72,64,73,0,0,0,0,0,0,0,0,2,2,2,2,4,2,3,3,1,1,1,1,0,0,0,0
2514,2,6,79,54,72,64,0,0,0,0,0,0,0,0,2,2,2,2,3,3,3,3,1,1,1,1,0,0,0,0
2514,2,7,59,79,54,72,0,0,0,0,0,0,0,0,2,2,2,2,2,3,3,3,1,1,1,1,0,0,0,0
2514,2,8,75,60,79,56,0,0,0,0,0,0,0,0,2,2,2,3,3,2,3,2,1,1,1,1,0,0,0,0
2514,2,9,69,73,60,78,0,0,0,0,0,0,0,0,1,1,1,1,2,4,2,3,1,1,1,1,0,0,0,0
2514,2,10,63,68,72,59,0,0,0,0,0,0,0,0,1,1,1,1,1,3,3,3,1,1,1,1,0,0,0,0
2514,2,11,80,63,68,71,0,0,0,0,0,0,0,0,1,1,1,1,3,2,2,3,1,1,1,1,0,0,0,0
2514,2,12,68,81,64,68,0,0,0,0,0,0,0,0,2,2,2,2,3,2,2,3,1,1,1,1,0,0,0,0
2514,2,13,79,68,81,65,0,0,0,0,0,0,0,0,2,2,2,2,3,3,3,2,1,1,1,1,0,0,0,0
2514,2,14,67,79,67,81,0,0,0,0,0,0,0,0,2,2,2,2,2,2,3,2,0,0,0,0,0,0,0,0
2514,2,15,78,68,80,68,0,0,0,0,0,0,0,0,2,3,2,2,2,2,1,1,0,0,0,0,0,0,0,0
2514,2,16,78,80,70,81,0,0,0,0,0,0,0,0,2,3,3,3,1,1,1,2,0,0,0,0,0,0,0,0
2514,2,17,90,77,80,70,0,0,0,0,0,0,0,0,2,2,2,2,3,4,3,3,1,1,1,1,0,0,0,0
2514,2,18,71,85,74,76,0,0,0,0,0,0,0,0,3,3,3,3,7,9,7,8,1,1,1,1,0,0,0,0
2514,2,19,64,64,76,66,0,0,0,0,0,0,0,0,6,6,6,5,12,13,15,13,0,0,0,0,0,0,0,0
2514,2,20,76,58,59,68,0,0,0,0,0,0,0,0,9,8,9,8,19,15,15,17,1,1,1,1,0,0,0,0
2514,2,21,56,67,54,55,0,0,0,0,0,0,0,0,11,10,10,10,14,19,15,15,1,1,1,1,0,1,0,0
2514,2,22,53,56,65,53,0,0,0,0,0,0,0,0,12,11,12,11,12,12,15,12,1,1,1,1,0,0,0,1
2514,2,23,59,54,57,62,0,0,0,0,0,0,0,0,11,11,12,11,12,10,11,14,1,1,1,1,1,1,1,1
2514,2,24,60,59,54,57,0,0,0,0,0,0,0,0,10,10,9,10,8,10,9,10,1,1,1,1,0,1,1,1
2514,2,25,49,62,61,57,0,0,0,0,0,0,0,0,10,9,10,9,8,8,8,7,1,1,1,1,1,0,1,0
2514,2,26,77,53,67,64,0,0,0,0,0,0,0,0,11,10,11,10,10,6,7,7,1,1,1,1,1,1,0,1
2514,2,27,76,76,54,67,0,0,0,0,0,0,0,0,9,8,6,7,8,9,5,7,1,1,1,1,1,1,1,1
2514,2,28,80,78,79,59,0,0,0,0,0,0,0,0,10,9,9,9,7,7,6,4,1,1,1,1,1,1,1,1
2514,2,29,73,79,78,81,0,0,0,0,0,0,0,0,7,7,7,7,5,8,8,6,1,1,1,1,0,1,0,0
2514,2,30,75,74,80,79,0,0,0,0,0,0,0,0,6,6,6,6,3,5,5,5,1,1,1,1,0,1,1,1
2514,2,31,83,78,77,83,0,0,0,0,0,0,0,0,6,6,6,6,4,4,4,4,1,1,1,1,0,0,0,0
2514,2,32,85,83,77,76,0,0,0,0,0,0,0,0,3,4,4,4,5,4,5,6,1,1,1,1,1,1,1,0
2514,2,33,86,83,80,75,0,0,0,0,0,0,0,0,3,3,3,3,5,5,5,5,1,1,1,1,1,1,2,1
2514,2,34,76,84,81,79,0,0,0,0,0,0,0,0,3,3,3,3,3,4,4,4,1,1,1,1,0,2,2,1
2514,2,35,82,76,84,81,0,0,0,0,0,0,0,0,2,2,2,2,3,3,3,3,1,1,1,1,1,0,0,0
2514,2,36,67,84,78,86,0,0,0,0,0,0,0,0,4,4,4,4,3,3,3,3,1,1,1,1,0,0,0,0
2514,2,37,66,66,83,77,0,0,0,0,0,0,0,0,2,2,2,2,3,3,3,3,0,0,0,0,0,0,0,0
2514,2,38,55,67,67,84,0,0,0,0,0,0,0,0,2,2,2,2,2,3,3,3,2,2,2,2,0,0,0,0
2514,2,39,73,55,68,68,0,0,0,0,0,0,0,0,2,2,2,2,3,3,3,3,2,1,2,2,0,0,0,0
2514,2,40,61,71,54,67,0,0,0,0,0,0,0,0,1,1,2,1,4,4,4,3,1,1,1,1,0,0,0,0
2514,2,41,58,59,70,54,0,0,0,0,0,0,0,0,1,1,1,1,2,4,3,2,1,1,1,1,0,0,0,0
2514,2,42,80,57,59,69,0,0,0,0,0,0,0,0,1,1,1,1,3,3,2,3,1,1,1,1,0,0,0,0
2514,2,43,62,82,59,59,0,0,0,0,0,0,0,0,1,1,1,1,1,1,1,3,2,2,2,2,0,0,0,0
2514,2,44,75,64,83,61,0,0,0,0,0,0,0,0,2,2,2,2,1,1,2,1,1,1,1,1,0,0,0,0
2514,2,45,89,76,65,84,0,0,0,0,0,0,0,0,2,2,2,2,2,1,1,1,0,0,0,0,0,0,0,0
2514,2,46,97,89,77,66,0,0,0,0,0,0,0,0,2,2,2,2,1,2,1,1,0,0,0,0,0,0,0,0
2514,2,47,83,98,90,78,0,0,0,0,0,0,0,0,2,2,2,2,1,1,1,1,0,0,0,0,0,0,0,0
2514,2,48,99,83,99,92,0,0,0,0,0,0,0,0,2,2,2,3,1,2,1,1,0,0,0,0,0,0,0,0
2514,2,49,101,99,84,99,0,0,0,0,0,0,0,0,2,2,2,2,3,2,1,2,0,0,0,0,0,0,0,0
2514,2,50,89,100,99,84,0,0,0,0,0,0,0,0,2,2,2,2,2,3,2,2,0,0,0,0,0,0,0,0
2514,2,51,107,89,100,99,0,0,0,0,0,0,0,0,2,2,2,2,3,2,2,2,0,0,0,0,0,0,0,0
2514,2,52,106,108,89,101,0,0,0,0,0,0,0,0,3,3,2,3,2,2,2,2,0,0,0,0,0,0,0,0
2514,2,53,113,106,108,89,0,0,0,0,0,0,0,0,2,2,2,2,2,2,2,2,0,0,0,0,0,0,0,0
2514,2,54,108,113,106,108,0,0,0,0,0,0,0,0,3,2,2,2,2,2,2,2,0,0,0,0,0,0,0,0
2514,2,55,115,107,113,106,0,0,0,0,0,0,0,0,2,1,2,3,2,2,2,3,0,0,0,0,0,0,0,0
2514,2,56,119,114,108,113,0,0,0,0,0,0,0,0,1,1,2,1,1,2,1,1,0,0,0,0,0,0,0,0
2514,2,57,111,119,114,108,0,0,0,0,0,0,0,0,1,1,1,1,1,1,1,1,0,0,0,0,0,0,0,0
2514,2,58,87,111,118,114,0,0,0,0,0,0,0,0,1,1,1,1,0,1,2,1,0,0,0,0,0,0,0,0
2514,2,59,112,89,112,119,0,0,0,0,0,0,0,0,3,3,3,3,2,1,2,2,0,0,0,0,0,0,0,0
2514,2,60,104,112,90,112,0,0,0,0,0,0,0,0,2,2,2,2,2,2,1,2,0,0,0,0,0,0,0,0
2514,2,61,112,104,112,90,0,0,0,0,1,0,0,0,2,2,2,2,2,2,2,2,0,0,0,0,0,0,0,0
2514,2,62,106,112,104,111,0,0,0,0,1,1,0,0,3,3,3,3,3,2,3,3,0,0,0,0,0,0,0,1
2514,2,63,89,105,112,102,0,0,0,0,0,1,1,1,1,2,3,3,3,2,2,3,0,0,0,0,0,0,0,1
2514,2,64,111,88,103,111,0,0,0,0,1,1,1,0,2,1,2,2,2,1,3,3,0,0,0,0,0,0,0,0
2514,2,65,127,110,86,102,0,0,0,0,1,1,2,1,2,2,2,2,2,2,2,2,0,0,0,0,0,0,0,0
2514,2,66,108,126,109,86,0,0,0,0,1,1,1,2,2,2,2,2,2,2,2,0,0,0,0,0,0,0,0,0
2514,2,67,117,108,125,108,0,0,0,0,1,1,1,1,2,2,2,2,2,1,2,2,0,0,0,0,0,0,0,0
2514,2,68,99,116,107,124,0,0,0,0,1,1,1,1,2,2,2,2,3,2,2,2,0,0,0,0,0,0,0,0
2514,2,69,98,99,116,107,0,0,0,0,1,1,1,1,3,3,3,3,3,2,2,2,0,0,0,0,0,0,0,0
2514,2,70,110,97,97,115,0,0,0,0,1,1,1,1,1,2,2,2,2,2,3,2,0,0,0,0,0,0,0,0
2514,2,71,118,107,95,96,0,0,0,0,1,1,1,1,2,2,2,2,2,3,3,2,0,0,0,0,1,1,0,0
2514,2,72,133,116,106,93,0,0,0,0,2,1,1,1,1,2,2,2,2,2,1,2,0,0,0,0,0,1,1,1
2514,2,73,124,128,112,104,0,0,0,0,3,3,1,1,0,0,0,1,2,2,3,1,0,0,0,0,1,0,0,1
2514,2,74,106,122,125,110,0,0,0,0,1,3,3,2,1,2,1,1,0,0,0,0,0,0,0,0,1,1,1,1
2514,2,75,129,104,119,123,0,0,0,0,4,2,3,3,1,0,0,1,1,0,0,0,0,0,0,0,0,0,0,0
2514,2,76,115,125,102,118,0,0,0,0,2,4,3,2,2,2,2,2,2,2,1,1,0,0,0,0,0,0,0,0
2514,2,77,102,111,123,99,0,0,0,0,2,4,3,3,2,1,2,0,1,1,1,0,0,0,0,0,0,0,0,0
2514,2,78,91,99,108,119,0,0,0,0,3,3,3,4,1,1,1,1,0,1,1,1,0,0,0,0,0,0,0,0
2514,2,79,75,87,96,105,0,0,0,0,2,5,3,3,1,1,1,1,0,0,1,1,0,0,0,0,0,0,0,0
2580,1,80,262,290,304,282,0,0,0,0,12,13,13,12,2,2,2,2,2,3,3,2,0,0,0,0,0,0,1,0
2580,1,81,264,248,276,291,0,0,0,0,14,12,13,14,1,1,2,4,3,3,3,3,0,0,0,0,0,0,0,0
2580,1,82,212,249,233,261,0,0,0,0,13,14,14,14,2,2,2,2,3,3,3,3,0,0,0,0,0,0,0,0
2580,1,83,181,199,234,217,0,0,0,0,14,13,14,14,1,2,2,1,2,2,3,3,0,0,0,0,0,0,0,0
2580,1,84,145,168,185,218,0,0,0,0,12,12,13,15,1,1,1,1,2,2,2,2,0,0,0,0,0,0,0,0
2580,1,85,166,134,156,173,0,0,0,0,16,12,14,14,2,1,2,2,1,0,0,0,0,0,0,0,0,0,0,0
2580,1,86,119,150,120,142,0,0,0,0,13,16,13,14,0,0,0,1,1,0,1,1,0,0,0,0,0,0,0,0
2580,1,87,112,105,132,106,0,0,0,0,14,13,17,13,0,0,0,0,1,1,1,1,0,0,0,0,0,0,0,0
2580,1,88,83,98,91,114,0,0,0,0,14,13,13,17,0,0,0,0,1,1,1,1,0,0,0,0,0,0,0,0
2580,1,89,80,70,84,77,0,0,0,0,12,12,13,13,0,0,0,0,1,1,1,1,0,0,0,0,0,0,0,0
2580,1,90,60,67,60,71,0,0,0,0,11,12,9,12,0,0,0,0,1,1,1,1,0,0,0,0,0,0,0,0
2580,1,91,53,49,55,49,0,0,0,0,11,10,11,10,0,0,0,0,1,1,1,1,0,0,0,0,0,0,0,0
2580,1,92,32,42,39,43,0,0,0,0,9,10,10,11,0,0,0,0,1,1,0,1,0,0,0,0,0,0,0,0
2580,1,93,35,25,34,31,0,0,0,0,10,7,8,8,0,0,0,0,0,0,0,0,0,0,0,0,0,0,0,0
2580,1,94,17,27,19,26,0,0,0,0,6,8,6,8,0,0,0,0,0,0,0,0,0,0,0,0,0,0,0,0
2580,1,95,13,13,19,14,0,0,0,0,5,4,8,5,0,0,0,0,0,0,0,0,0,0,0,0,0,0,0,0
2580,1,96,12,9,8,13,0,0,0,0,4,4,5,6,0,0,0,0,0,0,0,0,0,0,0,0,0,0,0,0
2580,1,97,6,8,7,6,0,0,0,0,3,4,2,2,0,0,0,0,0,0,0,0,0,0,0,0,0,0,0,0
2580,1,98,6,5,5,5,0,0,0,0,3,1,3,2,0,0,0,0,0,0,0,0,0,0,0,0,0,0,0,0
2580,1,99,3,4,3,4,0,0,0,0,0,2,2,1,0,0,0,0,0,0,0,0,0,0,0,0,0,0,0,0
2580,1,100+,2,4,5,6,0,0,0,0,1,1,3,2,0,0,0,0,0,0,0,0,0,0,0,0,0,0,0,0
2580,2,80,331,308,345,349,0,0,0,0,10,10,9,12,3,2,2,2,3,2,2,3,0,0,0,0,0,0,0,0
2580,2,81,274,320,297,334,0,0,0,0,10,11,11,12,3,3,3,4,2,3,3,3,0,0,0,0,0,0,0,0
2580,2,82,303,265,308,284,0,0,0,0,13,10,13,11,3,3,3,1,3,2,2,3,0,0,0,0,0,0,0,0
2580,2,83,227,286,252,293,0,0,0,0,11,14,12,14,1,0,1,1,3,3,2,2,0,0,0,0,0,0,0,0
2580,2,84,229,214,270,239,0,0,0,0,13,11,15,13,1,1,1,2,2,3,2,2,0,0,0,0,0,0,0,0
2580,2,85,205,213,198,252,0,0,0,0,14,15,13,15,1,2,0,0,3,3,3,3,0,0,0,0,0,0,0,0
2580,2,86,182,189,197,183,0,0,0,0,15,14,14,14,1,1,1,1,3,3,3,2,0,0,0,0,0,0,0,0
2580,2,87,165,166,173,181,0,0,0,0,15,15,15,15,2,1,2,2,3,2,3,3,0,0,0,0,0,0,0,0
2580,2,88,134,148,150,158,0,0,0,0,14,16,15,15,2,1,1,2,2,2,2,2,0,0,0,0,0,0,0,0
2580,2,89,128,120,131,133,0,0,0,0,16,14,17,16,2,1,2,1,2,1,2,2,0,0,0,0,0,0,0,0
2580,2,90,101,112,106,115,0,0,0,0,16,16,14,16,1,1,1,1,1,1,1,1,0,0,0,0,0,0,0,0
2580,2,91,95,87,95,90,0,0,0,0,16,14,17,15,1,1,1,0,1,1,1,1,0,0,0,0,0,0,0,0
2580,2,92,82,79,73,80,0,0,0,0,15,16,15,16,2,1,2,2,1,1,1,1,0,0,0,0,0,0,0,0
2580,2,93,64,66,65,58,0,0,0,0,15,15,13,14,0,0,0,0,1,1,1,1,0,0,0,0,0,0,0,0
2580,2,94,37,50,51,50,0,0,0,0,11,13,14,14,0,0,0,0,1,1,1,1,0,0,0,0,0,0,0,0
2580,2,95,27,27,38,38,0,0,0,0,9,9,11,12,0,0,0,0,1,1,1,1,0,0,0,0,0,0,0,0
2580,2,96,24,20,20,29,0,0,0,0,9,7,7,9,0,0,0,0,0,0,0,0,0,0,0,0,0,0,0,0
2580,2,97,19,17,15,15,0,0,0,0,7,7,5,5,0,0,0,0,0,0,0,0,0,0,0,0,0,0,0,0
2580,2,98,11,13,11,10,0,0,0,0,6,6,6,5,0,0,0,0,0,0,0,0,0,0,0,0,0,0,0,0
2580,2,99,6,7,9,6,0,0,0,0,3,4,4,5,0,0,0,0,0,0,0,0,0,0,0,0,0,0,0,0
2580,2,100+,8,10,11,14,0,0,0,0,3,4,6,6,0,0,0,0,0,0,0,0,0,0,0,0,0,0,0,0
2582,1,80,102,130,126,172,0,0,0,0,5,6,6,8,3,2,2,2,2,2,2,3,0,0,0,0,0,0,0,0
2582,1,81,94,99,124,121,0,0,0,0,5,5,7,6,1,3,2,2,1,1,1,1,0,0,0,0,0,0,0,0
2582,1,82,84,89,93,117,0,0,0,0,5,5,7,7,1,1,2,1,0,1,1,1,0,0,0,0,0,0,0,0
2582,1,83,70,79,82,87,0,0,0,0,5,5,6,6,0,0,0,1,1,0,1,1,0,0,0,0,0,0,0,0
2582,1,84,58,65,72,75,0,0,0,0,5,5,6,6,0,0,0,0,0,0,1,1,0,0,0,0,0,0,0,0
2582,1,85,59,52,58,64,0,0,0,0,6,5,5,6,0,0,0,0,2,1,2,2,0,0,0,0,0,0,0,0
2582,1,86,51,53,47,52,0,0,0,0,6,6,5,6,0,0,0,0,0,0,0,0,0,0,0,0,0,0,0,0
2582,1,87,44,45,47,42,0,0,0,0,6,6,6,5,0,0,0,0,0,0,0,0,0,0,0,0,0,0,0,0
2582,1,88,41,38,39,41,0,0,0,0,6,6,6,6,0,0,0,0,0,0,0,0,0,0,0,0,0,0,0,0
2582,1,89,29,35,33,33,0,0,0,0,6,6,5,6,0,0,0,0,0,0,0,0,0,0,0,0,0,0,0,0
2582,1,90,23,24,29,28,0,0,0,0,5,5,6,5,0,0,0,0,0,0,0,0,0,0,0,0,0,0,0,0
2582,1,91,19,18,19,24,0,0,0,0,4,5,5,5,0,0,0,0,0,0,0,0,0,0,0,0,0,0,0,0
2582,1,92,15,15,14,15,0,0,0,0,5,4,4,4,0,0,0,0,0,0,0,0,0,0,0,0,0,0,0,0
2582,1,93,10,12,11,11,0,0,0,0,3,3,4,3,0,0,0,0,0,0,0,0,0,0,0,0,0,0,0,0
2582,1,94,10,8,9,8,0,0,0,0,4,2,3,3,0,0,0,0,0,0,0,0,0,0,0,0,0,0,0,0
2582,1,95,6,7,6,7,0,0,0,0,2,3,2,2,0,0,0,0,0,0,0,0,0,0,0,0,0,0,0,0
2582,1,96,2,3,5,4,0,0,0,0,1,3,2,2,0,0,0,0,0,0,0,0,0,0,0,0,0,0,0,0
2582,1,97,2,1,2,3,0,0,0,0,1,1,1,2,0,0,0,0,0,0,0,0,0,0,0,0,0,0,0,0
2582,1,98,0,1,1,2,0,0,0,0,0,1,0,0,0,0,0,0,0,0,0,0,0,0,0,0,0,0,0,0
2582,1,99,1,0,0,0,0,0,0,0,1,0,1,1,0,0,0,0,0,0,0,0,0,0,0,0,0,0,0,0
2582,1,100+,1,1,0,0,0,0,0,0,1,1,1,0,0,0,0,0,0,0,0,0,0,0,0,0,0,0,0,0
2582,2,80,106,115,143,149,0,0,0,0,3,4,4,5,1,0,1,1,1,1,1,1,0,0,0,0,0,0,0,0
2582,2,81,117,104,112,139,0,0,0,0,4,4,4,5,2,2,2,2,1,0,1,1,0,0,0,0,0,0,0,0
2582,2,82,115,111,100,108,0,0,0,0,5,5,4,5,1,0,1,2,1,1,1,1,0,0,0,0,0,0,0,0
2582,2,83,93,110,106,96,0,0,0,0,5,5,5,4,1,1,1,1,0,1,1,1,0,0,0,0,0,0,0,0
2582,2,84,113,89,103,100,0,0,0,0,7,5,6,5,1,1,1,1,2,0,2,2,0,0,0,0,0,0,0,0
2582,2,85,74,104,84,96,0,0,0,0,5,8,5,7,0,0,0,0,0,1,0,0,0,0,0,0,0,0,0,0
2582,2,86,94,69,96,77,0,0,0,0,8,5,8,6,0,0,0,0,0,0,0,1,0,0,0,0,0,0,0,0
2582,2,87,60,85,63,88,0,0,0,0,6,9,6,8,0,0,0,0,0,0,0,0,0,0,0,0,0,0,0,0
2582,2,88,60,54,76,56,0,0,0,0,6,6,9,7,0,0,0,0,0,0,0,0,0,0,0,0,0,0,0,0
2582,2,89,59,54,48,68,0,0,0,0,7,6,6,8,0,0,0,0,0,0,0,0,0,0,0,0,0,0,0,0
2582,2,90,45,51,47,42,0,0,0,0,6,8,7,6,0,0,0,0,0,0,0,0,0,0,0,0,0,0,0,0
2582,2,91,41,39,44,40,0,0,0,0,8,6,7,7,0,0,0,0,0,0,0,0,0,0,0,0,0,0,0,0
2582,2,92,40,34,33,37,0,0,0,0,8,7,6,7,0,0,0,0,0,0,0,0,0,0,0,0,0,0,0,0
2582,2,93,35,32,28,27,0,0,0,0,8,8,6,6,0,0,0,0,0,0,0,0,0,0,0,0,0,0,0,0
2582,2,94,15,28,26,21,0,0,0,0,3,7,6,7,0,0,0,0,0,0,0,0,0,0,0,0,0,0,0,0
2582,2,95,11,12,21,20,0,0,0,0,4,3,7,6,0,0,0,0,0,0,0,0,0,0,0,0,0,0,0,0
2582,2,96,13,8,9,16,0,0,0,0,5,3,3,5,0,0,0,0,0,0,0,0,0,0,0,0,0,0,0,0
2582,2,97,14,9,6,7,0,0,0,0,5,4,2,2,0,0,0,0,0,0,0,0,0,0,0,0,0,0,0,0
2582,2,98,3,10,6,4,0,0,0,0,2,4,3,2,0,0,0,0,0,0,0,0,0,0,0,0,0,0,0,0
2582,2,99,8,2,7,4,0,0,0,0,4,1,3,2,0,0,0,0,0,0,0,0,0,0,0,0,0,0,0,0
2582,2,100+,3,8,7,9,0,0,0,0,3,3,3,5,0,0,0,0,0,0,0,0,0,0,0,0,0,0,0,0
2581,1,80,153,182,196,198,0,0,0,0,8,8,9,10,1,2,2,3,0,1,1,1,0,0,0,0,0,0,0,0
2581,1,81,127,147,173,187,0,0,0,0,7,8,10,10,2,2,2,2,0,0,1,1,0,0,0,0,0,0,0,0
2581,1,82,123,121,139,163,0,0,0,0,10,8,9,11,2,2,2,2,0,0,1,1,0,0,0,0,0,0,0,0
2581,1,83,109,117,116,131,0,0,0,0,10,8,7,9,1,2,2,2,0,0,0,1,0,0,0,0,0,0,0,0
2581,1,84,82,100,109,109,0,0,0,0,8,10,10,9,1,1,2,2,0,0,0,0,0,0,0,0,0,0,0,0
2581,1,85,81,74,90,99,0,0,0,0,9,8,10,11,1,0,0,1,0,0,0,0,0,0,0,0,0,0,0,0
2581,1,86,69,72,66,80,0,0,0,0,9,9,8,9,0,0,0,0,0,0,0,1,0,0,0,0,0,0,0,0
2581,1,87,58,60,63,58,0,0,0,0,10,9,9,8,0,0,0,0,0,0,0,0,0,0,0,0,0,0,0,0
2581,1,88,49,51,52,54,0,0,0,0,8,7,8,9,0,0,0,0,0,0,0,0,0,0,0,0,0,0,0,0
2581,1,89,39,42,43,44,0,0,0,0,6,7,8,8,0,0,0,0,0,0,0,0,0,0,0,0,0,0,0,0
2581,1,90,35,32,34,36,0,0,0,0,8,7,8,7,0,0,0,0,0,0,0,0,0,0,0,0,0,0,0,0
2581,1,91,24,28,25,27,0,0,0,0,6,7,7,7,0,0,0,0,0,0,0,0,0,0,0,0,0,0,0,0
2581,1,92,15,19,21,20,0,0,0,0,4,5,6,5,0,0,0,0,0,0,1,0,0,0,0,0,0,0,0,0
2581,1,93,15,11,14,15,0,0,0,0,5,4,5,5,0,0,0,0,0,0,0,1,0,0,0,0,0,0,0,0
2581,1,94,9,11,8,9,0,0,0,0,3,4,3,5,0,0,0,0,0,0,0,0,0,0,0,0,0,0,0,0
2581,1,95,3,6,8,5,0,0,0,0,2,3,3,3,0,0,0,0,0,0,0,0,0,0,0,0,0,0,0,0
2581,1,96,7,2,3,5,0,0,0,0,3,1,3,3,0,0,0,0,0,0,0,0,0,0,0,0,0,0,0,0
2581,1,97,4,4,1,2,0,0,0,0,2,3,1,1,0,0,0,0,0,0,0,0,0,0,0,0,0,0,0,0
2581,1,98,3,3,1,0,0,0,0,0,2,1,3,1,0,0,0,0,0,0,0,0,0,0,0,0,0,0,0,0
2581,1,99,0,2,2,0,0,0,0,0,1,1,1,1,0,0,0,0,0,0,0,0,0,0,0,0,0,0,0,0
2581,1,100+,0,0,1,2,0,0,0,0,1,0,1,1,0,0,0,0,0,0,0,0,0,0,0,0,0,0,0,0
2581,2,80,166,177,214,254,0,0,0,0,6,6,7,9,2,1,3,3,2,3,3,2,0,0,0,0,0,0,0,0
2581,2,81,138,159,170,206,0,0,0,0,6,6,6,7,1,1,1,1,1,2,2,2,0,0,0,0,0,0,0,0
2581,2,82,148,133,152,162,0,0,0,0,8,6,7,8,1,1,1,1,1,0,1,1,0,0,0,0,0,0,0,0
2581,2,83,143,140,128,145,0,0,0,0,8,9,7,9,2,1,2,2,0,0,0,0,0,0,0,0,0,0,0,0
2581,2,84,117,136,133,122,0,0,0,0,8,9,9,8,2,2,2,2,0,0,0,0,0,0,0,0,0,0,0,0
2581,2,85,128,111,127,125,0,0,0,0,10,9,11,10,1,3,2,2,0,0,0,0,0,0,0,0,0,0,0,0
2581,2,86,120,118,103,118,0,0,0,0,12,11,9,10,1,1,1,1,0,0,0,0,0,0,0,0,0,0,0,0
2581,2,87,102,108,107,95,0,0,0,0,11,12,11,8,0,0,0,0,0,0,0,0,0,0,0,0,0,0,0,0
2581,2,88,89,93,99,97,0,0,0,0,11,10,10,10,0,1,1,0,0,0,0,0,0,0,0,0,0,0,0,0
2581,2,89,72,77,81,87,0,0,0,0,11,12,12,13,0,0,0,1,0,0,0,0,0,0,0,0,0,0,0,0
2581,2,90,60,62,67,70,0,0,0,0,11,10,10,11,0,0,0,0,0,0,0,0,0,0,0,0,0,0,0,0
2581,2,91,56,49,52,56,0,0,0,0,10,11,10,11,0,0,0,0,0,0,0,0,0,0,0,0,0,0,0,0
2581,2,92,39,45,39,42,0,0,0,0,9,11,10,10,0,0,0,0,0,0,0,0,0,0,0,0,0,0,0,0
2581,2,93,32,31,36,31,0,0,0,0,9,8,9,8,0,0,0,0,0,0,0,0,0,0,0,0,0,0,0,0
2581,2,94,22,25,24,28,0,0,0,0,7,7,7,8,0,0,0,0,0,0,0,0,0,0,0,0,0,0,0,0
2581,2,95,20,16,19,18,0,0,0,0,7,6,6,6,0,0,0,0,0,0,0,0,0,0,0,0,0,0,0,0
2581,2,96,12,14,12,14,0,0,0,0,4,6,4,5,0,0,0,0,0,0,0,0,0,0,0,0,0,0,0,0
2581,2,97,5,9,9,8,0,0,0,0,3,3,5,4,0,0,0,0,0,0,0,0,0,0,0,0,0,0,0,0
2581,2,98,4,3,5,5,0,0,0,0,3,2,4,4,0,0,0,0,0,0,0,0,0,0,0,0,0,0,0,0
2581,2,99,4,2,2,3,0,0,0,0,2,2,1,2,0,0,0,0,0,0,0,0,0,0,0,0,0,0,0,0
2581,2,100+,4,6,6,5,0,0,0,0,2,2,2,3,0,0,0,0,0,0,0,0,0,0,0,0,0,0,0,0
2560,1,80,23,35,45,50,0,0,0,0,1,2,2,2,0,0,0,2,0,0,0,1,0,0,0,0,0,0,0,0
2560,1,81,25,22,33,43,0,0,0,0,2,1,2,2,0,0,0,0,0,0,0,0,0,0,0,0,0,0,0,0
2560,1,82,25,23,21,31,0,0,0,0,1,2,1,2,0,0,0,0,0,0,0,0,0,0,0,0,0,0,0,0
2560,1,83,22,23,22,20,0,0,0,0,2,2,1,1,0,0,0,0,0,0,0,0,0,0,0,0,0,0,0,0
2560,1,84,19,20,21,20,0,0,0,0,2,2,2,2,0,0,0,0,0,0,0,0,0,0,0,0,0,0,0,0
2560,1,85,25,17,18,19,0,0,0,0,3,2,2,2,0,0,0,0,0,0,0,0,0,0,0,0,0,0,0,0
2560,1,86,19,22,15,16,0,0,0,0,3,3,2,2,0,0,0,0,0,0,0,0,0,0,0,0,0,0,0,0
2560,1,87,12,17,18,13,0,0,0,0,2,2,4,2,0,0,0,0,0,0,0,0,0,0,0,0,0,0,0,0
2560,1,88,14,10,15,16,0,0,0,0,3,2,2,2,0,0,0,0,0,0,0,0,0,0,0,0,0,0,0,0
2560,1,89,14,12,8,13,0,0,0,0,3,2,2,2,0,0,0,0,0,0,0,0,0,0,0,0,0,0,0,0
2560,1,90,17,11,10,7,0,0,0,0,4,3,2,1,0,0,0,0,0,0,0,0,0,0,0,0,0,0,0,0
2560,1,91,3,14,9,8,0,0,0,0,1,3,2,2,0,0,0,0,0,0,0,0,0,0,0,0,0,0,0,0
2560,1,92,4,2,11,7,0,0,0,0,1,1,3,2,0,0,0,0,0,0,0,0,0,0,0,0,0,0,0,0
2560,1,93,7,3,1,8,0,0,0,0,2,1,1,3,0,0,0,0,0,0,0,0,0,0,0,0,0,0,0,0
2560,1,94,4,5,2,1,0,0,0,0,2,2,1,0,0,0,0,0,0,0,0,0,0,0,0,0,0,0,0,0
2560,1,95,1,3,3,2,0,0,0,0,0,1,2,0,0,0,0,0,0,0,0,0,0,0,0,0,0,0,0,0
2560,1,96,1,1,2,2,0,0,0,0,1,0,1,1,0,0,0,0,0,0,0,0,0,0,0,0,0,0,0,0
2560,1,97,1,1,1,1,0,0,0,0,0,0,0,1,0,0,0,0,0,0,0,0,0,0,0,0,0,0,0,0
2560,1,98,1,0,1,1,0,0,0,0,0,1,0,0,0,0,0,0,0,0,0,0,0,0,0,0,0,0,0,0
2560,1,99,0,0,0,0,0,0,0,0,0,1,0,1,0,0,0,0,0,0,0,0,0,0,0,0,0,0,0,0
2560,1,100+,0,0,0,0,0,0,0,0,0,0,0,0,0,0,0,0,0,0,0,0,0,0,0,0,0,0,0,0
2560,2,80,26,40,44,39,0,0,0,0,1,1,2,1,0,0,0,1,0,0,0,0,0,0,0,0,0,0,0,0
2560,2,81,38,25,39,42,0,0,0,0,1,1,1,2,0,0,0,1,0,0,0,1,0,0,0,0,0,0,0,0
2560,2,82,45,36,24,37,0,0,0,0,2,2,1,2,0,0,0,0,1,0,0,0,0,0,0,0,0,0,0,0
2560,2,83,29,43,34,23,0,0,0,0,1,2,2,1,0,0,0,0,0,0,0,0,0,0,0,0,0,0,0,0
2560,2,84,33,27,40,32,0,0,0,0,2,2,3,2,0,0,0,0,0,0,0,0,0,0,0,0,0,0,0,0
2560,2,85,29,31,25,38,0,0,0,0,2,2,2,2,0,0,0,0,0,0,0,0,0,0,0,0,0,0,0,0
2560,2,86,26,27,29,23,0,0,0,0,2,2,2,2,0,0,0,0,0,0,0,0,0,0,0,0,0,0,0,0
2560,2,87,28,24,25,26,0,0,0,0,3,2,2,3,0,0,0,0,0,0,0,0,0,0,0,0,0,0,0,0
2560,2,88,16,25,21,22,0,0,0,0,2,3,3,3,0,0,0,0,0,0,0,0,0,0,0,0,0,0,0,0
2560,2,89,17,14,22,18,0,0,0,0,2,2,3,3,0,0,0,0,0,0,0,0,0,0,0,0,0,0,0,0
2560,2,90,15,14,12,19,0,0,0,0,3,3,2,3,0,0,0,0,0,0,0,0,0,0,0,0,0,0,0,0
2560,2,91,19,13,12,10,0,0,0,0,4,2,2,2,0,0,0,0,0,0,0,0,0,0,0,0,0,0,0,0
2560,2,92,17,16,11,10,0,0,0,0,3,3,2,2,0,0,0,0,0,0,0,0,0,0,0,0,0,0,0,0
2560,2,93,7,14,12,9,0,0,0,0,2,3,4,2,0,0,0,0,0,0,0,0,0,0,0,0,0,0,0,0
2560,2,94,8,4,11,10,0,0,0,0,2,3,3,2,0,0,0,0,0,0,0,0,0,0,0,0,0,0,0,0
2560,2,95,4,6,3,8,0,0,0,0,1,2,1,3,0,0,0,0,0,0,0,0,0,0,0,0,0,0,0,0
2560,2,96,2,3,4,2,0,0,0,0,1,1,2,1,0,0,0,0,0,0,0,0,0,0,0,0,0,0,0,0
2560,2,97,2,1,2,3,0,0,0,0,1,1,1,1,0,0,0,0,0,0,0,0,0,0,0,0,0,0,0,0
2560,2,98,1,1,1,1,0,0,0,0,0,1,0,1,0,0,0,0,0,0,0,0,0,0,0,0,0,0,0,0
2560,2,99,1,1,1,1,0,0,0,0,1,0,0,0,0,0,0,0,0,0,0,0,0,0,0,0,0,0,0,0
2560,2,100+,1,1,1,1,0,0,0,0,0,1,1,1,0,0,0,0,0,0,0,0,0,0,0,0,0,0,0,0
2514,1,80,84,73,115,88,0,0,0,0,5,4,8,5,0,0,0,0,1,0,1,0,0,0,0,0,0,0,0,0
2514,1,81,67,79,69,106,0,0,0,0,4,5,4,8,0,0,0,0,0,0,0,1,0,0,0,0,0,0,0,0
2514,1,82,74,63,74,65,0,0,0,0,5,4,5,4,0,0,0,0,0,0,0,0,0,0,0,0,0,0,0,0
2514,1,83,43,69,59,69,0,0,0,0,4,5,4,5,1,1,1,0,0,0,0,0,0,0,0,0,2,1,1,0
2514,1,84,45,39,63,53,0,0,0,0,5,3,6,5,0,1,1,1,0,0,0,1,0,0,0,0,0,2,1,1
2514,1,85,54,41,35,57,0,0,0,0,6,4,4,6,0,0,0,0,0,0,0,0,0,0,0,0,0,0,0,0
2514,1,86,40,48,36,31,0,0,0,0,5,6,5,4,0,0,0,0,0,0,0,0,0,0,0,0,0,0,0,0
2514,1,87,26,35,42,32,0,0,0,0,4,5,6,4,0,0,0,0,0,0,0,0,0,0,0,0,0,0,0,0
2514,1,88,36,21,30,35,0,0,0,0,6,5,5,7,0,0,0,0,0,0,0,0,0,0,0,0,0,0,0,0
2514,1,89,23,30,18,25,0,0,0,0,5,6,3,5,0,0,0,0,0,0,0,0,0,0,0,0,0,0,0,0
2514,1,90,19,19,25,15,0,0,0,0,4,4,5,3,0,0,0,0,0,0,0,0,0,0,0,0,0,0,0,0
2514,1,91,17,15,15,20,0,0,0,0,5,4,4,5,0,0,0,0,0,0,0,0,0,0,0,0,0,0,0,0
2514,1,92,6,13,12,12,0,0,0,0,3,4,3,3,0,0,0,0,0,0,0,0,0,0,0,0,0,0,0,0
2514,1,93,5,5,10,8,0,0,0,0,2,1,3,4,0,0,0,0,0,0,0,0,0,0,0,0,0,0,0,0
2514,1,94,7,3,4,7,0,0,0,0,3,2,1,3,0,0,0,0,0,0,0,0,0,0,0,0,0,0,0,0
2514,1,95,1,4,2,3,0,0,0,0,0,3,1,1,0,0,0,0,0,0,0,0,0,0,0,0,0,0,0,0
2514,1,96,1,1,3,1,0,0,0,0,1,0,1,1,0,0,0,0,0,0,0,0,0,0,0,0,0,0,0,0
2514,1,97,3,1,1,2,0,0,0,0,1,0,0,1,0,0,0,0,0,0,0,0,0,0,0,0,0,0,0,0
2514,1,98,2,2,0,1,0,0,0,0,1,1,1,0,0,0,0,0,0,0,0,0,0,0,0,0,0,0,0,0
2514,1,99,0,1,1,0,0,0,0,0,0,1,1,0,0,0,0,0,0,0,0,0,0,0,0,0,0,0,0,0
2514,1,100+,0,0,0,0,0,0,0,0,0,0,1,1,0,0,0,0,0,0,0,0,0,0,0,0,0,0,0,0
2514,2,80,86,72,82,91,0,0,0,0,4,3,4,3,1,0,0,0,1,0,1,2,0,0,0,0,0,0,0,0
2514,2,81,88,81,67,77,0,0,0,0,4,4,4,4,0,0,0,0,2,1,1,1,0,0,0,0,0,0,0,0
2514,2,82,67,83,77,63,0,0,0,0,3,4,3,4,2,0,0,0,1,1,1,0,0,0,0,0,0,0,0,0
2514,2,83,72,63,78,73,0,0,0,0,5,4,4,4,0,0,0,0,1,0,1,0,0,0,0,0,0,0,0,0
2514,2,84,67,66,60,75,0,0,0,0,5,6,4,4,2,0,1,2,0,0,0,1,0,0,0,0,0,0,0,0
2514,2,85,61,62,62,55,0,0,0,0,5,5,4,5,0,0,0,0,0,0,0,0,0,0,0,0,0,0,0,0
2514,2,86,55,56,58,57,0,0,0,0,4,5,4,5,0,0,0,0,0,0,0,0,0,0,0,0,0,0,0,0
2514,2,87,47,51,51,52,0,0,0,0,5,4,5,6,0,0,0,0,0,0,0,0,0,0,0,0,0,0,0,0
2514,2,88,45,42,45,46,0,0,0,0,5,5,6,5,0,0,0,0,0,0,0,0,0,0,0,0,0,0,0,0
2514,2,89,47,39,37,39,0,0,0,0,6,6,5,6,0,0,0,0,0,0,0,0,0,0,0,0,0,0,0,0
2514,2,90,25,41,33,32,0,0,0,0,5,6,6,5,0,0,0,0,0,0,0,0,0,0,0,0,0,0,0,0
2514,2,91,24,21,35,28,0,0,0,0,4,4,6,5,0,0,0,0,0,0,0,0,0,0,0,0,0,0,0,0
2514,2,92,24,20,18,29,0,0,0,0,6,4,3,6,0,0,0,0,0,0,0,0,0,0,0,0,0,0,0,0
2514,2,93,18,19,15,14,0,0,0,0,5,5,5,4,0,0,0,0,0,0,0,0,0,0,0,0,0,0,0,0
2514,2,94,10,14,12,12,0,0,0,0,3,4,7,3,0,0,0,0,0,0,0,0,0,0,0,0,0,0,0,0
2514,2,95,8,8,11,9,0,0,0,0,3,2,3,3,0,0,0,0,0,0,0,0,0,0,0,0,0,0,0,0
2514,2,96,6,6,6,8,0,0,0,0,2,2,2,3,0,0,0,0,0,0,0,0,0,0,0,0,0,0,0,0
2514,2,97,5,4,4,3,0,0,0,0,3,2,2,3,0,0,0,0,0,0,0,0,0,0,0,0,0,0,0,0
2514,2,98,4,3,3,3,0,0,0,0,1,2,1,1,0,0,0,0,0,0,0,0,0,0,0,0,0,0,0,0
2514,2,99,2,3,1,2,0,0,0,0,1,1,2,1,0,0,0,0,0,0,0,0,0,0,0,0,0,0,0,0
2514,2,100+,0,1,2,2,0,0,0,0,0,1,2,1,0,0,0,0,0,0,0,0,0,0,0,0,0,0,0,0
